time,freq,dur,vel,name,hand
1.666668,46.249303,0.104167,0.787402,F#1,left
1.666668,92.498606,0.104167,0.787402,F#2,left
1.666668,369.994423,0.104167,0.787402,F#4,right
1.666668,440.000000,0.104167,0.787402,A4,right
1.770835,46.249303,0.104167,0.787402,F#1,left
1.770835,92.498606,0.104167,0.787402,F#2,left
1.770835,369.994423,0.104167,0.787402,F#4,right
1.770835,440.000000,0.104167,0.787402,A4,right
1.875001,46.249303,0.104167,0.787402,F#1,left
1.875001,92.498606,0.104167,0.787402,F#2,left
1.875001,369.994423,0.104167,0.787402,F#4,right
1.875001,440.000000,0.104167,0.787402,A4,right
1.979168,46.249303,0.104167,0.787402,F#1,left
1.979168,92.498606,0.104167,0.787402,F#2,left
1.979168,369.994423,0.104167,0.787402,F#4,right
1.979168,440.000000,0.104167,0.787402,A4,right
2.083335,46.249303,0.104167,0.787402,F#1,left
2.083335,92.498606,0.104167,0.787402,F#2,left
2.083335,369.994423,0.104167,0.787402,F#4,right
2.083335,440.000000,0.104167,0.787402,A4,right
2.187502,46.249303,0.104167,0.787402,F#1,left
2.187502,92.498606,0.104167,0.787402,F#2,left
2.187502,369.994423,0.104167,0.787402,F#4,right
2.187502,440.000000,0.104167,0.787402,A4,right
2.291669,46.249303,0.104167,0.787402,F#1,left
2.291669,92.498606,0.104167,0.787402,F#2,left
2.291669,369.994423,0.104167,0.787402,F#4,right
2.291669,440.000000,0.104167,0.787402,A4,right
2.395835,46.249303,0.104167,0.787402,F#1,left
2.395835,92.498606,0.104167,0.787402,F#2,left
2.395835,369.994423,0.104167,0.787402,F#4,right
2.395835,440.000000,0.104167,0.787402,A4,right
2.500002,46.249303,0.104167,0.787402,F#1,left
2.500002,92.498606,0.104167,0.787402,F#2,left
2.500002,369.994423,0.104167,0.787402,F#4,right
2.500002,440.000000,0.104167,0.787402,A4,right
2.604169,46.249303,0.104167,0.787402,F#1,left
2.604169,92.498606,0.104167,0.787402,F#2,left
2.604169,369.994423,0.104167,0.787402,F#4,right
2.604169,440.000000,0.104167,0.787402,A4,right
2.708336,46.249303,0.104167,0.787402,F#1,left
2.708336,92.498606,0.104167,0.787402,F#2,left
2.708336,369.994423,0.104167,0.787402,F#4,right
2.708336,440.000000,0.104167,0.787402,A4,right
2.812502,46.249303,0.104167,0.787402,F#1,left
2.812502,92.498606,0.104167,0.787402,F#2,left
2.812502,369.994423,0.104167,0.787402,F#4,right
2.812502,440.000000,0.104167,0.787402,A4,right
2.916669,46.249303,0.104167,0.787402,F#1,left
2.916669,92.498606,0.104167,0.787402,F#2,left
2.916669,369.994423,0.104167,0.787402,F#4,right
2.916669,440.000000,0.104167,0.787402,A4,right
3.020836,46.249303,0.104167,0.787402,F#1,left
3.020836,92.498606,0.104167,0.787402,F#2,left
3.020836,369.994423,0.104167,0.787402,F#4,right
3.020836,440.000000,0.104167,0.787402,A4,right
3.125002,46.249303,0.104167,0.787402,F#1,left
3.125002,92.498606,0.104167,0.787402,F#2,left
3.125002,369.994423,0.104167,0.787402,F#4,right
3.125002,440.000000,0.104167,0.787402,A4,right
3.229169,46.249303,0.104167,0.787402,F#1,left
3.229169,92.498606,0.104167,0.787402,F#2,left
3.229169,369.994423,0.104167,0.787402,F#4,right
3.229169,440.000000,0.104167,0.787402,A4,right
3.333336,46.249303,0.104167,0.787402,F#1,left
3.333336,92.498606,0.104167,0.787402,F#2,left
3.333336,369.994423,0.104167,0.787402,F#4,right
3.333336,466.163762,0.104167,0.787402,A#4,right
3.437503,46.249303,0.104167,0.787402,F#1,left
3.437503,92.498606,0.104167,0.787402,F#2,left
3.437503,369.994423,0.104167,0.787402,F#4,right
3.437503,466.163762,0.104167,0.787402,A#4,right
3.541670,46.249303,0.104167,0.787402,F#1,left
3.541670,92.498606,0.104167,0.787402,F#2,left
3.541670,369.994423,0.104167,0.787402,F#4,right
3.541670,466.163762,0.104167,0.787402,A#4,right
3.645836,46.249303,0.104167,0.787402,F#1,left
3.645836,92.498606,0.104167,0.787402,F#2,left
3.645836,369.994423,0.104167,0.787402,F#4,right
3.645836,466.163762,0.104167,0.787402,A#4,right
3.750003,46.249303,0.104167,0.787402,F#1,left
3.750003,92.498606,0.104167,0.787402,F#2,left
3.750003,369.994423,0.104167,0.787402,F#4,right
3.750003,466.163762,0.104167,0.787402,A#4,right
3.854170,46.249303,0.104167,0.787402,F#1,left
3.854170,92.498606,0.104167,0.787402,F#2,left
3.854170,369.994423,0.104167,0.787402,F#4,right
3.854170,466.163762,0.104167,0.787402,A#4,right
3.958337,46.249303,0.104167,0.787402,F#1,left
3.958337,92.498606,0.104167,0.787402,F#2,left
3.958337,369.994423,0.104167,0.787402,F#4,right
3.958337,466.163762,0.104167,0.787402,A#4,right
4.062503,46.249303,0.104167,0.787402,F#1,left
4.062503,92.498606,0.104167,0.787402,F#2,left
4.062503,369.994423,0.104167,0.787402,F#4,right
4.062503,466.163762,0.104167,0.787402,A#4,right
4.479170,2959.955382,0.104167,0.787402,F#7,right
4.583337,2959.955382,0.104167,0.787402,F#7,right
4.791671,2959.955382,0.104167,0.787402,F#7,right
5.000004,61.735413,0.208334,0.787402,B1,left
5.000004,369.994423,0.208334,0.629921,F#4,right
5.000004,554.365262,0.208334,0.787402,C#5,right
5.208337,123.470825,0.208334,0.787402,B2,left
5.416671,61.735413,0.208334,0.787402,B1,left
5.416671,369.994423,0.416667,0.629921,F#4,right
5.416671,554.365262,0.416667,0.787402,C#5,right
5.625005,123.470825,0.208334,0.787402,B2,left
5.833338,61.735413,0.208334,0.787402,B1,left
5.833338,277.182631,0.104167,0.787402,C#4,right
5.833338,369.994423,0.104167,0.629921,F#4,right
6.041672,73.416192,0.104167,0.787402,D2,left
6.041672,277.182631,0.104167,0.787402,C#4,right
6.041672,369.994423,0.104167,0.629921,F#4,right
6.145838,73.416192,0.104167,0.787402,D2,left
6.145838,277.182631,0.104167,0.787402,C#4,right
6.145838,369.994423,0.104167,0.629921,F#4,right
6.250005,69.295658,0.208334,0.787402,C#2,left
6.250005,277.182631,0.208334,0.787402,C#4,right
6.250005,369.994423,0.208334,0.629921,F#4,right
6.458338,55.000000,0.208334,0.787402,A1,left
6.458338,246.941651,0.208334,0.787402,B3,left
6.458338,369.994423,0.208334,0.629921,F#4,right
6.666672,46.249303,0.208334,0.787402,F#1,left
6.666672,277.182631,0.208334,0.787402,C#4,right
6.666672,369.994423,0.208334,0.629921,F#4,right
6.875006,92.498606,0.208334,0.787402,F#2,left
6.875006,246.941651,0.208334,0.787402,B3,left
6.875006,329.627557,0.208334,0.629921,E4,right
7.083339,46.249303,0.208334,0.787402,F#1,left
7.083339,277.182631,0.104167,0.787402,C#4,right
7.083339,369.994423,0.104167,0.629921,F#4,right
7.291672,46.249303,0.104167,0.787402,F#1,left
7.291672,92.498606,0.104167,0.787402,F#2,left
7.291672,277.182631,0.104167,0.629921,C#4,right
7.291672,440.000000,0.104167,0.787402,A4,right
7.500006,46.249303,0.208334,0.787402,F#1,left
7.500006,92.498606,0.208334,0.787402,F#2,left
7.500006,277.182631,0.208334,0.629921,C#4,right
7.500006,440.000000,0.208334,0.787402,A4,right
7.708340,92.498606,0.104167,0.787402,F#2,left
7.812506,92.498606,0.104167,0.787402,F#2,left
7.916673,69.295658,0.208334,0.787402,C#2,left
7.916673,369.994423,0.416667,0.629921,F#4,right
7.916673,493.883301,0.416667,0.787402,B4,right
8.125006,46.249303,0.208334,0.787402,F#1,left
8.333340,48.999429,0.208334,0.787402,G1,left
8.333340,220.000000,0.208334,0.629921,A3,left
8.333340,293.664768,0.208334,0.787402,D4,right
8.541673,97.998859,0.208334,0.787402,G2,left
8.541673,220.000000,0.104167,0.629921,A3,left
8.541673,440.000000,0.104167,0.787402,A4,right
8.645840,293.664768,0.104167,0.629921,D4,right
8.645840,440.000000,0.104167,0.787402,A4,right
8.750007,48.999429,0.208334,0.787402,G1,left
8.750007,293.664768,0.208334,0.629921,D4,right
8.750007,440.000000,0.208334,0.787402,A4,right
8.958341,97.998859,0.208334,0.787402,G2,left
8.958341,293.664768,0.104167,0.629921,D4,right
8.958341,440.000000,0.104167,0.787402,A4,right
9.166674,48.999429,0.208334,0.787402,G1,left
9.166674,293.664768,0.208334,0.629921,D4,right
9.166674,440.000000,0.208334,0.787402,A4,right
9.375008,48.999429,0.104167,0.787402,G1,left
9.375008,369.994423,0.208334,0.629921,F#4,right
9.375008,493.883301,0.208334,0.787402,B4,right
9.479174,48.999429,0.104167,0.787402,G1,left
9.583341,97.998859,0.208334,0.787402,G2,left
9.583341,293.664768,0.208334,0.629921,D4,right
9.583341,440.000000,0.208334,0.787402,A4,right
9.791675,48.999429,0.104167,0.787402,G1,left
9.791675,293.664768,0.104167,0.629921,D4,right
9.791675,440.000000,0.104167,0.787402,A4,right
9.895841,48.999429,0.104167,0.787402,G1,left
9.895841,293.664768,0.104167,0.787402,D4,right
9.895841,329.627557,0.104167,0.629921,E4,right
10.000008,55.000000,0.208334,0.787402,A1,left
10.000008,110.000000,0.208334,0.787402,A2,left
10.000008,277.182631,0.208334,0.787402,C#4,right
10.000008,329.627557,0.208334,0.629921,E4,right
10.208341,55.000000,0.104167,0.787402,A1,left
10.208341,329.627557,0.208334,0.629921,E4,right
10.208341,440.000000,0.208334,0.787402,A4,right
10.312508,55.000000,0.104167,0.787402,A1,left
10.416675,55.000000,0.208334,0.787402,A1,left
10.416675,110.000000,0.208334,0.787402,A2,left
10.416675,329.627557,0.208334,0.629921,E4,right
10.416675,440.000000,0.208334,0.787402,A4,right
10.625008,55.000000,0.104167,0.787402,A1,left
10.625008,277.182631,0.104167,0.787402,C#4,right
10.625008,329.627557,0.104167,0.629921,E4,right
10.729175,55.000000,0.104167,0.787402,A1,left
10.729175,277.182631,0.104167,0.787402,C#4,right
10.729175,329.627557,0.104167,0.629921,E4,right
10.833342,58.270470,0.208334,0.787402,A#1,left
10.833342,116.540940,0.208334,0.787402,A#2,left
10.833342,277.182631,0.104167,0.787402,C#4,right
10.833342,369.994423,0.104167,0.629921,F#4,right
11.041676,58.270470,0.104167,0.787402,A#1,left
11.041676,369.994423,0.208334,0.629921,F#4,right
11.041676,440.000000,0.208334,0.787402,A4,right
11.145842,58.270470,0.104167,0.787402,A#1,left
11.250009,58.270470,0.208334,0.787402,A#1,left
11.250009,116.540940,0.208334,0.787402,A#2,left
11.250009,277.182631,0.104167,0.629921,C#4,right
11.250009,369.994423,0.104167,0.787402,F#4,right
11.458343,58.270470,0.104167,0.787402,A#1,left
11.458343,277.182631,0.208334,0.629921,C#4,right
11.458343,369.994423,0.208334,0.787402,F#4,right
11.562509,58.270470,0.104167,0.787402,A#1,left
11.666676,61.735413,0.208334,0.787402,B1,left
11.666676,369.994423,0.208334,0.629921,F#4,right
11.666676,554.365262,0.208334,0.787402,C#5,right
11.875010,123.470825,0.208334,0.787402,B2,left
12.083343,61.735413,0.208334,0.787402,B1,left
12.083343,369.994423,0.416667,0.629921,F#4,right
12.083343,554.365262,0.416667,0.787402,C#5,right
12.291676,123.470825,0.208334,0.787402,B2,left
12.500010,61.735413,0.208334,0.787402,B1,left
12.500010,277.182631,0.312500,0.787402,C#4,right
12.500010,440.000000,0.312500,0.629921,A4,right
12.708343,73.416192,0.104167,0.787402,D2,left
12.812510,73.416192,0.104167,0.787402,D2,left
12.812510,277.182631,0.104167,0.787402,C#4,right
12.812510,440.000000,0.104167,0.629921,A4,right
12.916677,69.295658,0.208334,0.787402,C#2,left
12.916677,277.182631,0.208334,0.787402,C#4,right
12.916677,440.000000,0.208334,0.629921,A4,right
13.125011,55.000000,0.208334,0.787402,A1,left
13.125011,246.941651,0.208334,0.787402,B3,left
13.125011,369.994423,0.208334,0.629921,F#4,right
0.000000,46.249303,0.208334,0.787402,F#1,left
0.000000,277.182631,0.208334,0.787402,C#4,right
0.000000,369.994423,0.208334,0.629921,F#4,right
0.208334,92.498606,0.208334,0.787402,F#2,left
0.208334,246.941651,0.104167,0.787402,B3,left
0.208334,369.994423,0.104167,0.629921,F#4,right
0.416667,46.249303,0.208334,0.787402,F#1,left
0.416667,246.941651,0.104167,0.787402,B3,left
0.416667,329.627557,0.104167,0.629921,E4,right
0.625001,46.249303,0.104167,0.787402,F#1,left
0.625001,92.498606,0.104167,0.787402,F#2,left
0.625001,369.994423,0.104167,0.629921,F#4,right
0.625001,587.329536,0.104167,0.787402,D5,right
0.833334,46.249303,0.208334,0.787402,F#1,left
0.833334,92.498606,0.208334,0.787402,F#2,left
0.833334,277.182631,0.208334,0.629921,C#4,right
0.833334,440.000000,0.208334,0.787402,A4,right
1.041668,92.498606,0.104167,0.787402,F#2,left
1.145834,92.498606,0.104167,0.787402,F#2,left
1.250001,69.295658,0.208334,0.787402,C#2,left
1.250001,369.994423,0.416667,0.629921,F#4,right
1.250001,440.000000,0.416667,0.787402,A4,right
1.458334,46.249303,0.208334,0.787402,F#1,left
1.666668,48.999429,0.208334,0.787402,G1,left
1.666668,220.000000,0.208334,0.629921,A3,left
1.666668,293.664768,0.208334,0.787402,D4,right
1.875001,97.998859,0.208334,0.787402,G2,left
1.875001,220.000000,0.104167,0.629921,A3,left
1.875001,293.664768,0.104167,0.787402,D4,right
1.979168,293.664768,0.104167,0.629921,D4,right
1.979168,440.000000,0.104167,0.787402,A4,right
2.083335,48.999429,0.208334,0.787402,G1,left
2.083335,293.664768,0.104167,0.629921,D4,right
2.083335,440.000000,0.104167,0.787402,A4,right
2.291669,97.998859,0.208334,0.787402,G2,left
2.291669,293.664768,0.208334,0.629921,D4,right
2.291669,440.000000,0.208334,0.787402,A4,right
2.500002,48.999429,0.208334,0.787402,G1,left
2.500002,293.664768,0.104167,0.629921,D4,right
2.500002,440.000000,0.104167,0.787402,A4,right
2.708336,48.999429,0.104167,0.787402,G1,left
2.708336,369.994423,0.208334,0.629921,F#4,right
2.708336,493.883301,0.208334,0.787402,B4,right
2.812502,48.999429,0.104167,0.787402,G1,left
2.916669,97.998859,0.208334,0.787402,G2,left
2.916669,293.664768,0.104167,0.629921,D4,right
2.916669,440.000000,0.104167,0.787402,A4,right
3.125003,48.999429,0.104167,0.787402,G1,left
3.125003,293.664768,0.104167,0.629921,D4,right
3.125003,440.000000,0.104167,0.787402,A4,right
3.229169,48.999429,0.104167,0.787402,G1,left
3.229169,277.182631,0.104167,0.787402,C#4,right
3.229169,329.627557,0.104167,0.629921,E4,right
3.333336,55.000000,0.208334,0.787402,A1,left
3.333336,110.000000,0.208334,0.787402,A2,left
3.333336,277.182631,0.208334,0.787402,C#4,right
3.333336,329.627557,0.208334,0.629921,E4,right
3.541670,55.000000,0.104167,0.787402,A1,left
3.541670,329.627557,0.208334,0.629921,E4,right
3.541670,440.000000,0.208334,0.787402,A4,right
3.645836,55.000000,0.104167,0.787402,A1,left
3.750003,55.000000,0.208334,0.787402,A1,left
3.750003,110.000000,0.208334,0.787402,A2,left
3.750003,329.627557,0.208334,0.629921,E4,right
3.750003,440.000000,0.208334,0.787402,A4,right
3.958337,55.000000,0.104167,0.787402,A1,left
3.958337,277.182631,0.104167,0.787402,C#4,right
3.958337,329.627557,0.104167,0.629921,E4,right
4.062503,55.000000,0.104167,0.787402,A1,left
4.062503,277.182631,0.104167,0.787402,C#4,right
4.062503,329.627557,0.104167,0.629921,E4,right
4.166670,58.270470,0.208334,0.787402,A#1,left
4.166670,116.540940,0.208334,0.787402,A#2,left
4.166670,277.182631,0.104167,0.787402,C#4,right
4.166670,329.627557,0.104167,0.629921,E4,right
4.375004,58.270470,0.104167,0.787402,A#1,left
4.375004,440.000000,0.104167,0.787402,A4,right
4.375004,554.365262,0.104167,0.629921,C#5,right
4.479170,58.270470,0.104167,0.787402,A#1,left
4.583337,58.270470,0.208334,0.787402,A#1,left
4.583337,116.540940,0.208334,0.787402,A#2,left
4.583337,440.000000,0.416667,0.787402,A4,right
4.583337,554.365262,0.416667,0.629921,C#5,right
4.791670,58.270470,0.104167,0.787402,A#1,left
4.895837,58.270470,0.104167,0.787402,A#1,left
5.000004,61.735413,0.208334,0.708661,B1,left
5.000004,246.941651,0.416667,0.787402,B3,left
5.000004,493.883301,0.416667,0.629921,B4,right
5.208337,123.470825,0.208334,0.708661,B2,left
5.208337,554.365262,0.104167,0.708661,C#5,right
5.208337,739.988845,0.104167,0.708661,F#5,right
5.416671,61.735413,0.208334,0.708661,B1,left
5.416671,554.365262,0.208334,0.708661,C#5,right
5.416671,739.988845,0.208334,0.708661,F#5,right
5.625004,123.470825,0.208334,0.708661,B2,left
5.625004,493.883301,0.208334,0.708661,B4,right
5.625004,659.255114,0.208334,0.708661,E5,right
5.833338,61.735413,0.208334,0.708661,B1,left
5.833338,554.365262,0.208334,0.708661,C#5,right
5.833338,739.988845,0.208334,0.708661,F#5,right
6.041671,123.470825,0.208334,0.708661,B2,left
6.041671,739.988845,0.104167,0.708661,F#5,right
6.041671,987.766603,0.104167,0.708661,B5,right
6.250005,61.735413,0.208334,0.708661,B1,left
6.250005,554.365262,0.208334,0.708661,C#5,right
6.250005,739.988845,0.208334,0.708661,F#5,right
6.458338,61.735413,0.208334,0.708661,B1,left
6.458338,123.470825,0.208334,0.708661,B2,left
6.458338,493.883301,0.208334,0.708661,B4,right
6.458338,659.255114,0.208334,0.708661,E5,right
6.666672,61.735413,0.208334,0.708661,B1,left
6.875006,123.470825,0.208334,0.708661,B2,left
6.875006,554.365262,0.104167,0.708661,C#5,right
6.875006,739.988845,0.104167,0.708661,F#5,right
7.083339,61.735413,0.208334,0.708661,B1,left
7.083339,554.365262,0.208334,0.708661,C#5,right
7.083339,739.988845,0.208334,0.708661,F#5,right
7.291673,123.470825,0.208334,0.708661,B2,left
7.291673,493.883301,0.208334,0.708661,B4,right
7.291673,659.255114,0.208334,0.708661,E5,right
7.500006,61.735413,0.208334,0.708661,B1,left
7.500006,554.365262,0.208334,0.708661,C#5,right
7.500006,739.988845,0.208334,0.708661,F#5,right
7.708340,123.470825,0.208334,0.708661,B2,left
7.708340,739.988845,0.104167,0.708661,F#5,right
7.708340,987.766603,0.104167,0.708661,B5,right
7.916673,61.735413,0.208334,0.708661,B1,left
7.916673,554.365262,0.208334,0.708661,C#5,right
7.916673,739.988845,0.208334,0.708661,F#5,right
8.125007,61.735413,0.208334,0.708661,B1,left
8.125007,123.470825,0.208334,0.708661,B2,left
8.125007,493.883301,0.208334,0.708661,B4,right
8.125007,659.255114,0.208334,0.708661,E5,right
8.333340,46.249303,0.208334,0.708661,F#1,left
8.333340,369.994423,0.208334,0.708661,F#4,right
8.333340,554.365262,0.208334,0.708661,C#5,right
8.541674,92.498606,0.208334,0.708661,F#2,left
8.541674,440.000000,0.208334,0.708661,A4,right
8.750007,46.249303,0.208334,0.708661,F#1,left
8.750007,493.883301,0.208334,0.708661,B4,right
8.958340,92.498606,0.208334,0.708661,F#2,left
8.958340,554.365262,0.208334,0.708661,C#5,right
9.166674,46.249303,0.208334,0.708661,F#1,left
9.166674,587.329536,0.208334,0.708661,D5,right
9.375007,92.498606,0.208334,0.708661,F#2,left
9.375007,739.988845,0.104167,0.708661,F#5,right
9.479174,587.329536,0.104167,0.708661,D5,right
9.583341,46.249303,0.208334,0.708661,F#1,left
9.583341,554.365262,0.208334,0.708661,C#5,right
9.791674,46.249303,0.208334,0.708661,F#1,left
9.791674,92.498606,0.208334,0.708661,F#2,left
9.791674,587.329536,0.208334,0.708661,D5,right
10.000008,46.249303,0.208334,0.708661,F#1,left
10.000008,739.988845,0.208334,0.708661,F#5,right
10.208341,92.498606,0.208334,0.708661,F#2,left
10.208341,987.766603,0.104167,0.708661,B5,right
10.416675,46.249303,0.208334,0.708661,F#1,left
10.416675,1174.659072,0.208334,0.708661,D6,right
10.625008,92.498606,0.208334,0.708661,F#2,left
10.625008,1479.977691,0.208334,0.708661,F#6,right
10.833342,46.249303,0.208334,0.708661,F#1,left
10.833342,739.988845,0.208334,0.708661,F#5,right
11.041676,92.498606,0.208334,0.708661,F#2,left
11.041676,1108.730524,0.104167,0.708661,C#6,right
11.250009,46.249303,0.208334,0.708661,F#1,left
11.250009,1108.730524,0.208334,0.708661,C#6,right
11.458343,46.249303,0.208334,0.708661,F#1,left
11.458343,92.498606,0.208334,0.708661,F#2,left
11.666676,61.735413,0.208334,0.708661,B1,left
11.875010,123.470825,0.208334,0.708661,B2,left
11.875010,554.365262,0.104167,0.708661,C#5,right
11.875010,739.988845,0.104167,0.708661,F#5,right
12.083343,61.735413,0.208334,0.708661,B1,left
12.083343,554.365262,0.208334,0.708661,C#5,right
12.083343,739.988845,0.208334,0.708661,F#5,right
12.291677,123.470825,0.208334,0.708661,B2,left
12.291677,493.883301,0.208334,0.708661,B4,right
12.291677,659.255114,0.208334,0.708661,E5,right
12.500010,61.735413,0.208334,0.708661,B1,left
12.500010,554.365262,0.208334,0.708661,C#5,right
12.500010,739.988845,0.208334,0.708661,F#5,right
12.708344,123.470825,0.208334,0.708661,B2,left
12.708344,739.988845,0.104167,0.708661,F#5,right
12.708344,987.766603,0.104167,0.708661,B5,right
12.916677,61.735413,0.208334,0.708661,B1,left
12.916677,554.365262,0.208334,0.708661,C#5,right
12.916677,739.988845,0.208334,0.708661,F#5,right
13.125011,61.735413,0.208334,0.708661,B1,left
13.125011,123.470825,0.208334,0.708661,B2,left
13.125011,493.883301,0.208334,0.708661,B4,right
13.125011,659.255114,0.208334,0.708661,E5,right
0.000000,61.735413,0.208334,0.708661,B1,left
0.208333,123.470825,0.208334,0.708661,B2,left
0.208333,554.365262,0.104167,0.708661,C#5,right
0.208333,739.988845,0.104167,0.708661,F#5,right
0.416667,61.735413,0.208334,0.708661,B1,left
0.416667,554.365262,0.208334,0.708661,C#5,right
0.416667,739.988845,0.208334,0.708661,F#5,right
0.625000,123.470825,0.208334,0.708661,B2,left
0.625000,493.883301,0.208334,0.708661,B4,right
0.625000,659.255114,0.208334,0.708661,E5,right
0.833334,61.735413,0.208334,0.708661,B1,left
0.833334,554.365262,0.208334,0.708661,C#5,right
0.833334,739.988845,0.208334,0.708661,F#5,right
1.041667,123.470825,0.208334,0.708661,B2,left
1.041667,739.988845,0.104167,0.708661,F#5,right
1.041667,987.766603,0.104167,0.708661,B5,right
1.250001,61.735413,0.208334,0.708661,B1,left
1.250001,554.365262,0.208334,0.708661,C#5,right
1.250001,739.988845,0.208334,0.708661,F#5,right
1.458334,61.735413,0.208334,0.708661,B1,left
1.458334,123.470825,0.208334,0.708661,B2,left
1.458334,493.883301,0.208334,0.708661,B4,right
1.458334,659.255114,0.208334,0.708661,E5,right
1.666668,46.249303,0.208334,0.708661,F#1,left
1.666668,369.994423,0.208334,0.708661,F#4,right
1.666668,554.365262,0.208334,0.708661,C#5,right
1.875001,92.498606,0.208334,0.708661,F#2,left
1.875001,440.000000,0.208334,0.708661,A4,right
2.083335,46.249303,0.208334,0.708661,F#1,left
2.083335,493.883301,0.208334,0.708661,B4,right
2.291669,92.498606,0.208334,0.708661,F#2,left
2.291669,554.365262,0.208334,0.708661,C#5,right
2.500002,46.249303,0.208334,0.708661,F#1,left
2.500002,587.329536,0.208334,0.708661,D5,right
2.708336,92.498606,0.208334,0.708661,F#2,left
2.708336,739.988845,0.104167,0.708661,F#5,right
2.812502,587.329536,0.104167,0.708661,D5,right
2.916669,46.249303,0.208334,0.708661,F#1,left
2.916669,554.365262,0.208334,0.708661,C#5,right
3.125003,46.249303,0.208334,0.708661,F#1,left
3.125003,92.498606,0.208334,0.708661,F#2,left
3.125003,587.329536,0.208334,0.708661,D5,right
3.333336,46.249303,0.208334,0.708661,F#1,left
3.333336,739.988845,0.208334,0.708661,F#5,right
3.541670,92.498606,0.208334,0.708661,F#2,left
3.541670,987.766603,0.104167,0.708661,B5,right
3.750003,46.249303,0.208334,0.708661,F#1,left
3.750003,1174.659072,0.208334,0.708661,D6,right
3.958337,92.498606,0.208334,0.708661,F#2,left
3.958337,1479.977691,0.104167,0.708661,F#6,right
4.166670,46.249303,0.208334,0.708661,F#1,left
4.166670,1479.977691,0.208334,0.708661,F#6,right
4.375004,46.249303,0.208334,0.708661,F#1,left
4.375004,92.498606,0.208334,0.708661,F#2,left
4.375004,1108.730524,0.104167,0.708661,C#6,right
4.583337,46.249303,0.416667,0.708661,F#1,left
4.583337,92.498606,0.416667,0.708661,F#2,left
4.583337,932.327523,0.208334,0.708661,A#5,right
5.000004,30.867706,0.208334,0.787402,B0,left
5.208337,30.867706,0.104167,0.787402,B0,left
5.208337,554.365262,0.104167,0.787402,C#5,right
5.312504,69.295658,0.208334,0.787402,C#2,left
5.416671,554.365262,0.208334,0.787402,C#5,right
5.520838,69.295658,0.104167,0.787402,C#2,left
5.625005,61.735413,0.104167,0.787402,B1,left
5.625005,493.883301,0.208334,0.787402,B4,right
5.833338,69.295658,0.208334,0.787402,C#2,left
5.833338,554.365262,0.208334,0.787402,C#5,right
6.041671,69.295658,0.104167,0.787402,C#2,left
6.041671,554.365262,0.208334,0.787402,C#5,right
6.145838,69.295658,0.104167,0.787402,C#2,left
6.250005,61.735413,0.208334,0.787402,B1,left
6.250005,739.988845,0.208334,0.787402,F#5,right
6.458339,46.249303,0.208334,0.787402,F#1,left
6.458339,554.365262,0.208334,0.787402,C#5,right
6.666672,61.735413,0.208334,0.787402,B1,left
6.875006,69.295658,0.104167,0.787402,C#2,left
6.875006,554.365262,0.208334,0.787402,C#5,right
6.979172,69.295658,0.104167,0.787402,C#2,left
7.083339,69.295658,0.208334,0.787402,C#2,left
7.291672,61.735413,0.208334,0.787402,B1,left
7.291672,493.883301,0.208334,0.787402,B4,right
7.500006,61.735413,0.104167,0.787402,B1,left
7.500006,493.883301,0.208334,0.787402,B4,right
7.604173,69.295658,0.104167,0.787402,C#2,left
7.708340,69.295658,0.104167,0.787402,C#2,left
7.708340,554.365262,0.104167,0.787402,C#5,right
7.812506,69.295658,0.104167,0.787402,C#2,left
7.812506,554.365262,0.104167,0.787402,C#5,right
7.916673,61.735413,0.208334,0.787402,B1,left
7.916673,554.365262,0.104167,0.787402,C#5,right
8.125006,46.249303,0.208334,0.787402,F#1,left
8.125006,554.365262,0.104167,0.787402,C#5,right
8.333340,30.867706,0.208334,0.787402,B0,left
8.541674,69.295658,0.104167,0.787402,C#2,left
8.541674,554.365262,0.104167,0.787402,C#5,right
8.750007,69.295658,0.208334,0.787402,C#2,left
8.750007,554.365262,0.208334,0.787402,C#5,right
8.958340,61.735413,0.104167,0.787402,B1,left
8.958340,493.883301,0.104167,0.787402,B4,right
9.062507,493.883301,0.104167,0.787402,B4,right
9.166674,61.735413,0.208334,0.787402,B1,left
9.166674,554.365262,0.208334,0.787402,C#5,right
9.375008,69.295658,0.104167,0.787402,C#2,left
9.375008,554.365262,0.208334,0.787402,C#5,right
9.479174,69.295658,0.104167,0.787402,C#2,left
9.583341,61.735413,0.208334,0.787402,B1,left
9.583341,739.988845,0.208334,0.787402,F#5,right
9.791674,46.249303,0.208334,0.787402,F#1,left
9.791674,554.365262,0.208334,0.787402,C#5,right
10.000008,69.295658,0.104167,0.787402,C#2,left
10.208342,73.416192,0.208334,0.787402,D2,left
10.208342,554.365262,0.208334,0.787402,C#5,right
10.416675,69.295658,0.104167,0.787402,C#2,left
10.625008,73.416192,0.208334,0.787402,D2,left
10.625008,493.883301,0.208334,0.787402,B4,right
11.041676,69.295658,0.104167,0.787402,C#2,left
11.041676,554.365262,0.208334,0.787402,C#5,right
11.250009,34.647829,0.416667,0.787402,C#1,left
11.250009,69.295658,0.416667,0.787402,C#2,left
11.250009,369.994423,0.208334,0.787402,F#4,right
11.458343,369.994423,0.208334,0.787402,F#4,right
11.666676,30.867706,0.208334,0.787402,B0,left
11.875009,69.295658,0.104167,0.787402,C#2,left
11.875009,554.365262,0.208334,0.787402,C#5,right
12.083343,69.295658,0.208334,0.787402,C#2,left
12.083343,554.365262,0.208334,0.787402,C#5,right
12.291677,61.735413,0.104167,0.787402,B1,left
12.291677,493.883301,0.208334,0.787402,B4,right
12.500010,69.295658,0.208334,0.787402,C#2,left
12.500010,554.365262,0.208334,0.787402,C#5,right
12.708343,69.295658,0.104167,0.787402,C#2,left
12.708343,554.365262,0.208334,0.787402,C#5,right
12.812510,69.295658,0.104167,0.787402,C#2,left
12.916677,61.735413,0.208334,0.787402,B1,left
12.916677,739.988845,0.208334,0.787402,F#5,right
13.125011,46.249303,0.208334,0.787402,F#1,left
13.125011,554.365262,0.104167,0.787402,C#5,right
0.000000,61.735413,0.208334,0.787402,B1,left
0.208333,69.295658,0.104167,0.787402,C#2,left
0.208333,554.365262,0.208334,0.787402,C#5,right
0.312500,69.295658,0.104167,0.787402,C#2,left
0.416667,69.295658,0.208334,0.787402,C#2,left
0.416667,554.365262,0.208334,0.787402,C#5,right
0.625000,61.735413,0.208334,0.787402,B1,left
0.625000,493.883301,0.104167,0.787402,B4,right
0.729167,493.883301,0.104167,0.787402,B4,right
0.833334,61.735413,0.104167,0.787402,B1,left
0.833334,493.883301,0.208334,0.787402,B4,right
0.937501,69.295658,0.104167,0.787402,C#2,left
1.041667,69.295658,0.104167,0.787402,C#2,left
1.041667,554.365262,0.208334,0.787402,C#5,right
1.250001,61.735413,0.208334,0.787402,B1,left
1.250001,554.365262,0.416667,0.787402,C#5,right
1.458334,46.249303,0.208334,0.787402,F#1,left
1.666668,30.867706,0.416667,0.787402,B0,left
1.666668,554.365262,0.208334,0.787402,C#5,right
2.083335,30.867706,0.208334,0.787402,B0,left
2.083335,554.365262,0.208334,0.787402,C#5,right
2.291668,46.249303,0.104167,0.787402,F#1,left
2.395835,55.000000,0.104167,0.787402,A1,left
2.500002,55.000000,0.104167,0.787402,A1,left
2.500002,554.365262,0.104167,0.787402,C#5,right
2.604169,554.365262,0.104167,0.787402,C#5,right
2.708335,55.000000,0.104167,0.787402,A1,left
2.812502,61.735413,0.104167,0.787402,B1,left
2.916669,61.735413,0.104167,0.787402,B1,left
2.916669,554.365262,0.208334,0.787402,C#5,right
3.125002,61.735413,0.104167,0.787402,B1,left
3.125002,369.994423,0.104167,0.708661,F#4,right
3.229169,69.295658,0.104167,0.787402,C#2,left
3.333336,69.295658,0.104167,0.787402,C#2,left
3.333336,369.994423,0.104167,0.708661,F#4,right
3.541669,73.416192,0.104167,0.787402,D2,left
3.541669,246.941651,0.104167,0.708661,B3,left
3.645836,73.416192,0.104167,0.787402,D2,left
3.750003,73.416192,0.208334,0.787402,D2,left
3.750003,246.941651,0.104167,0.708661,B3,left
3.958336,92.498606,0.104167,0.787402,F#2,left
3.958336,369.994423,0.104167,0.708661,F#4,right
4.166670,92.498606,0.208334,0.787402,F#2,left
4.166670,369.994423,0.104167,0.708661,F#4,right
4.375003,69.295658,0.104167,0.787402,C#2,left
4.375003,246.941651,0.104167,0.708661,B3,left
4.583337,69.295658,0.416667,0.787402,C#2,left
4.583337,220.000000,0.104167,0.708661,A3,left
4.791670,246.941651,0.104167,0.708661,B3,left
5.000004,61.735413,0.208334,0.787402,B1,left
5.000004,138.591315,0.104167,0.708661,C#3,left
5.104171,123.470825,0.104167,0.708661,B2,left
5.208337,138.591315,0.104167,0.787402,C#3,left
5.208337,184.997211,0.104167,0.708661,F#3,left
5.208337,554.365262,0.208334,0.787402,C#5,right
5.208337,739.988845,0.208334,0.708661,F#5,right
5.416671,138.591315,0.208334,0.787402,C#3,left
5.416671,184.997211,0.104167,0.708661,F#3,left
5.416671,554.365262,0.208334,0.787402,C#5,right
5.416671,739.988845,0.208334,0.708661,F#5,right
5.625004,123.470825,0.104167,0.787402,B2,left
5.625004,493.883301,0.208334,0.787402,B4,right
5.625004,739.988845,0.208334,0.708661,F#5,right
5.729171,164.813778,0.104167,0.708661,E3,left
5.833338,138.591315,0.208334,0.787402,C#3,left
5.833338,184.997211,0.104167,0.708661,F#3,left
5.833338,554.365262,0.208334,0.787402,C#5,right
5.833338,739.988845,0.208334,0.708661,F#5,right
6.041671,138.591315,0.104167,0.787402,C#3,left
6.041671,554.365262,0.104167,0.787402,C#5,right
6.041671,739.988845,0.104167,0.708661,F#5,right
6.145838,138.591315,0.104167,0.787402,C#3,left
6.145838,164.813778,0.104167,0.708661,E3,left
6.250005,123.470825,0.208334,0.787402,B2,left
6.250005,184.997211,0.104167,0.708661,F#3,left
6.250005,739.988845,0.208334,0.787402,F#5,right
6.250005,987.766603,0.208334,0.708661,B5,right
6.458338,92.498606,0.208334,0.787402,F#2,left
6.458338,123.470825,0.104167,0.708661,B2,left
6.458338,554.365262,0.208334,0.787402,C#5,right
6.458338,739.988845,0.208334,0.708661,F#5,right
6.666672,174.614116,0.104167,0.708661,F3,left
6.770839,174.614116,0.104167,0.708661,F3,left
6.875005,138.591315,0.104167,0.787402,C#3,left
6.875005,184.997211,0.104167,0.708661,F#3,left
6.875005,554.365262,0.208334,0.787402,C#5,right
6.875005,739.988845,0.208334,0.708661,F#5,right
6.979172,138.591315,0.104167,0.787402,C#3,left
7.083339,138.591315,0.208334,0.787402,C#3,left
7.083339,184.997211,0.104167,0.708661,F#3,left
7.291672,123.470825,0.208334,0.787402,B2,left
7.291672,493.883301,0.208334,0.787402,B4,right
7.291672,739.988845,0.208334,0.708661,F#5,right
7.395839,164.813778,0.104167,0.708661,E3,left
7.500006,123.470825,0.104167,0.787402,B2,left
7.500006,184.997211,0.104167,0.708661,F#3,left
7.500006,493.883301,0.208334,0.787402,B4,right
7.500006,739.988845,0.208334,0.708661,F#5,right
7.604173,138.591315,0.104167,0.787402,C#3,left
7.708339,138.591315,0.104167,0.787402,C#3,left
7.708339,554.365262,0.208334,0.787402,C#5,right
7.708339,739.988845,0.208334,0.708661,F#5,right
7.812506,138.591315,0.104167,0.787402,C#3,left
7.812506,164.813778,0.104167,0.708661,E3,left
7.916673,123.470825,0.208334,0.787402,B2,left
7.916673,184.997211,0.104167,0.708661,F#3,left
7.916673,554.365262,0.104167,0.787402,C#5,right
7.916673,739.988845,0.104167,0.708661,F#5,right
8.125006,92.498606,0.208334,0.787402,F#2,left
8.125006,123.470825,0.104167,0.708661,B2,left
8.125006,554.365262,0.208334,0.787402,C#5,right
8.125006,739.988845,0.208334,0.708661,F#5,right
8.333340,61.735413,0.208334,0.787402,B1,left
8.333340,110.000000,0.104167,0.708661,A2,left
8.541673,123.470825,0.104167,0.708661,B2,left
8.541673,138.591315,0.104167,0.787402,C#3,left
8.541673,554.365262,0.104167,0.787402,C#5,right
8.541673,739.988845,0.104167,0.708661,F#5,right
8.750007,138.591315,0.208334,0.787402,C#3,left
8.750007,220.000000,0.104167,0.708661,A3,left
8.750007,554.365262,0.208334,0.787402,C#5,right
8.750007,739.988845,0.208334,0.708661,F#5,right
8.958340,110.000000,0.104167,0.708661,A2,left
8.958340,123.470825,0.104167,0.787402,B2,left
8.958340,493.883301,0.104167,0.787402,B4,right
8.958340,739.988845,0.104167,0.708661,F#5,right
9.166674,123.470825,0.104167,0.708661,B2,left
9.166674,554.365262,0.208334,0.787402,C#5,right
9.166674,739.988845,0.208334,0.708661,F#5,right
9.375007,138.591315,0.104167,0.787402,C#3,left
9.375007,220.000000,0.104167,0.708661,A3,left
9.375007,554.365262,0.208334,0.787402,C#5,right
9.375007,739.988845,0.208334,0.708661,F#5,right
9.479174,138.591315,0.104167,0.787402,C#3,left
9.583341,110.000000,0.104167,0.708661,A2,left
9.583341,123.470825,0.208334,0.787402,B2,left
9.583341,739.988845,0.208334,0.787402,F#5,right
9.583341,987.766603,0.208334,0.708661,B5,right
9.791674,92.498606,0.208334,0.787402,F#2,left
9.791674,174.614116,0.104167,0.708661,F3,left
9.791674,554.365262,0.104167,0.787402,C#5,right
9.791674,739.988845,0.104167,0.708661,F#5,right
9.973966,174.614116,0.026042,0.708661,F3,left
10.000008,138.591315,0.104167,0.787402,C#3,left
10.000008,184.997211,0.208334,0.708661,F#3,left
10.208341,123.470825,0.104167,0.708661,B2,left
10.208341,146.832384,0.208334,0.787402,D3,left
10.208341,554.365262,0.104167,0.787402,C#5,right
10.208341,739.988845,0.104167,0.708661,F#5,right
10.416675,123.470825,0.104167,0.708661,B2,left
10.416675,138.591315,0.104167,0.787402,C#3,left
10.416675,554.365262,0.208334,0.787402,C#5,right
10.416675,1108.730524,0.208334,0.708661,C#6,right
10.598967,174.614116,0.026042,0.708661,F3,left
10.625008,146.832384,0.208334,0.787402,D3,left
10.625008,184.997211,0.208334,0.708661,F#3,left
10.625008,493.883301,0.208334,0.787402,B4,right
10.625008,987.766603,0.208334,0.708661,B5,right
10.833342,123.470825,0.104167,0.708661,B2,left
10.833342,493.883301,0.104167,0.787402,B4,right
10.833342,987.766603,0.104167,0.708661,B5,right
10.937509,138.591315,0.104167,0.787402,C#3,left
11.041675,123.470825,0.104167,0.708661,B2,left
11.041675,138.591315,0.104167,0.787402,C#3,left
11.041675,554.365262,0.104167,0.787402,C#5,right
11.041675,1108.730524,0.104167,0.708661,C#6,right
11.145842,138.591315,0.104167,0.787402,C#3,left
11.145842,493.883301,0.104167,0.787402,B4,right
11.145842,987.766603,0.104167,0.708661,B5,right
11.250009,69.295658,0.416667,0.787402,C#2,left
11.250009,110.000000,0.104167,0.708661,A2,left
11.250009,138.591315,0.416667,0.787402,C#3,left
11.250009,369.994423,0.416667,0.787402,F#4,right
11.250009,739.988845,0.416667,0.708661,F#5,right
11.458342,110.000000,0.104167,0.708661,A2,left
11.666676,61.735413,0.208334,0.787402,B1,left
11.666676,138.591315,0.104167,0.708661,C#3,left
11.770843,123.470825,0.104167,0.708661,B2,left
11.875009,138.591315,0.104167,0.787402,C#3,left
11.875009,184.997211,0.104167,0.708661,F#3,left
11.875009,554.365262,0.208334,0.787402,C#5,right
11.875009,739.988845,0.208334,0.708661,F#5,right
12.083343,138.591315,0.208334,0.787402,C#3,left
12.083343,184.997211,0.104167,0.708661,F#3,left
12.083343,554.365262,0.208334,0.787402,C#5,right
12.083343,739.988845,0.208334,0.708661,F#5,right
12.291676,123.470825,0.104167,0.787402,B2,left
12.291676,493.883301,0.208334,0.787402,B4,right
12.291676,739.988845,0.208334,0.708661,F#5,right
12.395843,164.813778,0.104167,0.708661,E3,left
12.500010,138.591315,0.208334,0.787402,C#3,left
12.500010,184.997211,0.104167,0.708661,F#3,left
12.500010,554.365262,0.208334,0.787402,C#5,right
12.500010,739.988845,0.208334,0.708661,F#5,right
12.708343,138.591315,0.104167,0.787402,C#3,left
12.708343,554.365262,0.208334,0.787402,C#5,right
12.708343,739.988845,0.208334,0.708661,F#5,right
12.812510,138.591315,0.104167,0.787402,C#3,left
12.812510,164.813778,0.104167,0.708661,E3,left
12.916677,123.470825,0.208334,0.787402,B2,left
12.916677,184.997211,0.104167,0.708661,F#3,left
12.916677,739.988845,0.208334,0.787402,F#5,right
12.916677,987.766603,0.208334,0.708661,B5,right
13.125010,92.498606,0.208334,0.787402,F#2,left
13.125010,123.470825,0.104167,0.708661,B2,left
13.125010,554.365262,0.104167,0.787402,C#5,right
13.125010,739.988845,0.104167,0.708661,F#5,right
0.000000,174.614116,0.104167,0.708661,F3,left
0.104167,174.614116,0.104167,0.708661,F3,left
0.208334,138.591315,0.104167,0.787402,C#3,left
0.208334,184.997211,0.104167,0.708661,F#3,left
0.208334,554.365262,0.208334,0.787402,C#5,right
0.208334,739.988845,0.208334,0.708661,F#5,right
0.312500,138.591315,0.104167,0.787402,C#3,left
0.416667,138.591315,0.208334,0.787402,C#3,left
0.416667,184.997211,0.104167,0.708661,F#3,left
0.416667,554.365262,0.208334,0.787402,C#5,right
0.416667,739.988845,0.208334,0.708661,F#5,right
0.625000,123.470825,0.208334,0.787402,B2,left
0.625000,493.883301,0.208334,0.787402,B4,right
0.625000,739.988845,0.208334,0.708661,F#5,right
0.729167,164.813778,0.104167,0.708661,E3,left
0.833334,123.470825,0.104167,0.787402,B2,left
0.833334,184.997211,0.104167,0.708661,F#3,left
0.833334,493.883301,0.208334,0.787402,B4,right
0.833334,739.988845,0.208334,0.708661,F#5,right
0.937501,138.591315,0.104167,0.787402,C#3,left
1.041668,138.591315,0.104167,0.787402,C#3,left
1.041668,554.365262,0.208334,0.787402,C#5,right
1.041668,739.988845,0.208334,0.708661,F#5,right
1.145834,164.813778,0.104167,0.708661,E3,left
1.250001,123.470825,0.208334,0.787402,B2,left
1.250001,184.997211,0.104167,0.708661,F#3,left
1.250001,554.365262,0.208334,0.787402,C#5,right
1.250001,739.988845,0.208334,0.708661,F#5,right
1.458334,92.498606,0.208334,0.787402,F#2,left
1.458334,123.470825,0.104167,0.708661,B2,left
1.458334,554.365262,0.208334,0.708661,C#5,right
1.666668,61.735413,0.416667,0.787402,B1,left
1.666668,110.000000,0.104167,0.708661,A2,left
1.666668,493.883301,0.208334,0.787402,B4,right
1.875002,123.470825,0.104167,0.708661,B2,left
1.979168,493.883301,0.104167,0.708661,B4,right
1.979168,554.365262,0.104167,0.787402,C#5,right
2.083335,61.735413,0.208334,0.787402,B1,left
2.083335,220.000000,0.104167,0.708661,A3,left
2.083335,493.883301,0.208334,0.708661,B4,right
2.083335,554.365262,0.208334,0.787402,C#5,right
2.291669,92.498606,0.104167,0.787402,F#2,left
2.291669,110.000000,0.104167,0.708661,A2,left
2.395835,110.000000,0.104167,0.787402,A2,left
2.500002,110.000000,0.104167,0.787402,A2,left
2.500002,123.470825,0.104167,0.708661,B2,left
2.708335,110.000000,0.104167,0.787402,A2,left
2.708335,220.000000,0.104167,0.708661,A3,left
2.812502,123.470825,0.104167,0.787402,B2,left
2.916669,110.000000,0.104167,0.708661,A2,left
2.916669,123.470825,0.104167,0.787402,B2,left
3.125003,123.470825,0.104167,0.787402,B2,left
3.125003,174.614116,0.104167,0.708661,F3,left
3.229169,138.591315,0.104167,0.787402,C#3,left
3.307294,174.614116,0.026042,0.708661,F3,left
3.333336,138.591315,0.104167,0.787402,C#3,left
3.333336,184.997211,0.208334,0.708661,F#3,left
3.541669,123.470825,0.104167,0.708661,B2,left
3.541669,146.832384,0.104167,0.787402,D3,left
3.541669,369.994423,0.104167,0.787402,F#4,right
3.541669,739.988845,0.104167,0.708661,F#5,right
3.645836,146.832384,0.104167,0.787402,D3,left
3.750003,123.470825,0.104167,0.708661,B2,left
3.750003,146.832384,0.208334,0.787402,D3,left
3.750003,369.994423,0.208334,0.787402,F#4,right
3.750003,739.988845,0.208334,0.708661,F#5,right
3.932295,174.614116,0.026042,0.708661,F3,left
3.958337,92.498606,0.104167,0.787402,F#2,left
3.958337,184.997211,0.208334,0.708661,F#3,left
3.958337,369.994423,0.208334,0.787402,F#4,right
3.958337,739.988845,0.208334,0.708661,F#5,right
4.166670,92.498606,0.208334,0.787402,F#2,left
4.166670,123.470825,0.104167,0.708661,B2,left
4.166670,369.994423,0.104167,0.787402,F#4,right
4.166670,739.988845,0.104167,0.708661,F#5,right
4.375003,69.295658,0.104167,0.787402,C#2,left
4.375003,123.470825,0.104167,0.708661,B2,left
4.375003,554.365262,0.104167,0.787402,C#5,right
4.375003,1108.730524,0.104167,0.708661,C#6,right
4.583337,69.295658,0.416667,0.787402,C#2,left
4.583337,110.000000,0.104167,0.708661,A2,left
4.583337,554.365262,0.208334,0.787402,C#5,right
4.583337,1108.730524,0.208334,0.708661,C#6,right
4.791671,110.000000,0.104167,0.708661,A2,left
4.791671,493.883301,0.208334,0.787402,B4,right
4.791671,987.766603,0.208334,0.708661,B5,right
5.000004,48.999429,0.208334,0.787402,G1,left
5.000004,97.998859,0.208334,0.787402,G2,left
5.000004,659.255114,0.208334,0.787402,E5,right
5.208337,739.988845,0.208334,0.787402,F#5,right
5.416671,48.999429,0.208334,0.787402,G1,left
5.416671,97.998859,0.208334,0.787402,G2,left
5.416671,493.883301,0.208334,0.787402,B4,right
5.625005,48.999429,0.104167,0.787402,G1,left
5.729171,48.999429,0.104167,0.787402,G1,left
5.833338,48.999429,0.208334,0.787402,G1,left
5.833338,97.998859,0.208334,0.787402,G2,left
5.833338,369.994423,0.208334,0.787402,F#4,right
6.041671,369.994423,0.208334,0.787402,F#4,right
6.250005,48.999429,0.208334,0.787402,G1,left
6.250005,97.998859,0.208334,0.787402,G2,left
6.250005,369.994423,0.208334,0.787402,F#4,right
6.458339,48.999429,0.208334,0.787402,G1,left
6.666672,41.203445,0.208334,0.787402,E1,left
6.666672,82.406889,0.208334,0.787402,E2,left
6.666672,369.994423,0.208334,0.787402,F#4,right
6.875006,493.883301,0.208334,0.787402,B4,right
7.083339,41.203445,0.208334,0.787402,E1,left
7.083339,82.406889,0.208334,0.787402,E2,left
7.083339,493.883301,0.208334,0.787402,B4,right
7.291672,41.203445,0.104167,0.787402,E1,left
7.395839,41.203445,0.104167,0.787402,E1,left
7.500006,41.203445,0.208334,0.787402,E1,left
7.500006,82.406889,0.208334,0.787402,E2,left
7.500006,554.365262,0.208334,0.787402,C#5,right
7.708340,65.406391,0.208334,0.787402,C2,left
7.708340,130.812783,0.208334,0.787402,C3,left
7.916673,61.735413,0.208334,0.787402,B1,left
7.916673,123.470825,0.208334,0.787402,B2,left
8.125006,58.270470,0.208334,0.787402,A#1,left
8.125006,116.540940,0.208334,0.787402,A#2,left
8.333340,61.735413,0.208334,0.787402,B1,left
8.333340,123.470825,0.208334,0.787402,B2,left
8.333340,659.255114,0.208334,0.787402,E5,right
8.541674,739.988845,0.208334,0.787402,F#5,right
8.750007,61.735413,0.208334,0.787402,B1,left
8.750007,123.470825,0.208334,0.787402,B2,left
8.750007,493.883301,0.208334,0.787402,B4,right
8.958340,61.735413,0.104167,0.787402,B1,left
9.062507,61.735413,0.104167,0.787402,B1,left
9.062507,493.883301,0.104167,0.787402,B4,right
9.166674,61.735413,0.208334,0.787402,B1,left
9.166674,123.470825,0.208334,0.787402,B2,left
9.166674,369.994423,0.104167,0.787402,F#4,right
9.375008,493.883301,0.208334,0.787402,B4,right
9.583341,61.735413,0.208334,0.787402,B1,left
9.583341,123.470825,0.208334,0.787402,B2,left
9.583341,493.883301,0.208334,0.787402,B4,right
9.791674,61.735413,0.208334,0.787402,B1,left
9.895841,493.883301,0.104167,0.787402,B4,right
10.000008,65.406391,0.208334,0.787402,C2,left
10.000008,130.812783,0.208334,0.787402,C3,left
10.000008,369.994423,0.208334,0.787402,F#4,right
10.000008,493.883301,0.208334,0.708661,B4,right
10.208342,61.735413,0.104167,0.787402,B1,left
10.208342,123.470825,0.104167,0.787402,B2,left
10.208342,659.255114,0.416667,0.708661,E5,right
10.208342,880.000000,0.416667,0.787402,A5,right
10.416675,65.406391,0.208334,0.787402,C2,left
10.416675,130.812783,0.208334,0.787402,C3,left
10.625008,97.998859,0.104167,0.787402,G2,left
10.625008,195.997718,0.104167,0.787402,G3,left
10.625008,659.255114,0.104167,0.708661,E5,right
10.625008,880.000000,0.104167,0.787402,A5,right
10.729175,659.255114,0.104167,0.708661,E5,right
10.729175,880.000000,0.104167,0.787402,A5,right
10.833342,65.406391,0.208334,0.787402,C2,left
10.833342,130.812783,0.208334,0.787402,C3,left
10.833342,659.255114,0.208334,0.708661,E5,right
10.833342,880.000000,0.208334,0.787402,A5,right
11.041675,82.406889,0.104167,0.787402,E2,left
11.041675,164.813778,0.104167,0.787402,E3,left
11.041675,739.988845,0.208334,0.708661,F#5,right
11.041675,987.766603,0.208334,0.787402,B5,right
11.250009,92.498606,0.208334,0.787402,F#2,left
11.250009,184.997211,0.208334,0.787402,F#3,left
11.250009,493.883301,0.208334,0.708661,B4,right
11.250009,739.988845,0.208334,0.787402,F#5,right
11.458343,110.000000,0.104167,0.787402,A2,left
11.458343,220.000000,0.104167,0.787402,A3,left
11.562509,659.255114,0.104167,0.787402,E5,right
11.666676,48.999429,0.208334,0.787402,G1,left
11.666676,97.998859,0.208334,0.787402,G2,left
11.666676,659.255114,0.208334,0.787402,E5,right
11.875010,739.988845,0.208334,0.787402,F#5,right
12.083343,48.999429,0.208334,0.787402,G1,left
12.083343,97.998859,0.208334,0.787402,G2,left
12.083343,493.883301,0.208334,0.787402,B4,right
12.291676,48.999429,0.104167,0.787402,G1,left
12.395843,48.999429,0.104167,0.787402,G1,left
12.500010,48.999429,0.208334,0.787402,G1,left
12.500010,97.998859,0.208334,0.787402,G2,left
12.500010,369.994423,0.208334,0.787402,F#4,right
12.708343,493.883301,0.208334,0.787402,B4,right
12.916677,48.999429,0.208334,0.787402,G1,left
12.916677,97.998859,0.208334,0.787402,G2,left
12.916677,493.883301,0.208334,0.787402,B4,right
13.125011,48.999429,0.208334,0.787402,G1,left
0.000000,41.203445,0.208334,0.787402,E1,left
0.000000,82.406889,0.208334,0.787402,E2,left
0.000000,369.994423,0.208334,0.787402,F#4,right
0.208334,493.883301,0.208334,0.787402,B4,right
0.416667,41.203445,0.208334,0.787402,E1,left
0.416667,82.406889,0.208334,0.787402,E2,left
0.416667,493.883301,0.208334,0.787402,B4,right
0.625000,41.203445,0.104167,0.787402,E1,left
0.625000,493.883301,0.104167,0.787402,B4,right
0.729167,41.203445,0.104167,0.787402,E1,left
0.833334,41.203445,0.208334,0.787402,E1,left
0.833334,82.406889,0.208334,0.787402,E2,left
0.833334,587.329536,0.416667,0.787402,D5,right
1.041668,41.203445,0.208334,0.787402,E1,left
1.250001,41.203445,0.208334,0.787402,E1,left
1.250001,82.406889,0.208334,0.787402,E2,left
1.250001,554.365262,0.208334,0.787402,C#5,right
1.458335,41.203445,0.208334,0.787402,E1,left
1.458335,493.883301,0.208334,0.787402,B4,right
1.666668,46.249303,0.104167,0.787402,F#1,left
1.666668,554.365262,0.104167,0.787402,C#5,right
1.770835,46.249303,0.104167,0.787402,F#1,left
1.770835,554.365262,0.104167,0.787402,C#5,right
1.875002,46.249303,0.104167,0.787402,F#1,left
1.979168,46.249303,0.104167,0.787402,F#1,left
1.979168,554.365262,0.104167,0.787402,C#5,right
2.083335,46.249303,0.104167,0.787402,F#1,left
2.083335,554.365262,0.208334,0.787402,C#5,right
2.187502,46.249303,0.104167,0.787402,F#1,left
2.291669,46.249303,0.104167,0.787402,F#1,left
2.291669,369.994423,0.104167,0.787402,F#4,right
2.395835,46.249303,0.104167,0.787402,F#1,left
2.395835,369.994423,0.104167,0.787402,F#4,right
2.500002,46.249303,0.104167,0.787402,F#1,left
2.500002,369.994423,0.104167,0.787402,F#4,right
2.604169,46.249303,0.104167,0.787402,F#1,left
2.604169,554.365262,0.104167,0.787402,C#5,right
2.708336,46.249303,0.104167,0.787402,F#1,left
2.708336,369.994423,0.208334,0.787402,F#4,right
2.812502,46.249303,0.104167,0.787402,F#1,left
2.916669,46.249303,0.104167,0.787402,F#1,left
2.916669,369.994423,0.208334,0.787402,F#4,right
3.020836,46.249303,0.104167,0.787402,F#1,left
3.125003,46.249303,0.104167,0.787402,F#1,left
3.125003,554.365262,0.104167,0.787402,C#5,right
3.229169,46.249303,0.104167,0.787402,F#1,left
3.229169,554.365262,0.104167,0.787402,C#5,right
3.333336,830.609395,0.104167,0.787402,G#5,right
3.437503,830.609395,0.104167,0.787402,G#5,right
3.541669,739.988845,0.208334,0.787402,F#5,right
3.750003,739.988845,0.208334,0.787402,F#5,right
3.958337,55.000000,0.208334,0.787402,A1,left
3.958337,138.591315,0.208334,0.787402,C#3,left
3.958337,369.994423,0.104167,0.787402,F#4,right
3.958337,739.988845,0.104167,0.787402,F#5,right
4.375004,55.000000,0.208334,0.787402,A1,left
4.375004,138.591315,0.208334,0.787402,C#3,left
4.375004,369.994423,0.312500,0.787402,F#4,right
4.375004,739.988845,0.312500,0.787402,F#5,right
4.791671,55.000000,0.208334,0.787402,A1,left
4.791671,138.591315,0.208334,0.787402,C#3,left
5.000004,61.735413,0.208334,0.787402,B1,left
5.000004,369.994423,0.208334,0.629921,F#4,right
5.000004,554.365262,0.208334,0.787402,C#5,right
5.208337,123.470825,0.208334,0.787402,B2,left
5.416671,61.735413,0.208334,0.787402,B1,left
5.416671,369.994423,0.416667,0.629921,F#4,right
5.416671,554.365262,0.416667,0.787402,C#5,right
5.625005,123.470825,0.208334,0.787402,B2,left
5.833338,61.735413,0.208334,0.787402,B1,left
5.833338,277.182631,0.104167,0.787402,C#4,right
5.833338,369.994423,0.104167,0.629921,F#4,right
6.041672,73.416192,0.104167,0.787402,D2,left
6.041672,277.182631,0.104167,0.787402,C#4,right
6.041672,369.994423,0.104167,0.629921,F#4,right
6.145838,73.416192,0.104167,0.787402,D2,left
6.145838,277.182631,0.104167,0.787402,C#4,right
6.145838,369.994423,0.104167,0.629921,F#4,right
6.250005,69.295658,0.208334,0.787402,C#2,left
6.250005,277.182631,0.208334,0.787402,C#4,right
6.250005,369.994423,0.208334,0.629921,F#4,right
6.458339,55.000000,0.208334,0.787402,A1,left
6.458339,246.941651,0.208334,0.787402,B3,left
6.458339,369.994423,0.208334,0.629921,F#4,right
6.666672,46.249303,0.208334,0.787402,F#1,left
6.666672,277.182631,0.208334,0.787402,C#4,right
6.666672,369.994423,0.208334,0.629921,F#4,right
6.875006,92.498606,0.208334,0.787402,F#2,left
6.875006,246.941651,0.208334,0.787402,B3,left
6.875006,329.627557,0.208334,0.629921,E4,right
7.083339,46.249303,0.208334,0.787402,F#1,left
7.083339,277.182631,0.104167,0.787402,C#4,right
7.083339,369.994423,0.104167,0.629921,F#4,right
7.291673,46.249303,0.104167,0.787402,F#1,left
7.291673,92.498606,0.104167,0.787402,F#2,left
7.291673,277.182631,0.104167,0.629921,C#4,right
7.291673,440.000000,0.104167,0.787402,A4,right
7.500006,46.249303,0.208334,0.787402,F#1,left
7.500006,92.498606,0.208334,0.787402,F#2,left
7.500006,277.182631,0.208334,0.629921,C#4,right
7.500006,440.000000,0.208334,0.787402,A4,right
7.708340,92.498606,0.104167,0.787402,F#2,left
7.812506,92.498606,0.104167,0.787402,F#2,left
7.916673,69.295658,0.208334,0.787402,C#2,left
7.916673,369.994423,0.416667,0.629921,F#4,right
7.916673,493.883301,0.416667,0.787402,B4,right
8.125006,46.249303,0.208334,0.787402,F#1,left
8.333340,48.999429,0.208334,0.787402,G1,left
8.333340,220.000000,0.208334,0.629921,A3,left
8.333340,293.664768,0.208334,0.787402,D4,right
8.541674,97.998859,0.208334,0.787402,G2,left
8.541674,220.000000,0.104167,0.629921,A3,left
8.541674,440.000000,0.104167,0.787402,A4,right
8.645840,293.664768,0.104167,0.629921,D4,right
8.645840,440.000000,0.104167,0.787402,A4,right
8.750007,48.999429,0.208334,0.787402,G1,left
8.750007,293.664768,0.208334,0.629921,D4,right
8.750007,440.000000,0.208334,0.787402,A4,right
8.958341,97.998859,0.208334,0.787402,G2,left
8.958341,293.664768,0.104167,0.629921,D4,right
8.958341,440.000000,0.104167,0.787402,A4,right
9.166674,48.999429,0.208334,0.787402,G1,left
9.166674,293.664768,0.208334,0.629921,D4,right
9.166674,440.000000,0.208334,0.787402,A4,right
9.375008,48.999429,0.104167,0.787402,G1,left
9.375008,369.994423,0.208334,0.629921,F#4,right
9.375008,493.883301,0.208334,0.787402,B4,right
9.479174,48.999429,0.104167,0.787402,G1,left
9.583341,97.998859,0.208334,0.787402,G2,left
9.583341,293.664768,0.208334,0.629921,D4,right
9.583341,440.000000,0.208334,0.787402,A4,right
9.791674,48.999429,0.104167,0.787402,G1,left
9.791674,293.664768,0.104167,0.629921,D4,right
9.791674,440.000000,0.104167,0.787402,A4,right
9.895841,48.999429,0.104167,0.787402,G1,left
9.895841,293.664768,0.104167,0.787402,D4,right
9.895841,329.627557,0.104167,0.629921,E4,right
10.000008,55.000000,0.208334,0.787402,A1,left
10.000008,110.000000,0.208334,0.787402,A2,left
10.000008,277.182631,0.208334,0.787402,C#4,right
10.000008,329.627557,0.208334,0.629921,E4,right
10.208342,55.000000,0.104167,0.787402,A1,left
10.208342,329.627557,0.208334,0.629921,E4,right
10.208342,440.000000,0.208334,0.787402,A4,right
10.312508,55.000000,0.104167,0.787402,A1,left
10.416675,55.000000,0.208334,0.787402,A1,left
10.416675,110.000000,0.208334,0.787402,A2,left
10.416675,329.627557,0.208334,0.629921,E4,right
10.416675,440.000000,0.208334,0.787402,A4,right
10.625009,55.000000,0.104167,0.787402,A1,left
10.625009,277.182631,0.104167,0.787402,C#4,right
10.625009,329.627557,0.104167,0.629921,E4,right
10.729175,55.000000,0.104167,0.787402,A1,left
10.729175,277.182631,0.104167,0.787402,C#4,right
10.729175,329.627557,0.104167,0.629921,E4,right
10.833342,58.270470,0.208334,0.787402,A#1,left
10.833342,116.540940,0.208334,0.787402,A#2,left
10.833342,277.182631,0.104167,0.787402,C#4,right
10.833342,369.994423,0.104167,0.629921,F#4,right
11.041676,58.270470,0.104167,0.787402,A#1,left
11.041676,369.994423,0.208334,0.629921,F#4,right
11.041676,440.000000,0.208334,0.787402,A4,right
11.145842,58.270470,0.104167,0.787402,A#1,left
11.250009,58.270470,0.208334,0.787402,A#1,left
11.250009,116.540940,0.208334,0.787402,A#2,left
11.250009,277.182631,0.104167,0.629921,C#4,right
11.250009,369.994423,0.104167,0.787402,F#4,right
11.458343,58.270470,0.104167,0.787402,A#1,left
11.458343,277.182631,0.208334,0.629921,C#4,right
11.458343,369.994423,0.208334,0.787402,F#4,right
11.562509,58.270470,0.104167,0.787402,A#1,left
11.666676,61.735413,0.208334,0.787402,B1,left
11.666676,369.994423,0.208334,0.629921,F#4,right
11.666676,554.365262,0.208334,0.787402,C#5,right
11.875010,123.470825,0.208334,0.787402,B2,left
12.083343,61.735413,0.208334,0.787402,B1,left
12.083343,369.994423,0.416667,0.629921,F#4,right
12.083343,554.365262,0.416667,0.787402,C#5,right
12.291677,123.470825,0.208334,0.787402,B2,left
12.500010,61.735413,0.208334,0.787402,B1,left
12.500010,277.182631,0.312500,0.787402,C#4,right
12.500010,440.000000,0.312500,0.629921,A4,right
12.708343,73.416192,0.104167,0.787402,D2,left
12.812510,73.416192,0.104167,0.787402,D2,left
12.812510,277.182631,0.104167,0.787402,C#4,right
12.812510,440.000000,0.104167,0.629921,A4,right
12.916677,69.295658,0.208334,0.787402,C#2,left
12.916677,277.182631,0.208334,0.787402,C#4,right
12.916677,440.000000,0.208334,0.629921,A4,right
13.125011,55.000000,0.208334,0.787402,A1,left
13.125011,246.941651,0.208334,0.787402,B3,left
13.125011,369.994423,0.208334,0.629921,F#4,right
0.000000,46.249303,0.208334,0.787402,F#1,left
0.000000,277.182631,0.208334,0.787402,C#4,right
0.000000,369.994423,0.208334,0.629921,F#4,right
0.208333,92.498606,0.208334,0.787402,F#2,left
0.208333,246.941651,0.104167,0.787402,B3,left
0.208333,369.994423,0.104167,0.629921,F#4,right
0.416667,46.249303,0.208334,0.787402,F#1,left
0.416667,246.941651,0.104167,0.787402,B3,left
0.416667,329.627557,0.104167,0.629921,E4,right
0.625000,46.249303,0.104167,0.787402,F#1,left
0.625000,92.498606,0.104167,0.787402,F#2,left
0.625000,369.994423,0.104167,0.629921,F#4,right
0.625000,587.329536,0.104167,0.787402,D5,right
0.833334,46.249303,0.208334,0.787402,F#1,left
0.833334,92.498606,0.208334,0.787402,F#2,left
0.833334,277.182631,0.208334,0.629921,C#4,right
0.833334,440.000000,0.208334,0.787402,A4,right
1.041667,92.498606,0.104167,0.787402,F#2,left
1.145834,92.498606,0.104167,0.787402,F#2,left
1.250001,69.295658,0.208334,0.787402,C#2,left
1.250001,369.994423,0.416667,0.629921,F#4,right
1.250001,440.000000,0.416667,0.787402,A4,right
1.458334,46.249303,0.208334,0.787402,F#1,left
1.666668,48.999429,0.208334,0.787402,G1,left
1.666668,220.000000,0.208334,0.629921,A3,left
1.666668,293.664768,0.208334,0.787402,D4,right
1.875001,97.998859,0.208334,0.787402,G2,left
1.875001,220.000000,0.104167,0.629921,A3,left
1.875001,293.664768,0.104167,0.787402,D4,right
1.979168,293.664768,0.104167,0.629921,D4,right
1.979168,440.000000,0.104167,0.787402,A4,right
2.083335,48.999429,0.208334,0.787402,G1,left
2.083335,293.664768,0.104167,0.629921,D4,right
2.083335,440.000000,0.104167,0.787402,A4,right
2.291668,97.998859,0.208334,0.787402,G2,left
2.291668,293.664768,0.208334,0.629921,D4,right
2.291668,440.000000,0.208334,0.787402,A4,right
2.500002,48.999429,0.208334,0.787402,G1,left
2.500002,293.664768,0.104167,0.629921,D4,right
2.500002,440.000000,0.104167,0.787402,A4,right
2.708335,48.999429,0.104167,0.787402,G1,left
2.708335,369.994423,0.208334,0.629921,F#4,right
2.708335,493.883301,0.208334,0.787402,B4,right
2.812502,48.999429,0.104167,0.787402,G1,left
2.916669,97.998859,0.208334,0.787402,G2,left
2.916669,293.664768,0.104167,0.629921,D4,right
2.916669,440.000000,0.104167,0.787402,A4,right
3.125002,48.999429,0.104167,0.787402,G1,left
3.125002,293.664768,0.104167,0.629921,D4,right
3.125002,440.000000,0.104167,0.787402,A4,right
3.229169,48.999429,0.104167,0.787402,G1,left
3.229169,277.182631,0.104167,0.787402,C#4,right
3.229169,329.627557,0.104167,0.629921,E4,right
3.333336,55.000000,0.208334,0.787402,A1,left
3.333336,110.000000,0.208334,0.787402,A2,left
3.333336,277.182631,0.208334,0.787402,C#4,right
3.333336,329.627557,0.208334,0.629921,E4,right
3.541669,55.000000,0.104167,0.787402,A1,left
3.541669,329.627557,0.208334,0.629921,E4,right
3.541669,440.000000,0.208334,0.787402,A4,right
3.645836,55.000000,0.104167,0.787402,A1,left
3.750003,55.000000,0.208334,0.787402,A1,left
3.750003,110.000000,0.208334,0.787402,A2,left
3.750003,329.627557,0.208334,0.629921,E4,right
3.750003,440.000000,0.208334,0.787402,A4,right
3.958336,55.000000,0.104167,0.787402,A1,left
3.958336,277.182631,0.104167,0.787402,C#4,right
3.958336,329.627557,0.104167,0.629921,E4,right
4.062503,55.000000,0.104167,0.787402,A1,left
4.062503,277.182631,0.104167,0.787402,C#4,right
4.062503,329.627557,0.104167,0.629921,E4,right
4.166670,58.270470,0.104167,0.787402,A#1,left
4.166670,277.182631,0.104167,0.787402,C#4,right
4.166670,329.627557,0.104167,0.629921,E4,right
4.375003,58.270470,0.104167,0.787402,A#1,left
4.375003,116.540940,0.104167,0.787402,A#2,left
4.375003,440.000000,0.104167,0.787402,A4,right
4.375003,554.365262,0.104167,0.629921,C#5,right
4.583337,58.270470,0.416667,0.787402,A#1,left
4.583337,116.540940,0.416667,0.787402,A#2,left
4.583337,440.000000,0.104167,0.787402,A4,right
4.583337,554.365262,0.104167,0.629921,C#5,right
5.000004,48.999429,0.208334,0.787402,G1,left
5.000004,97.998859,0.208334,0.787402,G2,left
5.000004,329.627557,0.312500,0.787402,E4,right
5.000004,493.883301,0.312500,0.629921,B4,right
5.208337,48.999429,0.104167,0.787402,G1,left
5.312504,48.999429,0.104167,0.787402,G1,left
5.312504,311.126984,0.104167,0.787402,D#4,right
5.312504,466.163762,0.104167,0.629921,A#4,right
5.416671,48.999429,0.208334,0.787402,G1,left
5.416671,97.998859,0.208334,0.787402,G2,left
5.416671,329.627557,0.312500,0.787402,E4,right
5.416671,493.883301,0.312500,0.629921,B4,right
5.625004,48.999429,0.104167,0.787402,G1,left
5.729171,48.999429,0.104167,0.787402,G1,left
5.729171,311.126984,0.104167,0.787402,D#4,right
5.729171,466.163762,0.104167,0.629921,A#4,right
5.833338,48.999429,0.208334,0.787402,G1,left
5.833338,97.998859,0.208334,0.787402,G2,left
5.833338,329.627557,0.312500,0.787402,E4,right
5.833338,493.883301,0.312500,0.629921,B4,right
6.041671,48.999429,0.104167,0.787402,G1,left
6.145838,48.999429,0.104167,0.787402,G1,left
6.145838,311.126984,0.104167,0.787402,D#4,right
6.145838,466.163762,0.104167,0.629921,A#4,right
6.250005,48.999429,0.208334,0.787402,G1,left
6.250005,97.998859,0.208334,0.787402,G2,left
6.250005,329.627557,0.104167,0.787402,E4,right
6.250005,493.883301,0.104167,0.629921,B4,right
6.458338,55.000000,0.208334,0.787402,A1,left
6.458338,110.000000,0.208334,0.787402,A2,left
6.458338,369.994423,0.208334,0.787402,F#4,right
6.458338,587.329536,0.208334,0.629921,D5,right
6.666672,41.203445,0.208334,0.787402,E1,left
6.666672,82.406889,0.208334,0.787402,E2,left
6.666672,246.941651,0.208334,0.787402,B3,left
6.666672,293.664768,0.208334,0.629921,D4,right
6.875005,41.203445,0.104167,0.787402,E1,left
6.979172,41.203445,0.104167,0.787402,E1,left
7.083339,41.203445,0.208334,0.787402,E1,left
7.083339,82.406889,0.208334,0.787402,E2,left
7.083339,329.627557,0.104167,0.787402,E4,right
7.083339,493.883301,0.104167,0.629921,B4,right
7.291672,41.203445,0.104167,0.787402,E1,left
7.395839,41.203445,0.104167,0.787402,E1,left
7.500006,41.203445,0.208334,0.787402,E1,left
7.500006,82.406889,0.208334,0.787402,E2,left
7.500006,329.627557,0.208334,0.787402,E4,right
7.500006,493.883301,0.208334,0.629921,B4,right
7.708339,65.406391,0.208334,0.787402,C2,left
7.708339,130.812783,0.208334,0.787402,C3,left
7.708339,293.664768,0.208334,0.787402,D4,right
7.708339,440.000000,0.208334,0.629921,A4,right
7.916673,61.735413,0.208334,0.787402,B1,left
7.916673,123.470825,0.208334,0.787402,B2,left
7.916673,329.627557,0.104167,0.787402,E4,right
7.916673,493.883301,0.104167,0.629921,B4,right
8.125006,58.270470,0.208334,0.787402,A#1,left
8.125006,116.540940,0.208334,0.787402,A#2,left
8.125006,369.994423,0.104167,0.787402,F#4,right
8.125006,493.883301,0.104167,0.629921,B4,right
8.333340,61.735413,0.208334,0.787402,B1,left
8.333340,123.470825,0.208334,0.787402,B2,left
8.333340,493.883301,0.312500,0.787402,B4,right
8.333340,739.988845,0.312500,0.629921,F#5,right
8.541673,61.735413,0.104167,0.787402,B1,left
8.645840,61.735413,0.104167,0.787402,B1,left
8.645840,493.883301,0.104167,0.787402,B4,right
8.645840,739.988845,0.104167,0.629921,F#5,right
8.750007,61.735413,0.208334,0.787402,B1,left
8.750007,123.470825,0.208334,0.787402,B2,left
8.750007,369.994423,0.312500,0.787402,F#4,right
8.750007,493.883301,0.312500,0.629921,B4,right
8.958340,61.735413,0.104167,0.787402,B1,left
9.062507,61.735413,0.104167,0.787402,B1,left
9.062507,369.994423,0.104167,0.787402,F#4,right
9.062507,493.883301,0.104167,0.629921,B4,right
9.166674,61.735413,0.208334,0.787402,B1,left
9.166674,123.470825,0.208334,0.787402,B2,left
9.166674,391.995436,0.104167,0.787402,G4,right
9.166674,587.329536,0.104167,0.629921,D5,right
9.375007,61.735413,0.104167,0.787402,B1,left
9.375007,369.994423,0.104167,0.787402,F#4,right
9.375007,554.365262,0.104167,0.629921,C#5,right
9.479174,61.735413,0.104167,0.787402,B1,left
9.583341,61.735413,0.208334,0.787402,B1,left
9.583341,123.470825,0.208334,0.787402,B2,left
9.583341,329.627557,0.104167,0.787402,E4,right
9.583341,369.994423,0.104167,0.629921,F#4,right
9.791674,61.735413,0.208334,0.787402,B1,left
9.791674,369.994423,0.208334,0.787402,F#4,right
9.791674,554.365262,0.208334,0.629921,C#5,right
10.000008,65.406391,0.208334,0.787402,C2,left
10.000008,130.812783,0.208334,0.787402,C3,left
10.000008,391.995436,0.208334,0.787402,G4,right
10.000008,659.255114,0.208334,0.629921,E5,right
10.208341,61.735413,0.104167,0.787402,B1,left
10.208341,123.470825,0.104167,0.787402,B2,left
10.208341,369.994423,0.104167,0.787402,F#4,right
10.208341,659.255114,0.104167,0.629921,E5,right
10.312508,61.735413,0.104167,0.787402,B1,left
10.416675,65.406391,0.208334,0.787402,C2,left
10.416675,130.812783,0.208334,0.787402,C3,left
10.416675,246.941651,0.208334,0.787402,B3,left
10.416675,329.627557,0.208334,0.629921,E4,right
10.625008,97.998859,0.104167,0.787402,G2,left
10.625008,195.997718,0.104167,0.787402,G3,left
10.625008,329.627557,0.208334,0.629921,E4,right
10.625008,369.994423,0.208334,0.787402,F#4,right
10.729175,97.998859,0.104167,0.787402,G2,left
10.833342,65.406391,0.208334,0.787402,C2,left
10.833342,130.812783,0.208334,0.787402,C3,left
10.833342,391.995436,0.416667,0.787402,G4,right
10.833342,554.365262,0.416667,0.629921,C#5,right
11.041675,82.406889,0.104167,0.787402,E2,left
11.041675,164.813778,0.104167,0.787402,E3,left
11.145842,82.406889,0.104167,0.787402,E2,left
11.250009,92.498606,0.208334,0.787402,F#2,left
11.250009,184.997211,0.208334,0.787402,F#3,left
11.250009,369.994423,0.104167,0.787402,F#4,right
11.250009,554.365262,0.104167,0.629921,C#5,right
11.458342,110.000000,0.104167,0.787402,A2,left
11.458342,220.000000,0.104167,0.787402,A3,left
11.562509,110.000000,0.104167,0.787402,A2,left
11.562509,311.126984,0.104167,0.787402,D#4,right
11.562509,466.163762,0.104167,0.629921,A#4,right
11.666676,48.999429,0.208334,0.787402,G1,left
11.666676,97.998859,0.208334,0.787402,G2,left
11.666676,329.627557,0.208334,0.787402,E4,right
11.666676,493.883301,0.208334,0.629921,B4,right
11.979176,311.126984,0.104167,0.787402,D#4,right
11.979176,466.163762,0.104167,0.629921,A#4,right
12.083343,48.999429,0.208334,0.787402,G1,left
12.083343,97.998859,0.208334,0.787402,G2,left
12.083343,329.627557,0.208334,0.787402,E4,right
12.083343,493.883301,0.208334,0.629921,B4,right
12.291676,48.999429,0.104167,0.787402,G1,left
12.395843,48.999429,0.104167,0.787402,G1,left
12.395843,311.126984,0.104167,0.787402,D#4,right
12.395843,466.163762,0.104167,0.629921,A#4,right
12.500010,48.999429,0.208334,0.787402,G1,left
12.500010,97.998859,0.208334,0.787402,G2,left
12.500010,329.627557,0.208334,0.787402,E4,right
12.500010,493.883301,0.208334,0.629921,B4,right
12.812510,311.126984,0.104167,0.787402,D#4,right
12.812510,466.163762,0.104167,0.629921,A#4,right
12.916677,48.999429,0.208334,0.787402,G1,left
12.916677,97.998859,0.208334,0.787402,G2,left
12.916677,329.627557,0.104167,0.787402,E4,right
12.916677,493.883301,0.104167,0.629921,B4,right
13.125010,48.999429,0.208334,0.787402,G1,left
13.125010,369.994423,0.208334,0.787402,F#4,right
13.125010,493.883301,0.208334,0.629921,B4,right
0.000000,41.203445,0.208334,0.787402,E1,left
0.000000,82.406889,0.208334,0.787402,E2,left
0.000000,246.941651,0.416667,0.787402,B3,left
0.000000,329.627557,0.416667,0.629921,E4,right
0.416667,41.203445,0.208334,0.787402,E1,left
0.416667,82.406889,0.208334,0.787402,E2,left
0.416667,329.627557,0.104167,0.787402,E4,right
0.416667,493.883301,0.104167,0.629921,B4,right
0.625000,41.203445,0.104167,0.787402,E1,left
0.729167,41.203445,0.104167,0.787402,E1,left
0.833334,41.203445,0.208334,0.787402,E1,left
0.833334,82.406889,0.208334,0.787402,E2,left
0.833334,329.627557,0.208334,0.787402,E4,right
0.833334,493.883301,0.208334,0.629921,B4,right
1.041668,41.203445,0.208334,0.787402,E1,left
1.041668,293.664768,0.208334,0.787402,D4,right
1.041668,440.000000,0.208334,0.629921,A4,right
1.250001,41.203445,0.208334,0.787402,E1,left
1.250001,82.406889,0.208334,0.787402,E2,left
1.250001,329.627557,0.104167,0.787402,E4,right
1.250001,493.883301,0.104167,0.629921,B4,right
1.458334,41.203445,0.208334,0.787402,E1,left
1.458334,369.994423,0.104167,0.787402,F#4,right
1.458334,493.883301,0.104167,0.629921,B4,right
1.666668,61.735413,0.208334,0.787402,B1,left
1.666668,123.470825,0.208334,0.787402,B2,left
1.666668,493.883301,0.312500,0.787402,B4,right
1.666668,739.988845,0.312500,0.629921,F#5,right
1.979168,493.883301,0.104167,0.787402,B4,right
1.979168,739.988845,0.104167,0.629921,F#5,right
2.083335,61.735413,0.208334,0.787402,B1,left
2.083335,123.470825,0.208334,0.787402,B2,left
2.083335,369.994423,0.312500,0.787402,F#4,right
2.083335,493.883301,0.312500,0.629921,B4,right
2.291669,61.735413,0.104167,0.787402,B1,left
2.395835,61.735413,0.104167,0.787402,B1,left
2.395835,369.994423,0.104167,0.787402,F#4,right
2.395835,493.883301,0.104167,0.629921,B4,right
2.500002,61.735413,0.208334,0.787402,B1,left
2.500002,123.470825,0.208334,0.787402,B2,left
2.500002,391.995436,0.104167,0.787402,G4,right
2.500002,587.329536,0.104167,0.629921,D5,right
2.708335,369.994423,0.104167,0.787402,F#4,right
2.708335,554.365262,0.104167,0.629921,C#5,right
2.916669,61.735413,0.208334,0.787402,B1,left
2.916669,123.470825,0.208334,0.787402,B2,left
2.916669,329.627557,0.104167,0.787402,E4,right
2.916669,493.883301,0.104167,0.629921,B4,right
3.125002,61.735413,0.208334,0.787402,B1,left
3.125002,369.994423,0.208334,0.787402,F#4,right
3.125002,493.883301,0.208334,0.629921,B4,right
3.333336,65.406391,0.208334,0.787402,C2,left
3.333336,130.812783,0.208334,0.787402,C3,left
3.333336,391.995436,0.208334,0.787402,G4,right
3.333336,659.255114,0.208334,0.629921,E5,right
3.541669,369.994423,0.104167,0.787402,F#4,right
3.541669,659.255114,0.104167,0.629921,E5,right
3.750003,65.406391,0.208334,0.787402,C2,left
3.750003,130.812783,0.208334,0.787402,C3,left
3.750003,246.941651,0.208334,0.787402,B3,left
3.750003,329.627557,0.208334,0.629921,E4,right
3.958337,65.406391,0.104167,0.787402,C2,left
3.958337,329.627557,0.208334,0.629921,E4,right
3.958337,369.994423,0.208334,0.787402,F#4,right
4.062503,65.406391,0.104167,0.787402,C2,left
4.166670,46.249303,0.104167,0.787402,F#1,left
4.166670,92.498606,0.104167,0.787402,F#2,left
4.166670,391.995436,0.104167,0.669291,G4,right
4.166670,554.365262,0.833334,0.629921,C#5,right
4.270837,46.249303,0.104167,0.787402,F#1,left
4.270837,369.994423,0.104167,0.669291,F#4,right
4.375003,46.249303,0.104167,0.787402,F#1,left
4.375003,92.498606,0.104167,0.787402,F#2,left
4.375003,391.995436,0.104167,0.708661,G4,right
4.479170,46.249303,0.104167,0.787402,F#1,left
4.479170,369.994423,0.104167,0.708661,F#4,right
4.583337,46.249303,0.104167,0.787402,F#1,left
4.583337,92.498606,0.104167,0.787402,F#2,left
4.583337,391.995436,0.104167,0.748031,G4,right
4.687504,46.249303,0.104167,0.787402,F#1,left
4.687504,369.994423,0.104167,0.748031,F#4,right
4.791670,46.249303,0.104167,0.787402,F#1,left
4.791670,92.498606,0.104167,0.787402,F#2,left
4.791670,391.995436,0.104167,0.787402,G4,right
4.895837,46.249303,0.104167,0.787402,F#1,left
4.895837,369.994423,0.104167,0.787402,F#4,right
5.000004,61.735413,0.208334,0.787402,B1,left
5.000004,246.941651,0.208334,0.787402,B3,left
5.000004,554.365262,0.208334,0.787402,C#5,right
5.000004,587.329536,0.208334,0.629921,D5,right
5.000004,739.988845,0.208334,0.629921,F#5,right
5.416671,61.735413,0.208334,0.787402,B1,left
5.416671,554.365262,0.208334,0.787402,C#5,right
5.416671,739.988845,0.208334,0.629921,F#5,right
5.833338,61.735413,0.208334,0.787402,B1,left
5.833338,493.883301,0.208334,0.787402,B4,right
5.833338,659.255114,0.208334,0.629921,E5,right
6.041671,65.406391,0.104167,0.787402,C2,left
6.041671,554.365262,0.208334,0.787402,C#5,right
6.041671,739.988845,0.208334,0.629921,F#5,right
6.250005,61.735413,0.208334,0.787402,B1,left
6.250005,369.994423,0.208334,0.787402,F#4,right
6.250005,493.883301,0.208334,0.629921,B4,right
6.458338,65.406391,0.052083,0.787402,C2,left
6.562505,65.406391,0.052083,0.787402,C2,left
6.666672,61.735413,0.208334,0.787402,B1,left
6.666672,329.627557,0.208334,0.787402,E4,right
6.666672,369.994423,0.208334,0.629921,F#4,right
7.083339,61.735413,0.208334,0.787402,B1,left
7.083339,329.627557,0.208334,0.787402,E4,right
7.083339,440.000000,0.208334,0.629921,A4,right
7.500006,61.735413,0.208334,0.787402,B1,left
7.500006,293.664768,0.208334,0.787402,D4,right
7.500006,391.995436,0.104167,0.629921,G4,right
7.604173,369.994423,0.104167,0.629921,F#4,right
7.708339,97.998859,0.104167,0.787402,G2,left
7.708339,220.000000,0.208334,0.787402,A3,left
7.708339,349.228231,0.208334,0.629921,F4,right
7.916673,92.498606,0.208334,0.787402,F#2,left
7.916673,349.228231,0.208334,0.787402,F4,right
7.916673,440.000000,0.208334,0.629921,A4,right
8.333340,61.735413,0.208334,0.787402,B1,left
8.333340,369.994423,2.916669,0.787402,F#4,right
8.333340,739.988845,0.208334,0.629921,F#5,right
8.750007,123.470825,0.208334,0.787402,B2,left
8.750007,739.988845,0.208334,0.629921,F#5,right
8.958340,61.735413,0.104167,0.787402,B1,left
9.166674,61.735413,0.208334,0.787402,B1,left
9.166674,659.255114,0.208334,0.629921,E5,right
9.375007,61.735413,0.052083,0.787402,B1,left
9.375007,739.988845,0.208334,0.629921,F#5,right
9.479174,61.735413,0.052083,0.787402,B1,left
9.583341,61.735413,0.208334,0.787402,B1,left
9.583341,493.883301,0.208334,0.629921,B4,right
9.791674,46.249303,0.104167,0.787402,F#1,left
10.000008,61.735413,0.208334,0.787402,B1,left
10.000008,739.988845,0.208334,0.629921,F#5,right
10.208342,123.470825,0.052083,0.787402,B2,left
10.312508,123.470825,0.052083,0.787402,B2,left
10.416675,61.735413,0.208334,0.787402,B1,left
10.416675,659.255114,0.208334,0.629921,E5,right
10.625008,123.470825,0.104167,0.787402,B2,left
10.625008,493.883301,0.208334,0.629921,B4,right
10.833342,61.735413,0.208334,0.787402,B1,left
10.833342,783.990872,0.104167,0.629921,G5,right
10.937509,739.988845,0.104167,0.629921,F#5,right
11.041675,97.998859,0.052083,0.787402,G2,left
11.041675,698.456463,0.208334,0.629921,F5,right
11.145842,97.998859,0.052083,0.787402,G2,left
11.250009,92.498606,0.208334,0.787402,F#2,left
11.250009,783.990872,0.104167,0.629921,G5,right
11.354176,739.988845,0.104167,0.629921,F#5,right
11.458343,698.456463,0.208334,0.629921,F5,right
11.666676,61.735413,0.208334,0.787402,B1,left
11.666676,554.365262,0.208334,0.787402,C#5,right
11.666676,739.988845,0.208334,0.629921,F#5,right
12.083343,61.735413,0.208334,0.787402,B1,left
12.083343,554.365262,0.208334,0.787402,C#5,right
12.083343,739.988845,0.208334,0.629921,F#5,right
12.291676,123.470825,0.052083,0.787402,B2,left
12.500010,61.735413,0.208334,0.787402,B1,left
12.500010,493.883301,0.208334,0.787402,B4,right
12.500010,659.255114,0.208334,0.629921,E5,right
12.708343,123.470825,0.052083,0.787402,B2,left
12.708343,554.365262,0.208334,0.787402,C#5,right
12.708343,739.988845,0.208334,0.629921,F#5,right
12.916677,61.735413,0.208334,0.787402,B1,left
12.916677,369.994423,0.208334,0.787402,F#4,right
12.916677,493.883301,0.208334,0.629921,B4,right
13.125011,61.735413,0.052083,0.787402,B1,left
13.229177,61.735413,0.052083,0.787402,B1,left
0.000000,61.735413,0.208334,0.787402,B1,left
0.000000,329.627557,0.208334,0.787402,E4,right
0.000000,369.994423,0.208334,0.629921,F#4,right
0.208333,123.470825,0.052083,0.787402,B2,left
0.312500,123.470825,0.052083,0.787402,B2,left
0.416667,61.735413,0.208334,0.787402,B1,left
0.416667,329.627557,0.208334,0.787402,E4,right
0.416667,440.000000,0.208334,0.629921,A4,right
0.625000,123.470825,0.052083,0.787402,B2,left
0.833334,61.735413,0.208334,0.787402,B1,left
0.833334,293.664768,0.208334,0.787402,D4,right
0.833334,391.995436,0.104167,0.629921,G4,right
0.937501,369.994423,0.104167,0.629921,F#4,right
1.041668,97.998859,0.104167,0.787402,G2,left
1.041668,220.000000,0.208334,0.787402,A3,left
1.041668,349.228231,0.208334,0.629921,F4,right
1.250001,92.498606,0.208334,0.787402,F#2,left
1.250001,349.228231,0.208334,0.787402,F4,right
1.250001,440.000000,0.208334,0.629921,A4,right
1.666668,61.735413,0.208334,0.787402,B1,left
1.666668,369.994423,2.708336,0.787402,F#4,right
1.666668,739.988845,0.208334,0.629921,F#5,right
2.083335,123.470825,0.208334,0.787402,B2,left
2.083335,739.988845,0.208334,0.629921,F#5,right
2.291669,61.735413,0.104167,0.787402,B1,left
2.500002,61.735413,0.208334,0.787402,B1,left
2.500002,659.255114,0.208334,0.629921,E5,right
2.708336,58.270470,0.104167,0.787402,A#1,left
2.708336,739.988845,0.208334,0.629921,F#5,right
2.916669,61.735413,0.208334,0.787402,B1,left
2.916669,493.883301,0.208334,0.629921,B4,right
3.125002,61.735413,0.052083,0.787402,B1,left
3.229169,61.735413,0.052083,0.787402,B1,left
3.333336,61.735413,0.208334,0.787402,B1,left
3.333336,739.988845,0.208334,0.629921,F#5,right
3.541669,123.470825,0.052083,0.787402,B2,left
3.645836,123.470825,0.052083,0.787402,B2,left
3.750003,61.735413,0.208334,0.787402,B1,left
3.750003,659.255114,0.208334,0.629921,E5,right
3.958337,123.470825,0.104167,0.787402,B2,left
3.958337,493.883301,0.208334,0.629921,B4,right
4.166670,61.735413,0.208334,0.787402,B1,left
4.166670,783.990872,0.104167,0.629921,G5,right
4.270837,739.988845,0.104167,0.629921,F#5,right
4.375004,97.998859,0.052083,0.787402,G2,left
4.375004,184.997211,0.208334,0.629921,F#3,left
4.479170,97.998859,0.052083,0.787402,G2,left
4.583337,92.498606,0.208334,0.787402,F#2,left
4.583337,184.997211,0.208334,0.629921,F#3,left
4.791670,184.997211,0.208334,0.629921,F#3,left
5.000004,61.735413,0.208334,0.787402,B1,left
5.000004,369.994423,0.208334,0.787402,F#4,right
5.416671,61.735413,0.208334,0.787402,B1,left
5.416671,369.994423,0.208334,0.787402,F#4,right
5.833338,61.735413,0.208334,0.787402,B1,left
5.833338,329.627557,0.208334,0.787402,E4,right
6.041672,65.406391,0.104167,0.787402,C2,left
6.041672,369.994423,0.208334,0.787402,F#4,right
6.250005,61.735413,0.208334,0.787402,B1,left
6.250005,246.941651,0.208334,0.787402,B3,left
6.458338,65.406391,0.052083,0.787402,C2,left
6.562505,65.406391,0.052083,0.787402,C2,left
6.666672,61.735413,0.208334,0.787402,B1,left
6.666672,369.994423,0.208334,0.787402,F#4,right
6.875006,369.994423,0.208334,0.787402,F#4,right
7.083339,61.735413,0.208334,0.787402,B1,left
7.083339,369.994423,0.208334,0.787402,F#4,right
7.291673,554.365262,0.208334,0.787402,C#5,right
7.500006,61.735413,0.208334,0.787402,B1,left
7.708339,97.998859,0.104167,0.787402,G2,left
7.708339,369.994423,0.208334,0.787402,F#4,right
7.916673,92.498606,0.208334,0.787402,F#2,left
7.916673,329.627557,0.208334,0.787402,E4,right
8.125006,61.735413,0.052083,0.787402,B1,left
8.125006,369.994423,0.208334,0.787402,F#4,right
8.229173,61.735413,0.052083,0.787402,B1,left
8.333340,61.735413,0.208334,0.787402,B1,left
8.333340,369.994423,0.208334,0.787402,F#4,right
8.750007,123.470825,0.208334,0.787402,B2,left
8.750007,369.994423,0.208334,0.787402,F#4,right
8.958341,61.735413,0.104167,0.787402,B1,left
9.062507,369.994423,0.104167,0.787402,F#4,right
9.166674,61.735413,0.208334,0.787402,B1,left
9.166674,329.627557,0.208334,0.787402,E4,right
9.375007,61.735413,0.052083,0.787402,B1,left
9.375007,369.994423,0.208334,0.787402,F#4,right
9.479174,61.735413,0.052083,0.787402,B1,left
9.583341,61.735413,0.208334,0.787402,B1,left
9.583341,246.941651,0.208334,0.787402,B3,left
9.791674,65.406391,0.052083,0.787402,C2,left
9.791674,246.941651,0.208334,0.787402,B3,left
9.895841,65.406391,0.052083,0.787402,C2,left
10.000008,61.735413,0.208334,0.787402,B1,left
10.000008,293.664768,0.208334,0.787402,D4,right
10.208342,123.470825,0.052083,0.787402,B2,left
10.208342,293.664768,0.208334,0.787402,D4,right
10.312508,123.470825,0.052083,0.787402,B2,left
10.416675,61.735413,0.208334,0.787402,B1,left
10.416675,277.182631,0.208334,0.787402,C#4,right
10.625009,123.470825,0.104167,0.787402,B2,left
10.625009,293.664768,0.208334,0.787402,D4,right
10.833342,61.735413,0.208334,0.787402,B1,left
10.833342,369.994423,0.208334,0.787402,F#4,right
11.041675,46.249303,0.104167,0.787402,F#1,left
11.250009,46.249303,0.416667,0.787402,F#1,left
11.666676,61.735413,0.104167,0.787402,B1,left
11.666676,369.994423,0.208334,0.787402,F#4,right
12.083343,61.735413,0.416667,0.787402,B1,left
12.083343,369.994423,0.208334,0.787402,F#4,right
12.395843,369.994423,0.104167,0.787402,F#4,right
12.500010,61.735413,0.208334,0.787402,B1,left
12.500010,329.627557,0.208334,0.787402,E4,right
12.708343,61.735413,0.052083,0.787402,B1,left
12.708343,369.994423,0.208334,0.787402,F#4,right
12.812510,61.735413,0.052083,0.787402,B1,left
12.916677,61.735413,0.416667,0.787402,B1,left
12.916677,246.941651,0.208334,0.787402,B3,left
0.000000,61.735413,0.104167,0.787402,B1,left
0.000000,369.994423,0.208334,0.787402,F#4,right
0.208334,369.994423,0.208334,0.787402,F#4,right
0.416667,61.735413,0.416667,0.787402,B1,left
0.416667,369.994423,0.208334,0.787402,F#4,right
0.625000,554.365262,0.208334,0.787402,C#5,right
0.833334,61.735413,0.104167,0.787402,B1,left
1.041668,97.998859,0.052083,0.787402,G2,left
1.041668,369.994423,0.208334,0.787402,F#4,right
1.145834,97.998859,0.052083,0.787402,G2,left
1.250001,92.498606,0.416667,0.787402,F#2,left
1.250001,329.627557,0.208334,0.787402,E4,right
1.458335,246.941651,0.208334,0.787402,B3,left
1.666668,61.735413,0.208334,0.787402,B1,left
1.666668,369.994423,0.208334,0.787402,F#4,right
1.979168,369.994423,0.104167,0.787402,F#4,right
2.083335,123.470825,0.208334,0.787402,B2,left
2.083335,369.994423,0.208334,0.787402,F#4,right
2.291669,61.735413,0.104167,0.787402,B1,left
2.395835,369.994423,0.104167,0.787402,F#4,right
2.500002,61.735413,0.208334,0.787402,B1,left
2.500002,329.627557,0.208334,0.787402,E4,right
2.708336,61.735413,0.052083,0.787402,B1,left
2.708336,369.994423,0.208334,0.787402,F#4,right
2.812502,61.735413,0.052083,0.787402,B1,left
2.916669,61.735413,0.208334,0.787402,B1,left
2.916669,246.941651,0.208334,0.787402,B3,left
3.125003,61.735413,0.208334,0.787402,B1,left
3.125003,246.941651,0.208334,0.787402,B3,left
3.333336,61.735413,0.208334,0.787402,B1,left
3.333336,293.664768,0.208334,0.787402,D4,right
3.541669,123.470825,0.052083,0.787402,B2,left
3.541669,293.664768,0.208334,0.787402,D4,right
3.645836,123.470825,0.052083,0.787402,B2,left
3.750003,61.735413,0.208334,0.787402,B1,left
3.750003,277.182631,0.208334,0.787402,C#4,right
3.958337,123.470825,0.104167,0.787402,B2,left
3.958337,369.994423,0.208334,0.787402,F#4,right
4.166670,55.000000,0.208334,0.787402,A1,left
4.375004,110.000000,0.104167,0.787402,A2,left
4.375004,391.995436,0.208334,0.787402,G4,right
4.583337,110.000000,0.208334,0.787402,A2,left
4.583337,369.994423,0.208334,0.787402,F#4,right
4.791671,46.249303,0.208334,0.787402,F#1,left
5.000004,97.998859,0.208334,0.787402,G2,left
5.000004,659.255114,0.208334,0.787402,E5,right
5.208337,739.988845,0.208334,0.787402,F#5,right
5.416671,48.999429,0.312500,0.787402,G1,left
5.416671,493.883301,0.208334,0.787402,B4,right
5.729171,48.999429,0.052083,0.787402,G1,left
5.833338,48.999429,0.104167,0.787402,G1,left
5.833338,369.994423,0.208334,0.787402,F#4,right
6.041672,48.999429,0.104167,0.787402,G1,left
6.250005,97.998859,0.416667,0.787402,G2,left
6.250005,369.994423,0.208334,0.787402,F#4,right
6.666672,41.203445,0.208334,0.787402,E1,left
6.666672,369.994423,0.208334,0.787402,F#4,right
6.875006,493.883301,0.208334,0.787402,B4,right
7.083339,41.203445,0.416667,0.787402,E1,left
7.083339,493.883301,0.208334,0.787402,B4,right
7.500006,55.000000,0.104167,0.787402,A1,left
7.500006,554.365262,0.208334,0.787402,C#5,right
7.708340,55.000000,0.104167,0.787402,A1,left
7.916673,110.000000,0.208334,0.787402,A2,left
8.125006,116.540940,0.208334,0.787402,A#2,left
8.333340,61.735413,0.104167,0.787402,B1,left
8.333340,659.255114,0.208334,0.787402,E5,right
8.541674,739.988845,0.208334,0.787402,F#5,right
8.750007,61.735413,0.416667,0.787402,B1,left
8.750007,493.883301,0.208334,0.787402,B4,right
9.062507,493.883301,0.104167,0.787402,B4,right
9.166674,61.735413,0.104167,0.787402,B1,left
9.166674,369.994423,0.104167,0.787402,F#4,right
9.375007,61.735413,0.104167,0.787402,B1,left
9.375007,493.883301,0.208334,0.787402,B4,right
9.583341,73.416192,0.416667,0.787402,D2,left
9.583341,493.883301,0.208334,0.787402,B4,right
9.895841,493.883301,0.104167,0.787402,B4,right
10.000008,65.406391,0.104167,0.787402,C2,left
10.000008,369.994423,0.208334,0.787402,F#4,right
10.208342,61.735413,0.208334,0.787402,B1,left
10.208342,880.000000,0.416667,0.787402,A5,right
10.416675,65.406391,0.208334,0.787402,C2,left
10.625008,61.735413,0.208334,0.787402,B1,left
10.625008,880.000000,0.104167,0.787402,A5,right
10.729175,880.000000,0.104167,0.787402,A5,right
10.833342,65.406391,0.208334,0.787402,C2,left
10.833342,880.000000,0.208334,0.787402,A5,right
11.041676,82.406889,0.104167,0.787402,E2,left
11.041676,987.766603,0.208334,0.787402,B5,right
11.250009,92.498606,0.208334,0.787402,F#2,left
11.250009,739.988845,0.208334,0.787402,F#5,right
11.458343,110.000000,0.208334,0.787402,A2,left
11.562509,659.255114,0.104167,0.787402,E5,right
11.666676,97.998859,0.208334,0.787402,G2,left
11.666676,659.255114,0.208334,0.787402,E5,right
11.875009,739.988845,0.208334,0.787402,F#5,right
12.083343,97.998859,0.208334,0.787402,G2,left
12.083343,493.883301,0.208334,0.787402,B4,right
12.291677,48.999429,0.052083,0.787402,G1,left
12.395843,48.999429,0.052083,0.787402,G1,left
12.395843,369.994423,0.104167,0.787402,F#4,right
12.500010,97.998859,0.208334,0.787402,G2,left
12.500010,369.994423,0.208334,0.787402,F#4,right
12.708343,493.883301,0.208334,0.787402,B4,right
12.916677,97.998859,0.208334,0.787402,G2,left
12.916677,493.883301,0.208334,0.787402,B4,right
13.125011,48.999429,0.208334,0.787402,G1,left
13.229177,369.994423,0.104167,0.787402,F#4,right
0.000000,82.406889,0.208334,0.787402,E2,left
0.000000,369.994423,0.208334,0.787402,F#4,right
0.208334,493.883301,0.208334,0.787402,B4,right
0.416667,82.406889,0.208334,0.787402,E2,left
0.416667,493.883301,0.208334,0.787402,B4,right
0.625000,41.203445,0.052083,0.787402,E1,left
0.625000,587.329536,0.208334,0.787402,D5,right
0.729167,41.203445,0.052083,0.787402,E1,left
0.833334,82.406889,0.208334,0.787402,E2,left
1.041668,41.203445,0.208334,0.787402,E1,left
1.041668,587.329536,0.208334,0.787402,D5,right
1.250001,82.406889,0.208334,0.787402,E2,left
1.250001,554.365262,0.208334,0.787402,C#5,right
1.458335,41.203445,0.208334,0.787402,E1,left
1.458335,493.883301,0.208334,0.787402,B4,right
1.666668,46.249303,0.104167,0.787402,F#1,left
1.666668,554.365262,0.104167,0.787402,C#5,right
1.770835,46.249303,0.104167,0.787402,F#1,left
1.770835,554.365262,0.104167,0.787402,C#5,right
1.875001,46.249303,0.104167,0.787402,F#1,left
1.979168,46.249303,0.104167,0.787402,F#1,left
1.979168,554.365262,0.104167,0.787402,C#5,right
2.083335,46.249303,0.104167,0.787402,F#1,left
2.083335,554.365262,0.208334,0.787402,C#5,right
2.187502,46.249303,0.104167,0.787402,F#1,left
2.291669,46.249303,0.104167,0.787402,F#1,left
2.291669,369.994423,0.104167,0.787402,F#4,right
2.395835,46.249303,0.104167,0.787402,F#1,left
2.395835,369.994423,0.104167,0.787402,F#4,right
2.500002,46.249303,0.104167,0.787402,F#1,left
2.500002,369.994423,0.104167,0.787402,F#4,right
2.604169,46.249303,0.104167,0.787402,F#1,left
2.604169,554.365262,0.104167,0.787402,C#5,right
2.708336,46.249303,0.104167,0.787402,F#1,left
2.708336,369.994423,0.208334,0.787402,F#4,right
2.812502,46.249303,0.104167,0.787402,F#1,left
2.916669,46.249303,0.104167,0.787402,F#1,left
2.916669,369.994423,0.208334,0.787402,F#4,right
3.020836,46.249303,0.104167,0.787402,F#1,left
3.125002,46.249303,0.104167,0.787402,F#1,left
3.125002,554.365262,0.104167,0.787402,C#5,right
3.229169,46.249303,0.104167,0.787402,F#1,left
3.229169,554.365262,0.104167,0.787402,C#5,right
3.333336,92.498606,0.104167,0.787402,F#2,left
3.333336,830.609395,0.104167,0.787402,G#5,right
3.437503,92.498606,0.104167,0.787402,F#2,left
3.437503,830.609395,0.104167,0.787402,G#5,right
3.541670,92.498606,0.104167,0.787402,F#2,left
3.541670,739.988845,0.208334,0.787402,F#5,right
3.645836,92.498606,0.104167,0.787402,F#2,left
3.750003,92.498606,0.104167,0.787402,F#2,left
3.750003,739.988845,0.208334,0.787402,F#5,right
3.854170,92.498606,0.104167,0.787402,F#2,left
3.958337,92.498606,0.104167,0.787402,F#2,left
3.958337,739.988845,0.208334,0.787402,F#5,right
4.062503,92.498606,0.104167,0.787402,F#2,left
4.166670,110.000000,0.104167,0.787402,A2,left
4.166670,739.988845,0.312500,0.787402,F#5,right
4.479170,103.826174,0.104167,0.787402,G#2,left
4.583337,97.998859,0.104167,0.787402,G2,left
4.791671,92.498606,0.104167,0.787402,F#2,left
5.000004,61.735413,0.208334,0.787402,B1,left
5.000004,92.498606,0.208334,0.708661,F#2,left
5.000004,369.994423,0.208334,0.629921,F#4,right
5.000004,554.365262,0.208334,0.787402,C#5,right
5.208337,123.470825,0.208334,0.787402,B2,left
5.416671,61.735413,0.208334,0.787402,B1,left
5.416671,92.498606,0.208334,0.708661,F#2,left
5.416671,369.994423,0.416667,0.629921,F#4,right
5.416671,554.365262,0.416667,0.787402,C#5,right
5.625005,92.498606,0.208334,0.708661,F#2,left
5.625005,123.470825,0.208334,0.787402,B2,left
5.833338,61.735413,0.208334,0.787402,B1,left
5.833338,92.498606,0.208334,0.708661,F#2,left
5.833338,277.182631,0.104167,0.787402,C#4,right
5.833338,369.994423,0.104167,0.629921,F#4,right
6.041672,73.416192,0.104167,0.787402,D2,left
6.041672,277.182631,0.104167,0.787402,C#4,right
6.041672,369.994423,0.104167,0.629921,F#4,right
6.145838,73.416192,0.104167,0.787402,D2,left
6.145838,277.182631,0.104167,0.787402,C#4,right
6.145838,369.994423,0.104167,0.629921,F#4,right
6.250005,69.295658,0.208334,0.787402,C#2,left
6.250005,92.498606,0.208334,0.708661,F#2,left
6.250005,277.182631,0.208334,0.787402,C#4,right
6.250005,369.994423,0.208334,0.629921,F#4,right
6.458338,55.000000,0.208334,0.787402,A1,left
6.458338,92.498606,0.208334,0.708661,F#2,left
6.458338,246.941651,0.208334,0.787402,B3,left
6.458338,369.994423,0.208334,0.629921,F#4,right
6.666672,46.249303,0.208334,0.787402,F#1,left
6.666672,69.295658,0.208334,0.708661,C#2,left
6.666672,277.182631,0.208334,0.787402,C#4,right
6.666672,369.994423,0.208334,0.629921,F#4,right
6.875006,92.498606,0.208334,0.787402,F#2,left
6.875006,246.941651,0.208334,0.787402,B3,left
6.875006,329.627557,0.208334,0.629921,E4,right
7.083339,46.249303,0.208334,0.787402,F#1,left
7.083339,69.295658,0.208334,0.708661,C#2,left
7.083339,277.182631,0.104167,0.787402,C#4,right
7.083339,369.994423,0.104167,0.629921,F#4,right
7.291673,46.249303,0.104167,0.787402,F#1,left
7.291673,69.295658,0.208334,0.708661,C#2,left
7.291673,92.498606,0.104167,0.787402,F#2,left
7.291673,277.182631,0.104167,0.629921,C#4,right
7.291673,440.000000,0.104167,0.787402,A4,right
7.500006,46.249303,0.208334,0.787402,F#1,left
7.500006,69.295658,0.208334,0.708661,C#2,left
7.500006,92.498606,0.208334,0.787402,F#2,left
7.500006,277.182631,0.208334,0.629921,C#4,right
7.500006,440.000000,0.208334,0.787402,A4,right
7.708339,92.498606,0.104167,0.787402,F#2,left
7.812506,92.498606,0.104167,0.787402,F#2,left
7.916673,69.295658,0.208334,0.787402,C#2,left
7.916673,369.994423,0.416667,0.629921,F#4,right
7.916673,493.883301,0.416667,0.787402,B4,right
8.125007,46.249303,0.208334,0.787402,F#1,left
8.125007,69.295658,0.208334,0.708661,C#2,left
8.333340,48.999429,0.208334,0.787402,G1,left
8.333340,73.416192,0.208334,0.708661,D2,left
8.333340,220.000000,0.208334,0.629921,A3,left
8.333340,293.664768,0.208334,0.787402,D4,right
8.541674,97.998859,0.208334,0.787402,G2,left
8.541674,220.000000,0.104167,0.629921,A3,left
8.541674,440.000000,0.104167,0.787402,A4,right
8.645840,293.664768,0.104167,0.629921,D4,right
8.645840,440.000000,0.104167,0.787402,A4,right
8.750007,48.999429,0.208334,0.787402,G1,left
8.750007,73.416192,0.208334,0.708661,D2,left
8.750007,293.664768,0.208334,0.629921,D4,right
8.750007,440.000000,0.208334,0.787402,A4,right
8.958341,97.998859,0.208334,0.787402,G2,left
8.958341,293.664768,0.104167,0.629921,D4,right
8.958341,440.000000,0.104167,0.787402,A4,right
9.166674,48.999429,0.208334,0.787402,G1,left
9.166674,73.416192,0.208334,0.708661,D2,left
9.166674,293.664768,0.208334,0.629921,D4,right
9.166674,440.000000,0.208334,0.787402,A4,right
9.375008,48.999429,0.104167,0.787402,G1,left
9.375008,369.994423,0.208334,0.629921,F#4,right
9.375008,493.883301,0.208334,0.787402,B4,right
9.479174,48.999429,0.104167,0.787402,G1,left
9.583341,61.735413,0.208334,0.708661,B1,left
9.583341,97.998859,0.208334,0.787402,G2,left
9.583341,293.664768,0.208334,0.629921,D4,right
9.583341,440.000000,0.208334,0.787402,A4,right
9.791674,48.999429,0.104167,0.787402,G1,left
9.791674,293.664768,0.104167,0.629921,D4,right
9.791674,440.000000,0.104167,0.787402,A4,right
9.895841,48.999429,0.104167,0.787402,G1,left
9.895841,293.664768,0.104167,0.787402,D4,right
9.895841,329.627557,0.104167,0.629921,E4,right
10.000008,55.000000,0.208334,0.787402,A1,left
10.000008,92.498606,0.208334,0.708661,F#2,left
10.000008,110.000000,0.208334,0.787402,A2,left
10.000008,277.182631,0.208334,0.787402,C#4,right
10.000008,329.627557,0.208334,0.629921,E4,right
10.208342,55.000000,0.104167,0.787402,A1,left
10.208342,329.627557,0.208334,0.629921,E4,right
10.208342,440.000000,0.208334,0.787402,A4,right
10.312508,55.000000,0.104167,0.787402,A1,left
10.416675,55.000000,0.208334,0.787402,A1,left
10.416675,92.498606,0.208334,0.708661,F#2,left
10.416675,110.000000,0.208334,0.787402,A2,left
10.416675,329.627557,0.208334,0.629921,E4,right
10.416675,440.000000,0.208334,0.787402,A4,right
10.625009,55.000000,0.104167,0.787402,A1,left
10.625009,277.182631,0.104167,0.787402,C#4,right
10.625009,329.627557,0.104167,0.629921,E4,right
10.729175,55.000000,0.104167,0.787402,A1,left
10.729175,277.182631,0.104167,0.787402,C#4,right
10.729175,329.627557,0.104167,0.629921,E4,right
10.833342,58.270470,0.208334,0.787402,A#1,left
10.833342,92.498606,0.208334,0.708661,F#2,left
10.833342,116.540940,0.208334,0.787402,A#2,left
10.833342,277.182631,0.104167,0.787402,C#4,right
10.833342,369.994423,0.104167,0.629921,F#4,right
11.041675,58.270470,0.104167,0.787402,A#1,left
11.041675,369.994423,0.208334,0.629921,F#4,right
11.041675,440.000000,0.208334,0.787402,A4,right
11.145842,58.270470,0.104167,0.787402,A#1,left
11.250009,58.270470,0.208334,0.787402,A#1,left
11.250009,92.498606,0.208334,0.708661,F#2,left
11.250009,116.540940,0.208334,0.787402,A#2,left
11.250009,277.182631,0.104167,0.629921,C#4,right
11.250009,369.994423,0.104167,0.787402,F#4,right
11.458343,58.270470,0.104167,0.787402,A#1,left
11.458343,92.498606,0.208334,0.708661,F#2,left
11.458343,277.182631,0.208334,0.629921,C#4,right
11.458343,369.994423,0.208334,0.787402,F#4,right
11.562509,58.270470,0.104167,0.787402,A#1,left
11.666676,61.735413,0.208334,0.787402,B1,left
11.666676,92.498606,0.208334,0.708661,F#2,left
11.666676,369.994423,0.208334,0.629921,F#4,right
11.666676,554.365262,0.208334,0.787402,C#5,right
11.875010,123.470825,0.208334,0.787402,B2,left
12.083343,61.735413,0.208334,0.787402,B1,left
12.083343,92.498606,0.208334,0.708661,F#2,left
12.083343,369.994423,0.416667,0.629921,F#4,right
12.083343,554.365262,0.416667,0.787402,C#5,right
12.291676,92.498606,0.208334,0.708661,F#2,left
12.291676,123.470825,0.208334,0.787402,B2,left
12.500010,61.735413,0.208334,0.787402,B1,left
12.500010,92.498606,0.208334,0.708661,F#2,left
12.500010,277.182631,0.312500,0.787402,C#4,right
12.500010,440.000000,0.312500,0.629921,A4,right
12.708344,73.416192,0.104167,0.787402,D2,left
12.812510,73.416192,0.104167,0.787402,D2,left
12.812510,277.182631,0.104167,0.787402,C#4,right
12.812510,440.000000,0.104167,0.629921,A4,right
12.916677,69.295658,0.208334,0.787402,C#2,left
12.916677,92.498606,0.208334,0.708661,F#2,left
12.916677,277.182631,0.208334,0.787402,C#4,right
12.916677,440.000000,0.208334,0.629921,A4,right
13.125011,55.000000,0.208334,0.787402,A1,left
13.125011,92.498606,0.208334,0.708661,F#2,left
13.125011,246.941651,0.208334,0.787402,B3,left
13.125011,369.994423,0.208334,0.629921,F#4,right
0.000000,46.249303,0.208334,0.787402,F#1,left
0.000000,69.295658,0.208334,0.708661,C#2,left
0.000000,277.182631,0.208334,0.787402,C#4,right
0.000000,369.994423,0.208334,0.629921,F#4,right
0.208334,92.498606,0.208334,0.787402,F#2,left
0.208334,246.941651,0.104167,0.787402,B3,left
0.208334,369.994423,0.104167,0.629921,F#4,right
0.416667,46.249303,0.208334,0.787402,F#1,left
0.416667,69.295658,0.208334,0.708661,C#2,left
0.416667,246.941651,0.104167,0.787402,B3,left
0.416667,329.627557,0.104167,0.629921,E4,right
0.625000,46.249303,0.104167,0.787402,F#1,left
0.625000,69.295658,0.208334,0.708661,C#2,left
0.625000,92.498606,0.104167,0.787402,F#2,left
0.625000,369.994423,0.104167,0.629921,F#4,right
0.625000,587.329536,0.104167,0.787402,D5,right
0.833334,46.249303,0.208334,0.787402,F#1,left
0.833334,69.295658,0.208334,0.708661,C#2,left
0.833334,92.498606,0.208334,0.787402,F#2,left
0.833334,277.182631,0.208334,0.629921,C#4,right
0.833334,440.000000,0.208334,0.787402,A4,right
1.041667,92.498606,0.104167,0.787402,F#2,left
1.145834,92.498606,0.104167,0.787402,F#2,left
1.250001,69.295658,0.208334,0.787402,C#2,left
1.250001,369.994423,0.416667,0.629921,F#4,right
1.250001,440.000000,0.416667,0.787402,A4,right
1.458335,46.249303,0.208334,0.787402,F#1,left
1.458335,69.295658,0.208334,0.708661,C#2,left
1.666668,48.999429,0.208334,0.787402,G1,left
1.666668,73.416192,0.208334,0.708661,D2,left
1.666668,220.000000,0.208334,0.629921,A3,left
1.666668,293.664768,0.208334,0.787402,D4,right
1.875001,97.998859,0.208334,0.787402,G2,left
1.875001,220.000000,0.104167,0.629921,A3,left
1.875001,293.664768,0.104167,0.787402,D4,right
1.979168,293.664768,0.104167,0.629921,D4,right
1.979168,440.000000,0.104167,0.787402,A4,right
2.083335,48.999429,0.208334,0.787402,G1,left
2.083335,73.416192,0.208334,0.708661,D2,left
2.083335,293.664768,0.104167,0.629921,D4,right
2.083335,440.000000,0.104167,0.787402,A4,right
2.291668,97.998859,0.208334,0.787402,G2,left
2.291668,293.664768,0.208334,0.629921,D4,right
2.291668,440.000000,0.208334,0.787402,A4,right
2.500002,48.999429,0.208334,0.787402,G1,left
2.500002,73.416192,0.208334,0.708661,D2,left
2.500002,293.664768,0.104167,0.629921,D4,right
2.500002,440.000000,0.104167,0.787402,A4,right
2.708336,48.999429,0.104167,0.787402,G1,left
2.708336,369.994423,0.208334,0.629921,F#4,right
2.708336,493.883301,0.208334,0.787402,B4,right
2.812502,48.999429,0.104167,0.787402,G1,left
2.916669,61.735413,0.208334,0.708661,B1,left
2.916669,97.998859,0.208334,0.787402,G2,left
2.916669,293.664768,0.104167,0.629921,D4,right
2.916669,440.000000,0.104167,0.787402,A4,right
3.125002,48.999429,0.104167,0.787402,G1,left
3.125002,293.664768,0.104167,0.629921,D4,right
3.125002,440.000000,0.104167,0.787402,A4,right
3.229169,48.999429,0.104167,0.787402,G1,left
3.229169,277.182631,0.104167,0.787402,C#4,right
3.229169,329.627557,0.104167,0.629921,E4,right
3.333336,55.000000,0.208334,0.787402,A1,left
3.333336,92.498606,0.208334,0.708661,F#2,left
3.333336,110.000000,0.208334,0.787402,A2,left
3.333336,277.182631,0.208334,0.787402,C#4,right
3.333336,329.627557,0.208334,0.629921,E4,right
3.541669,55.000000,0.104167,0.787402,A1,left
3.541669,329.627557,0.208334,0.629921,E4,right
3.541669,440.000000,0.208334,0.787402,A4,right
3.645836,55.000000,0.104167,0.787402,A1,left
3.750003,55.000000,0.208334,0.787402,A1,left
3.750003,92.498606,0.208334,0.708661,F#2,left
3.750003,110.000000,0.208334,0.787402,A2,left
3.750003,329.627557,0.208334,0.629921,E4,right
3.750003,440.000000,0.208334,0.787402,A4,right
3.958337,55.000000,0.104167,0.787402,A1,left
3.958337,277.182631,0.104167,0.787402,C#4,right
3.958337,329.627557,0.104167,0.629921,E4,right
4.062503,55.000000,0.104167,0.787402,A1,left
4.062503,277.182631,0.104167,0.787402,C#4,right
4.062503,329.627557,0.104167,0.629921,E4,right
4.166670,58.270470,0.104167,0.787402,A#1,left
4.166670,92.498606,0.208334,0.708661,F#2,left
4.166670,277.182631,0.104167,0.787402,C#4,right
4.166670,329.627557,0.104167,0.629921,E4,right
4.375003,58.270470,0.104167,0.787402,A#1,left
4.375003,92.498606,0.104167,0.708661,F#2,left
4.375003,116.540940,0.104167,0.787402,A#2,left
4.375003,440.000000,0.104167,0.787402,A4,right
4.375003,554.365262,0.104167,0.629921,C#5,right
4.583337,58.270470,0.416667,0.787402,A#1,left
4.583337,92.498606,0.416667,0.708661,F#2,left
4.583337,116.540940,0.416667,0.787402,A#2,left
4.583337,440.000000,0.104167,0.787402,A4,right
4.583337,554.365262,0.104167,0.629921,C#5,right
5.000004,48.999429,0.208334,0.716535,G1,left
5.000004,97.998859,0.208334,0.716535,G2,left
5.000004,329.627557,0.312500,0.787402,E4,right
5.000004,493.883301,0.312500,0.629921,B4,right
5.208337,48.999429,0.104167,0.716535,G1,left
5.208337,92.498606,0.104167,0.787402,F#2,left
5.312504,48.999429,0.104167,0.716535,G1,left
5.312504,311.126984,0.104167,0.787402,D#4,right
5.312504,466.163762,0.104167,0.629921,A#4,right
5.416671,48.999429,0.208334,0.716535,G1,left
5.416671,92.498606,0.104167,0.787402,F#2,left
5.416671,97.998859,0.208334,0.716535,G2,left
5.416671,329.627557,0.312500,0.787402,E4,right
5.416671,493.883301,0.312500,0.629921,B4,right
5.625004,48.999429,0.104167,0.716535,G1,left
5.729171,48.999429,0.104167,0.716535,G1,left
5.729171,82.406889,0.104167,0.787402,E2,left
5.729171,311.126984,0.104167,0.787402,D#4,right
5.729171,466.163762,0.104167,0.629921,A#4,right
5.833338,48.999429,0.208334,0.716535,G1,left
5.833338,92.498606,0.104167,0.787402,F#2,left
5.833338,97.998859,0.208334,0.716535,G2,left
5.833338,329.627557,0.312500,0.787402,E4,right
5.833338,493.883301,0.312500,0.629921,B4,right
6.041672,48.999429,0.104167,0.716535,G1,left
6.145838,48.999429,0.104167,0.716535,G1,left
6.145838,82.406889,0.104167,0.787402,E2,left
6.145838,311.126984,0.104167,0.787402,D#4,right
6.145838,466.163762,0.104167,0.629921,A#4,right
6.250005,48.999429,0.208334,0.716535,G1,left
6.250005,92.498606,0.104167,0.787402,F#2,left
6.250005,97.998859,0.208334,0.716535,G2,left
6.250005,329.627557,0.104167,0.787402,E4,right
6.250005,493.883301,0.104167,0.629921,B4,right
6.458338,55.000000,0.208334,0.716535,A1,left
6.458338,61.735413,0.104167,0.787402,B1,left
6.458338,110.000000,0.208334,0.716535,A2,left
6.458338,369.994423,0.208334,0.787402,F#4,right
6.458338,587.329536,0.208334,0.629921,D5,right
6.666672,41.203445,0.208334,0.716535,E1,left
6.666672,82.406889,0.208334,0.716535,E2,left
6.666672,246.941651,0.208334,0.787402,B3,left
6.666672,293.664768,0.208334,0.629921,D4,right
6.875005,41.203445,0.104167,0.716535,E1,left
6.875005,92.498606,0.104167,0.787402,F#2,left
6.979172,41.203445,0.104167,0.716535,E1,left
7.083339,41.203445,0.208334,0.716535,E1,left
7.083339,82.406889,0.208334,0.716535,E2,left
7.083339,92.498606,0.104167,0.787402,F#2,left
7.083339,329.627557,0.104167,0.787402,E4,right
7.083339,493.883301,0.104167,0.629921,B4,right
7.291673,41.203445,0.104167,0.716535,E1,left
7.395839,41.203445,0.104167,0.716535,E1,left
7.395839,82.406889,0.104167,0.787402,E2,left
7.500006,41.203445,0.208334,0.716535,E1,left
7.500006,82.406889,0.208334,0.716535,E2,left
7.500006,92.498606,0.104167,0.787402,F#2,left
7.500006,329.627557,0.208334,0.787402,E4,right
7.500006,493.883301,0.208334,0.629921,B4,right
7.708339,65.406391,0.208334,0.716535,C2,left
7.708339,130.812783,0.208334,0.716535,C3,left
7.708339,293.664768,0.208334,0.787402,D4,right
7.708339,440.000000,0.208334,0.629921,A4,right
7.812506,82.406889,0.104167,0.787402,E2,left
7.916673,61.735413,0.208334,0.716535,B1,left
7.916673,92.498606,0.104167,0.787402,F#2,left
7.916673,123.470825,0.208334,0.716535,B2,left
7.916673,329.627557,0.104167,0.787402,E4,right
7.916673,493.883301,0.104167,0.629921,B4,right
8.125006,58.270470,0.208334,0.716535,A#1,left
8.125006,116.540940,0.208334,0.716535,A#2,left
8.125006,369.994423,0.104167,0.787402,F#4,right
8.125006,493.883301,0.104167,0.629921,B4,right
8.333340,55.000000,0.104167,0.787402,A1,left
8.333340,61.735413,0.208334,0.716535,B1,left
8.333340,123.470825,0.208334,0.716535,B2,left
8.333340,493.883301,0.312500,0.787402,B4,right
8.333340,739.988845,0.312500,0.629921,F#5,right
8.541674,61.735413,0.104167,0.787402,B1,left
8.645840,61.735413,0.104167,0.716535,B1,left
8.645840,493.883301,0.104167,0.787402,B4,right
8.645840,739.988845,0.104167,0.629921,F#5,right
8.750007,61.735413,0.208334,0.716535,B1,left
8.750007,110.000000,0.104167,0.787402,A2,left
8.750007,123.470825,0.208334,0.716535,B2,left
8.750007,369.994423,0.312500,0.787402,F#4,right
8.750007,493.883301,0.312500,0.629921,B4,right
8.958340,55.000000,0.104167,0.787402,A1,left
8.958340,61.735413,0.104167,0.716535,B1,left
9.062507,61.735413,0.104167,0.716535,B1,left
9.062507,369.994423,0.104167,0.787402,F#4,right
9.062507,493.883301,0.104167,0.629921,B4,right
9.166674,61.735413,0.104167,0.787402,B1,left
9.166674,123.470825,0.208334,0.716535,B2,left
9.166674,391.995436,0.104167,0.787402,G4,right
9.166674,587.329536,0.104167,0.629921,D5,right
9.375008,61.735413,0.104167,0.716535,B1,left
9.375008,110.000000,0.104167,0.787402,A2,left
9.375008,369.994423,0.104167,0.787402,F#4,right
9.375008,554.365262,0.104167,0.629921,C#5,right
9.479174,61.735413,0.104167,0.716535,B1,left
9.583341,55.000000,0.104167,0.787402,A1,left
9.583341,61.735413,0.208334,0.716535,B1,left
9.583341,123.470825,0.208334,0.716535,B2,left
9.583341,329.627557,0.104167,0.787402,E4,right
9.583341,369.994423,0.104167,0.629921,F#4,right
9.791674,61.735413,0.208334,0.716535,B1,left
9.791674,87.307058,0.104167,0.787402,F2,left
9.791674,369.994423,0.208334,0.787402,F#4,right
9.791674,554.365262,0.208334,0.629921,C#5,right
10.000008,65.406391,0.208334,0.716535,C2,left
10.000008,92.498606,0.208334,0.787402,F#2,left
10.000008,130.812783,0.208334,0.716535,C3,left
10.000008,391.995436,0.208334,0.787402,G4,right
10.000008,659.255114,0.208334,0.629921,E5,right
10.208341,61.735413,0.104167,0.787402,B1,left
10.208341,123.470825,0.104167,0.716535,B2,left
10.208341,369.994423,0.104167,0.787402,F#4,right
10.208341,659.255114,0.104167,0.629921,E5,right
10.312508,61.735413,0.104167,0.716535,B1,left
10.416675,61.735413,0.104167,0.787402,B1,left
10.416675,65.406391,0.208334,0.716535,C2,left
10.416675,130.812783,0.208334,0.716535,C3,left
10.416675,246.941651,0.208334,0.787402,B3,left
10.416675,329.627557,0.208334,0.629921,E4,right
10.625009,92.498606,0.208334,0.787402,F#2,left
10.625009,97.998859,0.104167,0.716535,G2,left
10.625009,329.627557,0.208334,0.629921,E4,right
10.625009,369.994423,0.208334,0.787402,F#4,right
10.729175,97.998859,0.104167,0.716535,G2,left
10.833342,61.735413,0.104167,0.787402,B1,left
10.833342,65.406391,0.208334,0.716535,C2,left
10.833342,130.812783,0.208334,0.716535,C3,left
10.833342,391.995436,0.416667,0.787402,G4,right
10.833342,554.365262,0.416667,0.629921,C#5,right
11.041675,61.735413,0.104167,0.787402,B1,left
11.041675,82.406889,0.104167,0.716535,E2,left
11.145842,82.406889,0.104167,0.716535,E2,left
11.250009,55.000000,0.104167,0.787402,A1,left
11.250009,92.498606,0.208334,0.716535,F#2,left
11.250009,369.994423,0.104167,0.787402,F#4,right
11.250009,554.365262,0.104167,0.629921,C#5,right
11.458342,55.000000,0.104167,0.787402,A1,left
11.458342,110.000000,0.104167,0.716535,A2,left
11.562509,110.000000,0.104167,0.716535,A2,left
11.562509,311.126984,0.104167,0.787402,D#4,right
11.562509,466.163762,0.104167,0.629921,A#4,right
11.666676,48.999429,0.208334,0.716535,G1,left
11.666676,97.998859,0.208334,0.716535,G2,left
11.666676,329.627557,0.208334,0.787402,E4,right
11.666676,493.883301,0.208334,0.629921,B4,right
11.875010,92.498606,0.104167,0.787402,F#2,left
11.979176,311.126984,0.104167,0.787402,D#4,right
11.979176,466.163762,0.104167,0.629921,A#4,right
12.083343,48.999429,0.208334,0.716535,G1,left
12.083343,92.498606,0.104167,0.787402,F#2,left
12.083343,97.998859,0.208334,0.716535,G2,left
12.083343,329.627557,0.208334,0.787402,E4,right
12.083343,493.883301,0.208334,0.629921,B4,right
12.291676,48.999429,0.104167,0.716535,G1,left
12.395843,48.999429,0.104167,0.716535,G1,left
12.395843,82.406889,0.104167,0.787402,E2,left
12.395843,311.126984,0.104167,0.787402,D#4,right
12.395843,466.163762,0.104167,0.629921,A#4,right
12.500010,48.999429,0.208334,0.716535,G1,left
12.500010,92.498606,0.104167,0.787402,F#2,left
12.500010,97.998859,0.208334,0.716535,G2,left
12.500010,329.627557,0.208334,0.787402,E4,right
12.500010,493.883301,0.208334,0.629921,B4,right
12.812510,82.406889,0.104167,0.787402,E2,left
12.812510,311.126984,0.104167,0.787402,D#4,right
12.812510,466.163762,0.104167,0.629921,A#4,right
12.916677,48.999429,0.208334,0.716535,G1,left
12.916677,92.498606,0.104167,0.787402,F#2,left
12.916677,97.998859,0.208334,0.716535,G2,left
12.916677,329.627557,0.104167,0.787402,E4,right
12.916677,493.883301,0.104167,0.629921,B4,right
13.125011,48.999429,0.208334,0.716535,G1,left
13.125011,61.735413,0.104167,0.787402,B1,left
13.125011,369.994423,0.208334,0.787402,F#4,right
13.125011,493.883301,0.208334,0.629921,B4,right
0.000000,41.203445,0.208334,0.716535,E1,left
0.000000,82.406889,0.208334,0.716535,E2,left
0.000000,246.941651,0.416667,0.787402,B3,left
0.000000,329.627557,0.416667,0.629921,E4,right
0.208333,92.498606,0.104167,0.787402,F#2,left
0.416667,41.203445,0.208334,0.716535,E1,left
0.416667,82.406889,0.208334,0.716535,E2,left
0.416667,92.498606,0.104167,0.787402,F#2,left
0.416667,329.627557,0.104167,0.787402,E4,right
0.416667,493.883301,0.104167,0.629921,B4,right
0.625000,41.203445,0.104167,0.716535,E1,left
0.729167,41.203445,0.104167,0.716535,E1,left
0.729167,82.406889,0.104167,0.787402,E2,left
0.833334,41.203445,0.208334,0.716535,E1,left
0.833334,82.406889,0.208334,0.716535,E2,left
0.833334,92.498606,0.104167,0.787402,F#2,left
0.833334,329.627557,0.208334,0.787402,E4,right
0.833334,493.883301,0.208334,0.629921,B4,right
1.041667,41.203445,0.208334,0.716535,E1,left
1.041667,293.664768,0.208334,0.787402,D4,right
1.041667,440.000000,0.208334,0.629921,A4,right
1.145834,82.406889,0.104167,0.787402,E2,left
1.250001,41.203445,0.208334,0.716535,E1,left
1.250001,82.406889,0.208334,0.716535,E2,left
1.250001,92.498606,0.104167,0.787402,F#2,left
1.250001,329.627557,0.104167,0.787402,E4,right
1.250001,493.883301,0.104167,0.629921,B4,right
1.458334,41.203445,0.208334,0.716535,E1,left
1.458334,61.735413,0.104167,0.787402,B1,left
1.458334,369.994423,0.104167,0.787402,F#4,right
1.458334,493.883301,0.104167,0.629921,B4,right
1.666668,55.000000,0.104167,0.787402,A1,left
1.666668,61.735413,0.208334,0.716535,B1,left
1.666668,123.470825,0.208334,0.716535,B2,left
1.666668,493.883301,0.312500,0.787402,B4,right
1.666668,739.988845,0.312500,0.629921,F#5,right
1.875001,61.735413,0.104167,0.787402,B1,left
1.979168,493.883301,0.104167,0.787402,B4,right
1.979168,739.988845,0.104167,0.629921,F#5,right
2.083335,61.735413,0.208334,0.716535,B1,left
2.083335,110.000000,0.104167,0.787402,A2,left
2.083335,123.470825,0.208334,0.716535,B2,left
2.083335,369.994423,0.312500,0.787402,F#4,right
2.083335,493.883301,0.312500,0.629921,B4,right
2.291668,55.000000,0.104167,0.787402,A1,left
2.291668,61.735413,0.104167,0.716535,B1,left
2.395835,61.735413,0.104167,0.716535,B1,left
2.395835,369.994423,0.104167,0.787402,F#4,right
2.395835,493.883301,0.104167,0.629921,B4,right
2.500002,61.735413,0.104167,0.787402,B1,left
2.500002,123.470825,0.208334,0.716535,B2,left
2.500002,391.995436,0.104167,0.787402,G4,right
2.500002,587.329536,0.104167,0.629921,D5,right
2.708335,110.000000,0.104167,0.787402,A2,left
2.708335,369.994423,0.104167,0.787402,F#4,right
2.708335,554.365262,0.104167,0.629921,C#5,right
2.916669,55.000000,0.104167,0.787402,A1,left
2.916669,61.735413,0.208334,0.716535,B1,left
2.916669,123.470825,0.208334,0.716535,B2,left
2.916669,329.627557,0.104167,0.787402,E4,right
2.916669,493.883301,0.104167,0.629921,B4,right
3.125002,61.735413,0.208334,0.716535,B1,left
3.125002,87.307058,0.104167,0.787402,F2,left
3.125002,369.994423,0.208334,0.787402,F#4,right
3.125002,493.883301,0.208334,0.629921,B4,right
3.333336,65.406391,0.208334,0.716535,C2,left
3.333336,92.498606,0.208334,0.787402,F#2,left
3.333336,130.812783,0.208334,0.716535,C3,left
3.333336,391.995436,0.208334,0.787402,G4,right
3.333336,659.255114,0.208334,0.629921,E5,right
3.541669,61.735413,0.104167,0.787402,B1,left
3.541669,369.994423,0.104167,0.787402,F#4,right
3.541669,659.255114,0.104167,0.629921,E5,right
3.750003,61.735413,0.104167,0.787402,B1,left
3.750003,65.406391,0.208334,0.716535,C2,left
3.750003,130.812783,0.208334,0.716535,C3,left
3.750003,246.941651,0.208334,0.787402,B3,left
3.750003,329.627557,0.208334,0.629921,E4,right
3.958336,65.406391,0.104167,0.716535,C2,left
3.958336,92.498606,0.208334,0.787402,F#2,left
3.958336,329.627557,0.208334,0.629921,E4,right
3.958336,440.000000,0.208334,0.787402,A4,right
4.062503,65.406391,0.104167,0.716535,C2,left
4.166670,46.249303,0.104167,0.716535,F#1,left
4.166670,61.735413,0.104167,0.787402,B1,left
4.166670,92.498606,0.104167,0.716535,F#2,left
4.166670,440.000000,0.625001,0.787402,A4,right
4.166670,554.365262,0.833334,0.629921,C#5,right
4.270837,46.249303,0.104167,0.716535,F#1,left
4.375003,46.249303,0.104167,0.716535,F#1,left
4.375003,61.735413,0.104167,0.787402,B1,left
4.479170,46.249303,0.104167,0.716535,F#1,left
4.583337,46.249303,0.104167,0.716535,F#1,left
4.583337,55.000000,0.104167,0.787402,A1,left
4.583337,92.498606,0.104167,0.716535,F#2,left
4.687504,46.249303,0.104167,0.716535,F#1,left
4.791670,46.249303,0.104167,0.716535,F#1,left
4.791670,55.000000,0.104167,0.787402,A1,left
4.895837,46.249303,0.104167,0.716535,F#1,left
5.000004,48.999429,0.208334,0.787402,G1,left
5.000004,97.998859,0.208334,0.787402,G2,left
5.000004,329.627557,0.312500,0.787402,E4,right
5.000004,493.883301,0.312500,0.629921,B4,right
5.208337,48.999429,0.104167,0.787402,G1,left
5.312504,48.999429,0.104167,0.787402,G1,left
5.312504,311.126984,0.104167,0.787402,D#4,right
5.312504,466.163762,0.104167,0.629921,A#4,right
5.416671,48.999429,0.208334,0.787402,G1,left
5.416671,97.998859,0.208334,0.787402,G2,left
5.416671,329.627557,0.312500,0.787402,E4,right
5.416671,493.883301,0.312500,0.629921,B4,right
5.625004,48.999429,0.104167,0.787402,G1,left
5.729171,48.999429,0.104167,0.787402,G1,left
5.729171,311.126984,0.104167,0.787402,D#4,right
5.729171,466.163762,0.104167,0.629921,A#4,right
5.833338,48.999429,0.208334,0.787402,G1,left
5.833338,97.998859,0.208334,0.787402,G2,left
5.833338,329.627557,0.312500,0.787402,E4,right
5.833338,493.883301,0.312500,0.629921,B4,right
6.041671,48.999429,0.104167,0.787402,G1,left
6.145838,48.999429,0.104167,0.787402,G1,left
6.145838,311.126984,0.104167,0.787402,D#4,right
6.145838,466.163762,0.104167,0.629921,A#4,right
6.250005,48.999429,0.208334,0.787402,G1,left
6.250005,97.998859,0.208334,0.787402,G2,left
6.250005,329.627557,0.104167,0.787402,E4,right
6.250005,493.883301,0.104167,0.629921,B4,right
6.458338,55.000000,0.208334,0.787402,A1,left
6.458338,110.000000,0.208334,0.787402,A2,left
6.458338,369.994423,0.208334,0.787402,F#4,right
6.458338,587.329536,0.208334,0.629921,D5,right
6.666672,41.203445,0.208334,0.787402,E1,left
6.666672,82.406889,0.208334,0.787402,E2,left
6.666672,246.941651,0.208334,0.787402,B3,left
6.666672,293.664768,0.208334,0.629921,D4,right
6.875005,41.203445,0.104167,0.787402,E1,left
6.979172,41.203445,0.104167,0.787402,E1,left
7.083339,41.203445,0.208334,0.787402,E1,left
7.083339,82.406889,0.208334,0.787402,E2,left
7.083339,329.627557,0.104167,0.787402,E4,right
7.083339,493.883301,0.104167,0.629921,B4,right
7.291672,41.203445,0.104167,0.787402,E1,left
7.395839,41.203445,0.104167,0.787402,E1,left
7.500006,41.203445,0.208334,0.787402,E1,left
7.500006,82.406889,0.208334,0.787402,E2,left
7.500006,329.627557,0.208334,0.787402,E4,right
7.500006,493.883301,0.208334,0.629921,B4,right
7.708339,65.406391,0.208334,0.787402,C2,left
7.708339,130.812783,0.208334,0.787402,C3,left
7.708339,293.664768,0.208334,0.787402,D4,right
7.708339,440.000000,0.208334,0.629921,A4,right
7.916673,61.735413,0.208334,0.787402,B1,left
7.916673,123.470825,0.208334,0.787402,B2,left
7.916673,329.627557,0.104167,0.787402,E4,right
7.916673,493.883301,0.104167,0.629921,B4,right
8.125006,58.270470,0.208334,0.787402,A#1,left
8.125006,116.540940,0.208334,0.787402,A#2,left
8.125006,369.994423,0.104167,0.787402,F#4,right
8.125006,493.883301,0.104167,0.629921,B4,right
8.333340,61.735413,0.312500,0.787402,B1,left
8.333340,123.470825,0.208334,0.787402,B2,left
8.333340,493.883301,0.312500,0.787402,B4,right
8.333340,739.988845,0.312500,0.629921,F#5,right
8.645840,61.735413,0.104167,0.787402,B1,left
8.645840,493.883301,0.104167,0.787402,B4,right
8.645840,739.988845,0.104167,0.629921,F#5,right
8.750007,61.735413,0.208334,0.787402,B1,left
8.750007,123.470825,0.208334,0.787402,B2,left
8.750007,554.365262,0.312500,0.787402,C#5,right
8.750007,739.988845,0.312500,0.629921,F#5,right
8.958340,61.735413,0.104167,0.787402,B1,left
9.062507,61.735413,0.104167,0.787402,B1,left
9.062507,554.365262,0.104167,0.787402,C#5,right
9.062507,739.988845,0.104167,0.629921,F#5,right
9.166674,123.470825,0.208334,0.787402,B2,left
9.166674,587.329536,0.104167,0.787402,D5,right
9.166674,783.990872,0.104167,0.629921,G5,right
9.375007,61.735413,0.104167,0.787402,B1,left
9.375007,554.365262,0.104167,0.787402,C#5,right
9.375007,739.988845,0.104167,0.629921,F#5,right
9.479174,61.735413,0.104167,0.787402,B1,left
9.583341,61.735413,0.208334,0.787402,B1,left
9.583341,123.470825,0.208334,0.787402,B2,left
9.583341,554.365262,0.104167,0.787402,C#5,right
9.583341,659.255114,0.104167,0.629921,E5,right
9.791674,61.735413,0.208334,0.787402,B1,left
9.791674,554.365262,0.208334,0.787402,C#5,right
9.791674,739.988845,0.208334,0.629921,F#5,right
10.000008,65.406391,0.208334,0.787402,C2,left
10.000008,130.812783,0.208334,0.787402,C3,left
10.000008,587.329536,0.208334,0.787402,D5,right
10.000008,783.990872,0.208334,0.629921,G5,right
10.208341,123.470825,0.104167,0.787402,B2,left
10.208341,369.994423,0.104167,0.787402,F#4,right
10.208341,523.251131,0.104167,0.629921,C5,right
10.312508,61.735413,0.104167,0.787402,B1,left
10.416675,65.406391,0.208334,0.787402,C2,left
10.416675,130.812783,0.208334,0.787402,C3,left
10.416675,369.994423,0.208334,0.787402,F#4,right
10.416675,523.251131,0.208334,0.629921,C5,right
10.625008,97.998859,0.104167,0.787402,G2,left
10.625008,369.994423,0.208334,0.787402,F#4,right
10.625008,523.251131,0.208334,0.629921,C5,right
10.729175,97.998859,0.104167,0.787402,G2,left
10.833342,65.406391,0.208334,0.787402,C2,left
10.833342,130.812783,0.208334,0.787402,C3,left
10.833342,349.228231,0.416667,0.787402,F4,right
10.833342,493.883301,0.416667,0.629921,B4,right
11.041675,82.406889,0.104167,0.787402,E2,left
11.145842,82.406889,0.104167,0.787402,E2,left
11.250009,92.498606,0.208334,0.787402,F#2,left
11.250009,369.994423,0.104167,0.787402,F#4,right
11.250009,523.251131,0.104167,0.629921,C5,right
11.458342,110.000000,0.104167,0.787402,A2,left
11.562509,110.000000,0.104167,0.787402,A2,left
11.562509,311.126984,0.104167,0.787402,D#4,right
11.562509,466.163762,0.104167,0.629921,A#4,right
11.666676,48.999429,0.208334,0.787402,G1,left
11.666676,97.998859,0.208334,0.787402,G2,left
11.666676,329.627557,0.208334,0.787402,E4,right
11.666676,493.883301,0.208334,0.629921,B4,right
11.875009,48.999429,0.104167,0.787402,G1,left
11.979176,48.999429,0.104167,0.787402,G1,left
11.979176,311.126984,0.104167,0.787402,D#4,right
11.979176,466.163762,0.104167,0.629921,A#4,right
12.083343,48.999429,0.208334,0.787402,G1,left
12.083343,97.998859,0.208334,0.787402,G2,left
12.083343,329.627557,0.208334,0.787402,E4,right
12.083343,493.883301,0.208334,0.629921,B4,right
12.291676,48.999429,0.104167,0.787402,G1,left
12.395843,48.999429,0.104167,0.787402,G1,left
12.395843,311.126984,0.104167,0.787402,D#4,right
12.395843,466.163762,0.104167,0.629921,A#4,right
12.500010,48.999429,0.208334,0.787402,G1,left
12.500010,97.998859,0.208334,0.787402,G2,left
12.500010,329.627557,0.208334,0.787402,E4,right
12.500010,493.883301,0.208334,0.629921,B4,right
12.708343,48.999429,0.104167,0.787402,G1,left
12.812510,48.999429,0.104167,0.787402,G1,left
12.812510,311.126984,0.104167,0.787402,D#4,right
12.812510,466.163762,0.104167,0.629921,A#4,right
12.916677,48.999429,0.208334,0.787402,G1,left
12.916677,97.998859,0.208334,0.787402,G2,left
12.916677,329.627557,0.104167,0.787402,E4,right
12.916677,493.883301,0.104167,0.629921,B4,right
13.125010,48.999429,0.208334,0.787402,G1,left
13.125010,369.994423,0.208334,0.787402,F#4,right
13.125010,493.883301,0.208334,0.629921,B4,right
13.333344,41.203445,0.208334,0.787402,E1,left
13.333344,82.406889,0.208334,0.787402,E2,left
13.333344,246.941651,0.416667,0.787402,B3,left
13.333344,329.627557,0.416667,0.629921,E4,right
0.000000,41.203445,0.208334,0.787402,E1,left
0.000000,82.406889,0.208334,0.787402,E2,left
0.000000,246.941651,0.416667,0.787402,B3,left
0.000000,329.627557,0.416667,0.629921,E4,right
0.208334,41.203445,0.104167,0.787402,E1,left
0.312500,41.203445,0.104167,0.787402,E1,left
0.416667,41.203445,0.208334,0.787402,E1,left
0.416667,82.406889,0.208334,0.787402,E2,left
0.416667,329.627557,0.104167,0.787402,E4,right
0.416667,493.883301,0.104167,0.629921,B4,right
0.625000,41.203445,0.104167,0.787402,E1,left
0.729167,41.203445,0.104167,0.787402,E1,left
0.833334,41.203445,0.208334,0.787402,E1,left
0.833334,82.406889,0.208334,0.787402,E2,left
0.833334,329.627557,0.208334,0.787402,E4,right
0.833334,493.883301,0.208334,0.629921,B4,right
1.041668,41.203445,0.208334,0.787402,E1,left
1.041668,293.664768,0.208334,0.787402,D4,right
1.041668,440.000000,0.208334,0.629921,A4,right
1.250001,41.203445,0.208334,0.787402,E1,left
1.250001,82.406889,0.208334,0.787402,E2,left
1.250001,329.627557,0.104167,0.787402,E4,right
1.250001,493.883301,0.104167,0.629921,B4,right
1.458335,41.203445,0.208334,0.787402,E1,left
1.458335,369.994423,0.104167,0.787402,F#4,right
1.458335,493.883301,0.104167,0.629921,B4,right
1.666668,61.735413,0.208334,0.787402,B1,left
1.666668,123.470825,0.208334,0.787402,B2,left
1.666668,493.883301,0.312500,0.787402,B4,right
1.666668,739.988845,0.312500,0.629921,F#5,right
1.875001,61.735413,0.104167,0.787402,B1,left
1.979168,61.735413,0.104167,0.787402,B1,left
1.979168,493.883301,0.104167,0.787402,B4,right
1.979168,739.988845,0.104167,0.629921,F#5,right
2.083335,61.735413,0.208334,0.787402,B1,left
2.083335,123.470825,0.208334,0.787402,B2,left
2.083335,369.994423,0.312500,0.787402,F#4,right
2.083335,493.883301,0.312500,0.629921,B4,right
2.291669,61.735413,0.104167,0.787402,B1,left
2.395835,61.735413,0.104167,0.787402,B1,left
2.395835,369.994423,0.104167,0.787402,F#4,right
2.395835,493.883301,0.104167,0.629921,B4,right
2.500002,123.470825,0.208334,0.787402,B2,left
2.500002,391.995436,0.104167,0.787402,G4,right
2.500002,587.329536,0.104167,0.629921,D5,right
2.708336,61.735413,0.104167,0.787402,B1,left
2.708336,369.994423,0.104167,0.787402,F#4,right
2.708336,554.365262,0.104167,0.629921,C#5,right
2.812502,61.735413,0.104167,0.787402,B1,left
2.916669,61.735413,0.208334,0.787402,B1,left
2.916669,123.470825,0.208334,0.787402,B2,left
2.916669,329.627557,0.104167,0.787402,E4,right
2.916669,493.883301,0.104167,0.629921,B4,right
3.125002,61.735413,0.208334,0.787402,B1,left
3.125002,369.994423,0.208334,0.787402,F#4,right
3.125002,493.883301,0.208334,0.629921,B4,right
3.333336,65.406391,0.208334,0.787402,C2,left
3.333336,130.812783,0.208334,0.787402,C3,left
3.333336,391.995436,0.208334,0.787402,G4,right
3.333336,659.255114,0.208334,0.629921,E5,right
3.541670,65.406391,0.104167,0.787402,C2,left
3.541670,369.994423,0.104167,0.787402,F#4,right
3.541670,659.255114,0.104167,0.629921,E5,right
3.645836,65.406391,0.104167,0.787402,C2,left
3.750003,65.406391,0.208334,0.787402,C2,left
3.750003,130.812783,0.208334,0.787402,C3,left
3.750003,246.941651,0.208334,0.787402,B3,left
3.750003,329.627557,0.208334,0.629921,E4,right
3.958337,65.406391,0.104167,0.787402,C2,left
3.958337,329.627557,0.208334,0.629921,E4,right
3.958337,369.994423,0.208334,0.787402,F#4,right
4.062503,65.406391,0.104167,0.787402,C2,left
4.166670,46.249303,0.104167,0.787402,F#1,left
4.166670,92.498606,0.104167,0.787402,F#2,left
4.166670,391.995436,0.104167,0.669291,G4,right
4.166670,554.365262,0.833334,0.629921,C#5,right
4.270837,46.249303,0.104167,0.787402,F#1,left
4.270837,369.994423,0.104167,0.669291,F#4,right
4.375003,46.249303,0.104167,0.787402,F#1,left
4.375003,92.498606,0.104167,0.787402,F#2,left
4.375003,391.995436,0.104167,0.708661,G4,right
4.479170,46.249303,0.104167,0.787402,F#1,left
4.479170,369.994423,0.104167,0.708661,F#4,right
4.583337,46.249303,0.104167,0.787402,F#1,left
4.583337,92.498606,0.104167,0.787402,F#2,left
4.583337,391.995436,0.104167,0.748031,G4,right
4.687504,46.249303,0.104167,0.787402,F#1,left
4.687504,369.994423,0.104167,0.748031,F#4,right
4.791671,46.249303,0.104167,0.787402,F#1,left
4.791671,92.498606,0.104167,0.787402,F#2,left
4.791671,391.995436,0.104167,0.787402,G4,right
4.895837,46.249303,0.104167,0.787402,F#1,left
4.895837,369.994423,0.104167,0.787402,F#4,right
5.000004,48.999429,0.312500,0.787402,G1,left
5.000004,246.941651,0.208334,0.787402,B3,left
5.000004,293.664768,0.312500,0.629921,D4,right
5.000004,369.994423,0.312500,0.629921,F#4,right
5.416671,48.999429,0.312500,0.787402,G1,left
5.416671,246.941651,0.312500,0.629921,B3,left
5.416671,293.664768,0.312500,0.629921,D4,right
5.416671,369.994423,0.312500,0.629921,F#4,right
5.833338,48.999429,0.312500,0.787402,G1,left
5.833338,246.941651,0.312500,0.629921,B3,left
5.833338,293.664768,0.312500,0.629921,D4,right
5.833338,369.994423,0.312500,0.629921,F#4,right
6.250005,48.999429,0.312500,0.787402,G1,left
6.250005,246.941651,0.312500,0.629921,B3,left
6.250005,293.664768,0.312500,0.629921,D4,right
6.250005,369.994423,0.312500,0.629921,F#4,right
6.666672,41.203445,0.312500,0.787402,E1,left
6.666672,195.997718,0.312500,0.629921,G3,left
6.666672,246.941651,0.312500,0.629921,B3,left
6.666672,293.664768,0.312500,0.629921,D4,right
7.083339,41.203445,0.312500,0.787402,E1,left
7.083339,195.997718,0.312500,0.629921,G3,left
7.083339,246.941651,0.312500,0.629921,B3,left
7.083339,293.664768,0.312500,0.629921,D4,right
7.500006,41.203445,0.208334,0.787402,E1,left
7.500006,195.997718,0.312500,0.629921,G3,left
7.500006,246.941651,0.312500,0.629921,B3,left
7.500006,277.182631,0.312500,0.629921,C#4,right
7.708339,48.999429,0.052083,0.787402,G1,left
7.812506,55.000000,0.052083,0.787402,A1,left
7.916673,41.203445,0.312500,0.787402,E1,left
7.916673,195.997718,0.312500,0.629921,G3,left
7.916673,246.941651,0.312500,0.629921,B3,left
7.916673,277.182631,0.312500,0.629921,C#4,right
8.333340,61.735413,0.312500,0.787402,B1,left
8.333340,293.664768,0.312500,0.629921,D4,right
8.333340,369.994423,0.312500,0.629921,F#4,right
8.333340,440.000000,0.312500,0.629921,A4,right
8.750007,61.735413,0.312500,0.787402,B1,left
8.750007,293.664768,0.312500,0.629921,D4,right
8.750007,369.994423,0.312500,0.629921,F#4,right
8.750007,440.000000,0.312500,0.629921,A4,right
9.166674,61.735413,0.312500,0.787402,B1,left
9.166674,293.664768,0.312500,0.629921,D4,right
9.166674,369.994423,0.312500,0.629921,F#4,right
9.166674,440.000000,0.312500,0.629921,A4,right
9.583341,61.735413,0.312500,0.787402,B1,left
9.583341,293.664768,0.312500,0.629921,D4,right
9.583341,369.994423,0.312500,0.629921,F#4,right
9.583341,440.000000,0.312500,0.629921,A4,right
10.000008,65.406391,0.312500,0.787402,C2,left
10.000008,329.627557,0.312500,0.629921,E4,right
10.000008,391.995436,0.312500,0.629921,G4,right
10.000008,493.883301,0.312500,0.629921,B4,right
10.416675,65.406391,0.312500,0.787402,C2,left
10.416675,329.627557,0.312500,0.629921,E4,right
10.416675,391.995436,0.312500,0.629921,G4,right
10.416675,493.883301,0.312500,0.629921,B4,right
10.833342,55.000000,0.208334,0.787402,A1,left
10.833342,329.627557,0.312500,0.629921,E4,right
10.833342,391.995436,0.312500,0.629921,G4,right
10.833342,440.000000,0.312500,0.629921,A4,right
11.041675,55.000000,0.052083,0.787402,A1,left
11.145842,55.000000,0.052083,0.787402,A1,left
11.250009,41.203445,0.312500,0.787402,E1,left
11.250009,329.627557,0.312500,0.629921,E4,right
11.250009,391.995436,0.312500,0.629921,G4,right
11.250009,440.000000,0.312500,0.629921,A4,right
11.666676,48.999429,0.312500,0.787402,G1,left
11.666676,246.941651,0.312500,0.629921,B3,left
11.666676,293.664768,0.312500,0.629921,D4,right
11.666676,369.994423,0.312500,0.629921,F#4,right
12.083343,48.999429,0.312500,0.787402,G1,left
12.083343,246.941651,0.312500,0.629921,B3,left
12.083343,293.664768,0.312500,0.629921,D4,right
12.083343,369.994423,0.312500,0.629921,F#4,right
12.500010,48.999429,0.312500,0.787402,G1,left
12.500010,246.941651,0.312500,0.629921,B3,left
12.500010,293.664768,0.312500,0.629921,D4,right
12.500010,369.994423,0.312500,0.629921,F#4,right
12.916677,48.999429,0.312500,0.787402,G1,left
12.916677,246.941651,0.312500,0.629921,B3,left
12.916677,293.664768,0.312500,0.629921,D4,right
12.916677,369.994423,0.312500,0.629921,F#4,right
0.000000,41.203445,0.312500,0.787402,E1,left
0.000000,195.997718,0.312500,0.629921,G3,left
0.000000,246.941651,0.312500,0.629921,B3,left
0.000000,293.664768,0.312500,0.629921,D4,right
0.416667,41.203445,0.312500,0.787402,E1,left
0.416667,195.997718,0.312500,0.629921,G3,left
0.416667,246.941651,0.312500,0.629921,B3,left
0.416667,293.664768,0.312500,0.629921,D4,right
0.833334,41.203445,0.208334,0.787402,E1,left
0.833334,195.997718,0.312500,0.629921,G3,left
0.833334,246.941651,0.312500,0.629921,B3,left
0.833334,277.182631,0.312500,0.629921,C#4,right
1.041667,48.999429,0.052083,0.787402,G1,left
1.145834,55.000000,0.052083,0.787402,A1,left
1.250001,41.203445,0.312500,0.787402,E1,left
1.250001,195.997718,0.312500,0.629921,G3,left
1.250001,246.941651,0.312500,0.629921,B3,left
1.250001,277.182631,0.312500,0.629921,C#4,right
1.666668,61.735413,0.104167,0.629921,B1,left
1.666668,293.664768,0.312500,0.629921,D4,right
1.666668,369.994423,0.312500,0.629921,F#4,right
1.666668,440.000000,0.312500,0.629921,A4,right
2.083335,61.735413,0.104167,0.629921,B1,left
2.083335,293.664768,0.312500,0.629921,D4,right
2.083335,369.994423,0.312500,0.629921,F#4,right
2.083335,440.000000,0.312500,0.629921,A4,right
2.500002,61.735413,0.104167,0.629921,B1,left
2.500002,293.664768,0.312500,0.629921,D4,right
2.500002,369.994423,0.312500,0.629921,F#4,right
2.500002,440.000000,0.312500,0.629921,A4,right
2.916669,61.735413,0.104167,0.629921,B1,left
2.916669,293.664768,0.312500,0.629921,D4,right
2.916669,369.994423,0.312500,0.629921,F#4,right
2.916669,440.000000,0.312500,0.629921,A4,right
3.333336,164.813778,0.104167,0.629921,E3,left
3.333336,329.627557,0.312500,0.629921,E4,right
3.333336,391.995436,0.312500,0.629921,G4,right
3.333336,493.883301,0.312500,0.629921,B4,right
3.750003,329.627557,0.312500,0.629921,E4,right
3.750003,391.995436,0.312500,0.629921,G4,right
3.750003,493.883301,0.312500,0.629921,B4,right
4.166670,220.000000,0.104167,0.629921,A3,left
4.166670,329.627557,0.312500,0.629921,E4,right
4.166670,391.995436,0.312500,0.629921,G4,right
4.166670,440.000000,0.312500,0.629921,A4,right
4.583337,329.627557,0.312500,0.629921,E4,right
4.583337,391.995436,0.312500,0.629921,G4,right
4.583337,440.000000,0.312500,0.629921,A4,right
