time,freq,dur,vel,name,hand
1.428570,659.255114,0.102041,0.748031,E5,right
1.530611,880.000000,0.102041,0.748031,A5,right
1.632652,195.997718,0.204081,0.708661,G3,left
1.632652,261.625565,0.204081,0.708661,C4,right
1.632652,329.627557,0.204081,0.708661,E4,right
1.632652,987.766603,0.102041,0.748031,B5,right
1.836734,195.997718,0.204081,0.708661,G3,left
1.836734,261.625565,0.204081,0.708661,C4,right
1.836734,329.627557,0.204081,0.708661,E4,right
2.040815,659.255114,0.102041,0.748031,E5,right
2.448978,739.988845,0.102041,0.748031,F#5,right
2.653059,184.997211,0.204081,0.708661,F#3,left
2.653059,246.941651,0.204081,0.708661,B3,left
2.653059,311.126984,0.204081,0.708661,D#4,right
2.857141,987.766603,0.102041,0.748031,B5,right
3.061222,659.255114,0.102041,0.748031,E5,right
3.265304,164.813778,0.204081,0.708661,E3,left
3.265304,195.997718,0.204081,0.708661,G3,left
3.265304,246.941651,0.204081,0.708661,B3,left
3.469386,164.813778,0.204081,0.708661,E3,left
3.469386,195.997718,0.204081,0.708661,G3,left
3.469386,246.941651,0.204081,0.708661,B3,left
3.469386,1174.659072,0.102041,0.748031,D6,right
4.285711,195.997718,0.204081,0.708661,G3,left
4.285711,246.941651,0.204081,0.708661,B3,left
4.285711,293.664768,0.204081,0.708661,D4,right
4.897956,195.997718,0.204081,0.708661,G3,left
4.897956,261.625565,0.204081,0.708661,C4,right
4.897956,329.627557,0.204081,0.708661,E4,right
4.897956,987.766603,0.102041,0.748031,B5,right
5.102037,195.997718,0.204081,0.708661,G3,left
5.102037,261.625565,0.204081,0.708661,C4,right
5.102037,329.627557,0.204081,0.708661,E4,right
5.306119,659.255114,0.102041,0.748031,E5,right
5.714282,739.988845,0.102041,0.748031,F#5,right
5.918363,184.997211,0.204081,0.708661,F#3,left
5.918363,246.941651,0.204081,0.708661,B3,left
5.918363,311.126984,0.204081,0.708661,D#4,right
6.122445,659.255114,0.102041,0.748031,E5,right
6.326526,493.883301,0.102041,0.748031,B4,right
6.530608,164.813778,0.204081,0.708661,E3,left
6.530608,195.997718,0.204081,0.708661,G3,left
6.530608,246.941651,0.204081,0.708661,B3,left
6.734689,164.813778,0.204081,0.708661,E3,left
6.734689,195.997718,0.204081,0.708661,G3,left
6.734689,246.941651,0.204081,0.708661,B3,left
7.551016,195.997718,0.204081,0.708661,G3,left
7.551016,246.941651,0.204081,0.708661,B3,left
7.551016,293.664768,0.204081,0.708661,D4,right
8.163260,195.997718,0.204081,0.708661,G3,left
8.163260,261.625565,0.204081,0.708661,C4,right
8.163260,329.627557,0.204081,0.708661,E4,right
8.163260,493.883301,0.204081,0.748031,B4,right
8.367342,195.997718,0.204081,0.708661,G3,left
8.367342,261.625565,0.204081,0.708661,C4,right
8.367342,329.627557,0.204081,0.708661,E4,right
8.367342,440.000000,0.204081,0.748031,A4,right
8.571423,493.883301,0.204081,0.748031,B4,right
8.775505,659.255114,0.204081,0.748031,E5,right
8.979586,739.988845,0.204081,0.748031,F#5,right
9.183668,184.997211,0.204081,0.708661,F#3,left
9.183668,246.941651,0.204081,0.708661,B3,left
9.183668,311.126984,0.204081,0.708661,D#4,right
9.387749,493.883301,0.204081,0.748031,B4,right
9.591831,659.255114,0.204081,0.748031,E5,right
9.795912,164.813778,0.204081,0.708661,E3,left
9.795912,195.997718,0.204081,0.708661,G3,left
9.795912,246.941651,0.204081,0.708661,B3,left
9.795912,739.988845,0.204081,0.748031,F#5,right
9.999994,164.813778,0.204081,0.708661,E3,left
9.999994,195.997718,0.204081,0.708661,G3,left
9.999994,246.941651,0.204081,0.708661,B3,left
10.204075,493.883301,0.204081,0.748031,B4,right
10.408157,739.988845,0.204081,0.748031,F#5,right
10.612238,783.990872,0.204081,0.748031,G5,right
10.816320,195.997718,0.204081,0.708661,G3,left
10.816320,246.941651,0.204081,0.708661,B3,left
10.816320,293.664768,0.204081,0.708661,D4,right
11.020401,493.883301,0.204081,0.748031,B4,right
11.224483,987.766603,0.204081,0.748031,B5,right
11.428564,195.997718,0.204081,0.708661,G3,left
11.428564,261.625565,0.204081,0.708661,C4,right
11.428564,329.627557,0.204081,0.708661,E4,right
11.428564,880.000000,0.204081,0.748031,A5,right
11.632646,195.997718,0.204081,0.708661,G3,left
11.632646,261.625565,0.204081,0.708661,C4,right
11.632646,329.627557,0.204081,0.708661,E4,right
11.836727,783.990872,0.204081,0.748031,G5,right
12.244890,739.988845,0.306122,0.748031,F#5,right
12.448972,184.997211,0.204081,0.708661,F#3,left
12.448972,246.941651,0.204081,0.708661,B3,left
12.448972,311.126984,0.204081,0.708661,D#4,right
12.551012,783.990872,0.051020,0.748031,G5,right
12.602033,739.988845,0.051020,0.748031,F#5,right
12.653053,659.255114,0.204081,0.748031,E5,right
12.857135,1174.659072,0.204081,0.748031,D6,right
0.000000,164.813778,0.204081,0.708661,E3,left
0.000000,195.997718,0.204081,0.708661,G3,left
0.000000,246.941651,0.204081,0.708661,B3,left
0.204081,164.813778,0.204081,0.708661,E3,left
0.204081,195.997718,0.204081,0.708661,G3,left
0.204081,246.941651,0.204081,0.708661,B3,left
0.204081,1174.659072,0.204081,0.748031,D6,right
0.408163,1174.659072,0.204081,0.748031,D6,right
0.612244,1174.659072,0.204081,0.748031,D6,right
1.020407,195.997718,0.204081,0.708661,G3,left
1.020407,246.941651,0.204081,0.708661,B3,left
1.020407,293.664768,0.204081,0.708661,D4,right
1.020407,987.766603,0.204081,0.748031,B5,right
1.224489,987.766603,0.204081,0.748031,B5,right
1.632652,195.997718,0.204081,0.708661,G3,left
1.632652,261.625565,0.204081,0.708661,C4,right
1.632652,329.627557,0.204081,0.708661,E4,right
1.632652,493.883301,0.204081,0.748031,B4,right
1.836733,195.997718,0.204081,0.708661,G3,left
1.836733,261.625565,0.204081,0.708661,C4,right
1.836733,329.627557,0.204081,0.708661,E4,right
1.836733,440.000000,0.204081,0.748031,A4,right
2.040815,493.883301,0.204081,0.748031,B4,right
2.244896,659.255114,0.204081,0.748031,E5,right
2.448978,739.988845,0.204081,0.748031,F#5,right
2.653059,184.997211,0.204081,0.708661,F#3,left
2.653059,246.941651,0.204081,0.708661,B3,left
2.653059,311.126984,0.204081,0.708661,D#4,right
2.857141,493.883301,0.204081,0.748031,B4,right
3.061223,659.255114,0.204081,0.748031,E5,right
3.265304,164.813778,0.204081,0.708661,E3,left
3.265304,195.997718,0.204081,0.708661,G3,left
3.265304,246.941651,0.204081,0.708661,B3,left
3.265304,739.988845,0.204081,0.748031,F#5,right
3.469385,164.813778,0.204081,0.708661,E3,left
3.469385,195.997718,0.204081,0.708661,G3,left
3.469385,246.941651,0.204081,0.708661,B3,left
3.673467,493.883301,0.204081,0.748031,B4,right
3.877549,739.988845,0.204081,0.748031,F#5,right
4.081630,783.990872,0.204081,0.748031,G5,right
4.285711,195.997718,0.204081,0.708661,G3,left
4.285711,246.941651,0.204081,0.708661,B3,left
4.285711,293.664768,0.204081,0.708661,D4,right
4.489793,1174.659072,0.204081,0.748031,D6,right
4.693875,987.766603,0.204081,0.748031,B5,right
4.897956,195.997718,0.204081,0.708661,G3,left
4.897956,261.625565,0.204081,0.708661,C4,right
4.897956,329.627557,0.204081,0.708661,E4,right
5.102037,195.997718,0.204081,0.708661,G3,left
5.102037,261.625565,0.204081,0.708661,C4,right
5.102037,329.627557,0.204081,0.708661,E4,right
5.102037,987.766603,0.204081,0.748031,B5,right
5.306119,880.000000,0.204081,0.748031,A5,right
5.714282,783.990872,0.204081,0.748031,G5,right
5.918363,184.997211,0.204081,0.708661,F#3,left
5.918363,246.941651,0.204081,0.708661,B3,left
5.918363,311.126984,0.204081,0.708661,D#4,right
5.918363,739.988845,0.204081,0.748031,F#5,right
6.326527,659.255114,0.204081,0.748031,E5,right
6.530608,164.813778,0.204081,0.708661,E3,left
6.530608,195.997718,0.204081,0.708661,G3,left
6.530608,246.941651,0.204081,0.708661,B3,left
6.530608,739.988845,0.204081,0.748031,F#5,right
6.734689,164.813778,0.204081,0.708661,E3,left
6.734689,195.997718,0.204081,0.708661,G3,left
6.734689,246.941651,0.204081,0.708661,B3,left
6.938771,739.988845,0.204081,0.748031,F#5,right
7.346934,739.988845,0.204081,0.748031,F#5,right
7.551016,659.255114,0.204081,0.748031,E5,right
7.755097,659.255114,0.204081,0.748031,E5,right
8.163260,97.998859,0.204081,0.787402,G2,left
8.163260,130.812783,0.204081,0.787402,C3,left
8.163260,164.813778,0.204081,0.787402,E3,left
8.163260,493.883301,0.204081,0.834646,B4,right
8.163260,987.766603,0.204081,0.787402,B5,right
8.367342,130.812783,0.204081,0.787402,C3,left
8.367342,440.000000,0.204081,0.834646,A4,right
8.367342,880.000000,0.204081,0.787402,A5,right
8.571423,97.998859,0.204081,0.787402,G2,left
8.571423,130.812783,0.204081,0.787402,C3,left
8.571423,164.813778,0.204081,0.787402,E3,left
8.571423,493.883301,0.204081,0.834646,B4,right
8.571423,987.766603,0.204081,0.787402,B5,right
8.775504,130.812783,0.204081,0.787402,C3,left
8.775504,659.255114,0.204081,0.834646,E5,right
8.775504,1318.510228,0.204081,0.787402,E6,right
8.979586,92.498606,0.204081,0.787402,F#2,left
8.979586,123.470825,0.204081,0.787402,B2,left
8.979586,155.563492,0.204081,0.787402,D#3,left
8.979586,739.988845,0.204081,0.834646,F#5,right
8.979586,1479.977691,0.204081,0.787402,F#6,right
9.183668,123.470825,0.204081,0.787402,B2,left
9.387749,92.498606,0.204081,0.787402,F#2,left
9.387749,123.470825,0.204081,0.787402,B2,left
9.387749,155.563492,0.204081,0.787402,D#3,left
9.387749,493.883301,0.204081,0.834646,B4,right
9.387749,987.766603,0.204081,0.787402,B5,right
9.591830,82.406889,0.204081,0.787402,E2,left
9.591830,97.998859,0.204081,0.787402,G2,left
9.591830,123.470825,0.204081,0.787402,B2,left
9.591830,659.255114,0.204081,0.834646,E5,right
9.591830,1318.510228,0.204081,0.787402,E6,right
9.795912,82.406889,0.204081,0.787402,E2,left
9.795912,739.988845,0.204081,0.834646,F#5,right
9.795912,1479.977691,0.204081,0.787402,F#6,right
9.999994,82.406889,0.204081,0.787402,E2,left
9.999994,97.998859,0.204081,0.787402,G2,left
9.999994,123.470825,0.204081,0.787402,B2,left
10.204075,82.406889,0.204081,0.787402,E2,left
10.204075,493.883301,0.204081,0.834646,B4,right
10.204075,987.766603,0.204081,0.787402,B5,right
10.408156,97.998859,0.204081,0.787402,G2,left
10.408156,123.470825,0.204081,0.787402,B2,left
10.408156,146.832384,0.204081,0.787402,D3,left
10.408156,164.813778,0.204081,0.787402,E3,left
10.408156,739.988845,0.204081,0.834646,F#5,right
10.408156,1479.977691,0.204081,0.787402,F#6,right
10.612238,82.406889,0.204081,0.787402,E2,left
10.612238,783.990872,0.204081,0.834646,G5,right
10.612238,1567.981744,0.204081,0.787402,G6,right
10.816320,82.406889,0.408163,0.787402,E2,left
10.816320,97.998859,0.204081,0.787402,G2,left
10.816320,123.470825,0.408163,0.787402,B2,left
11.020401,97.998859,0.204081,0.787402,G2,left
11.020401,493.883301,0.204081,0.834646,B4,right
11.020401,987.766603,0.204081,0.787402,B5,right
11.224482,123.470825,0.204081,0.787402,B2,left
11.224482,987.766603,0.204081,0.834646,B5,right
11.224482,1975.533205,0.204081,0.787402,B6,right
11.428564,97.998859,0.204081,0.787402,G2,left
11.428564,130.812783,0.204081,0.787402,C3,left
11.428564,164.813778,0.204081,0.787402,E3,left
11.428564,880.000000,0.204081,0.834646,A5,right
11.428564,1760.000000,0.204081,0.787402,A6,right
11.632646,130.812783,0.204081,0.787402,C3,left
11.836727,97.998859,0.204081,0.787402,G2,left
11.836727,130.812783,0.204081,0.787402,C3,left
11.836727,164.813778,0.204081,0.787402,E3,left
11.836727,783.990872,0.204081,0.834646,G5,right
11.836727,1567.981744,0.204081,0.787402,G6,right
12.040808,130.812783,0.204081,0.787402,C3,left
12.244890,92.498606,0.204081,0.787402,F#2,left
12.244890,123.470825,0.204081,0.787402,B2,left
12.244890,155.563492,0.204081,0.787402,D#3,left
12.244890,739.988845,0.306122,0.834646,F#5,right
12.244890,1479.977691,0.306122,0.787402,F#6,right
12.448972,123.470825,0.204081,0.787402,B2,left
12.551012,783.990872,0.051020,0.834646,G5,right
12.551012,1567.981744,0.051020,0.787402,G6,right
12.602033,739.988845,0.051020,0.834646,F#5,right
12.602033,1479.977691,0.051020,0.787402,F#6,right
12.653053,92.498606,0.204081,0.787402,F#2,left
12.653053,123.470825,0.204081,0.787402,B2,left
12.653053,155.563492,0.204081,0.787402,D#3,left
12.653053,659.255114,0.204081,0.834646,E5,right
12.653053,1318.510228,0.204081,0.787402,E6,right
12.857134,82.406889,0.204081,0.787402,E2,left
12.857134,97.998859,0.204081,0.787402,G2,left
12.857134,123.470825,0.204081,0.787402,B2,left
12.857134,1174.659072,0.204081,0.834646,D6,right
12.857134,2349.318143,0.204081,0.787402,D7,right
0.000000,82.406889,0.204081,0.787402,E2,left
0.204082,82.406889,0.204081,0.787402,E2,left
0.204082,97.998859,0.204081,0.787402,G2,left
0.204082,123.470825,0.204081,0.787402,B2,left
0.204082,1174.659072,0.204081,0.834646,D6,right
0.204082,2349.318143,0.204081,0.787402,D7,right
0.408163,82.406889,0.204081,0.787402,E2,left
0.408163,1174.659072,0.204081,0.834646,D6,right
0.408163,2349.318143,0.204081,0.787402,D7,right
0.612244,97.998859,0.204081,0.787402,G2,left
0.612244,123.470825,0.204081,0.787402,B2,left
0.612244,146.832384,0.204081,0.787402,D3,left
0.612244,164.813778,0.204081,0.787402,E3,left
0.612244,1174.659072,0.204081,0.834646,D6,right
0.612244,2349.318143,0.204081,0.787402,D7,right
0.816326,82.406889,0.204081,0.787402,E2,left
1.020408,82.406889,0.408163,0.787402,E2,left
1.020408,97.998859,0.204081,0.787402,G2,left
1.020408,123.470825,0.408163,0.787402,B2,left
1.020408,987.766603,0.204081,0.834646,B5,right
1.020408,1975.533205,0.204081,0.787402,B6,right
1.224489,97.998859,0.204081,0.787402,G2,left
1.224489,987.766603,0.204081,0.834646,B5,right
1.224489,1975.533205,0.204081,0.787402,B6,right
1.428570,123.470825,0.204081,0.787402,B2,left
1.632652,97.998859,0.204081,0.787402,G2,left
1.632652,130.812783,0.204081,0.787402,C3,left
1.632652,164.813778,0.204081,0.787402,E3,left
1.632652,493.883301,0.204081,0.834646,B4,right
1.632652,987.766603,0.204081,0.787402,B5,right
1.836734,130.812783,0.204081,0.787402,C3,left
1.836734,440.000000,0.204081,0.834646,A4,right
1.836734,880.000000,0.204081,0.787402,A5,right
2.040815,97.998859,0.204081,0.787402,G2,left
2.040815,130.812783,0.204081,0.787402,C3,left
2.040815,164.813778,0.204081,0.787402,E3,left
2.040815,493.883301,0.204081,0.834646,B4,right
2.040815,987.766603,0.204081,0.787402,B5,right
2.244896,130.812783,0.204081,0.787402,C3,left
2.244896,659.255114,0.204081,0.834646,E5,right
2.244896,1318.510228,0.204081,0.787402,E6,right
2.448978,92.498606,0.204081,0.787402,F#2,left
2.448978,123.470825,0.204081,0.787402,B2,left
2.448978,155.563492,0.204081,0.787402,D#3,left
2.448978,739.988845,0.204081,0.834646,F#5,right
2.448978,1479.977691,0.204081,0.787402,F#6,right
2.653060,123.470825,0.204081,0.787402,B2,left
2.857141,92.498606,0.204081,0.787402,F#2,left
2.857141,123.470825,0.204081,0.787402,B2,left
2.857141,155.563492,0.204081,0.787402,D#3,left
2.857141,493.883301,0.204081,0.834646,B4,right
2.857141,987.766603,0.204081,0.787402,B5,right
3.061222,82.406889,0.204081,0.787402,E2,left
3.061222,97.998859,0.204081,0.787402,G2,left
3.061222,123.470825,0.204081,0.787402,B2,left
3.061222,659.255114,0.204081,0.834646,E5,right
3.061222,1318.510228,0.204081,0.787402,E6,right
3.265304,82.406889,0.204081,0.787402,E2,left
3.265304,739.988845,0.204081,0.834646,F#5,right
3.265304,1479.977691,0.204081,0.787402,F#6,right
3.469386,82.406889,0.204081,0.787402,E2,left
3.469386,97.998859,0.204081,0.787402,G2,left
3.469386,123.470825,0.204081,0.787402,B2,left
3.673467,82.406889,0.204081,0.787402,E2,left
3.673467,493.883301,0.204081,0.834646,B4,right
3.673467,987.766603,0.204081,0.787402,B5,right
3.877548,97.998859,0.204081,0.787402,G2,left
3.877548,123.470825,0.204081,0.787402,B2,left
3.877548,146.832384,0.204081,0.787402,D3,left
3.877548,164.813778,0.204081,0.787402,E3,left
3.877548,1174.659072,0.204081,0.834646,D6,right
3.877548,2349.318143,0.204081,0.787402,D7,right
4.081630,82.406889,0.204081,0.787402,E2,left
4.081630,1174.659072,0.204081,0.834646,D6,right
4.081630,2349.318143,0.204081,0.787402,D7,right
4.285712,82.406889,0.408163,0.787402,E2,left
4.285712,97.998859,0.204081,0.787402,G2,left
4.285712,123.470825,0.408163,0.787402,B2,left
4.489793,97.998859,0.204081,0.787402,G2,left
4.489793,1174.659072,0.204081,0.834646,D6,right
4.489793,2349.318143,0.204081,0.787402,D7,right
4.693874,123.470825,0.204081,0.787402,B2,left
4.693874,987.766603,0.204081,0.834646,B5,right
4.693874,1975.533205,0.204081,0.787402,B6,right
4.897956,97.998859,0.204081,0.787402,G2,left
4.897956,130.812783,0.204081,0.787402,C3,left
4.897956,164.813778,0.204081,0.787402,E3,left
5.102038,130.812783,0.204081,0.787402,C3,left
5.102038,987.766603,0.204081,0.834646,B5,right
5.102038,1975.533205,0.204081,0.787402,B6,right
5.306119,97.998859,0.204081,0.787402,G2,left
5.306119,130.812783,0.204081,0.787402,C3,left
5.306119,164.813778,0.204081,0.787402,E3,left
5.306119,880.000000,0.204081,0.834646,A5,right
5.306119,1760.000000,0.204081,0.787402,A6,right
5.510200,130.812783,0.204081,0.787402,C3,left
5.714282,92.498606,0.204081,0.787402,F#2,left
5.714282,123.470825,0.204081,0.787402,B2,left
5.714282,155.563492,0.204081,0.787402,D#3,left
5.714282,783.990872,0.204081,0.834646,G5,right
5.714282,1567.981744,0.204081,0.787402,G6,right
5.918364,123.470825,0.204081,0.787402,B2,left
5.918364,739.988845,0.204081,0.834646,F#5,right
5.918364,1479.977691,0.204081,0.787402,F#6,right
6.122445,92.498606,0.204081,0.787402,F#2,left
6.122445,123.470825,0.204081,0.787402,B2,left
6.122445,155.563492,0.204081,0.787402,D#3,left
6.326527,82.406889,0.204081,0.787402,E2,left
6.326527,97.998859,0.204081,0.787402,G2,left
6.326527,123.470825,0.204081,0.787402,B2,left
6.326527,659.255114,0.204081,0.834646,E5,right
6.326527,1318.510228,0.204081,0.787402,E6,right
6.530608,92.498606,0.204081,0.787402,F#2,left
6.530608,110.000000,0.204081,0.787402,A2,left
6.530608,155.563492,0.204081,0.787402,D#3,left
6.530608,739.988845,0.204081,0.834646,F#5,right
6.530608,1479.977691,0.204081,0.787402,F#6,right
6.734689,92.498606,0.204081,0.787402,F#2,left
6.734689,110.000000,0.204081,0.787402,A2,left
6.734689,155.563492,0.204081,0.787402,D#3,left
6.734689,739.988845,0.204081,0.834646,F#5,right
6.734689,1479.977691,0.204081,0.787402,F#6,right
6.938771,739.988845,0.204081,0.834646,F#5,right
6.938771,1479.977691,0.204081,0.787402,F#6,right
7.142853,92.498606,0.204081,0.787402,F#2,left
7.142853,110.000000,0.204081,0.787402,A2,left
7.142853,155.563492,0.204081,0.787402,D#3,left
7.142853,659.255114,0.204081,0.834646,E5,right
7.142853,1318.510228,0.204081,0.787402,E6,right
7.346934,92.498606,0.204081,0.787402,F#2,left
7.346934,110.000000,0.204081,0.787402,A2,left
7.346934,155.563492,0.204081,0.787402,D#3,left
7.346934,739.988845,0.204081,0.834646,F#5,right
7.346934,1479.977691,0.204081,0.787402,F#6,right
7.755097,92.498606,0.408163,0.787402,F#2,left
7.755097,110.000000,0.408163,0.787402,A2,left
7.755097,155.563492,0.408163,0.787402,D#3,left
7.755097,783.990872,0.408163,0.834646,G5,right
7.755097,1567.981744,0.408163,0.787402,G6,right
8.163260,97.998859,0.204081,0.787402,G2,left
8.163260,130.812783,0.204081,0.787402,C3,left
8.163260,164.813778,0.204081,0.787402,E3,left
8.163260,659.255114,0.204081,0.834646,E5,right
8.163260,987.766603,0.204081,0.834646,B5,right
8.163260,1318.510228,0.204081,0.787402,E6,right
8.367341,130.812783,0.204081,0.787402,C3,left
8.571423,97.998859,0.204081,0.787402,G2,left
8.571423,130.812783,0.204081,0.787402,C3,left
8.571423,164.813778,0.204081,0.787402,E3,left
8.571423,659.255114,0.204081,0.834646,E5,right
8.979586,92.498606,0.204081,0.787402,F#2,left
8.979586,123.470825,0.204081,0.787402,B2,left
8.979586,155.563492,0.204081,0.787402,D#3,left
8.979586,739.988845,0.204081,0.834646,F#5,right
9.183668,123.470825,0.204081,0.787402,B2,left
9.387749,92.498606,0.204081,0.787402,F#2,left
9.387749,123.470825,0.204081,0.787402,B2,left
9.387749,155.563492,0.204081,0.787402,D#3,left
9.387749,987.766603,0.204081,0.834646,B5,right
9.591830,82.406889,0.204081,0.787402,E2,left
9.591830,97.998859,0.204081,0.787402,G2,left
9.591830,123.470825,0.204081,0.787402,B2,left
9.591830,659.255114,0.204081,0.834646,E5,right
9.795912,82.406889,0.204081,0.787402,E2,left
9.999993,82.406889,0.204081,0.787402,E2,left
9.999993,97.998859,0.204081,0.787402,G2,left
9.999993,123.470825,0.204081,0.787402,B2,left
9.999993,1174.659072,0.204081,0.834646,D6,right
10.204075,82.406889,0.204081,0.787402,E2,left
10.408157,97.998859,0.204081,0.787402,G2,left
10.408157,123.470825,0.204081,0.787402,B2,left
10.408157,146.832384,0.204081,0.787402,D3,left
10.408157,164.813778,0.204081,0.787402,E3,left
10.408157,587.329536,0.204081,0.834646,D5,right
10.612238,82.406889,0.204081,0.787402,E2,left
10.612238,554.365262,0.102041,0.834646,C#5,right
10.816320,82.406889,0.408163,0.787402,E2,left
10.816320,97.998859,0.204081,0.787402,G2,left
10.816320,123.470825,0.408163,0.787402,B2,left
10.816320,587.329536,0.204081,0.834646,D5,right
11.020401,97.998859,0.204081,0.787402,G2,left
11.020401,554.365262,0.102041,0.834646,C#5,right
11.224482,123.470825,0.204081,0.787402,B2,left
11.224482,493.883301,0.204081,0.834646,B4,right
11.428564,97.998859,0.204081,0.787402,G2,left
11.428564,130.812783,0.204081,0.787402,C3,left
11.428564,164.813778,0.204081,0.787402,E3,left
11.428564,987.766603,0.204081,0.834646,B5,right
11.632645,130.812783,0.204081,0.787402,C3,left
11.836727,97.998859,0.204081,0.787402,G2,left
11.836727,130.812783,0.204081,0.787402,C3,left
11.836727,164.813778,0.204081,0.787402,E3,left
11.836727,659.255114,0.204081,0.834646,E5,right
12.244890,92.498606,0.204081,0.787402,F#2,left
12.244890,123.470825,0.204081,0.787402,B2,left
12.244890,155.563492,0.204081,0.787402,D#3,left
12.244890,739.988845,0.204081,0.834646,F#5,right
12.448972,123.470825,0.204081,0.787402,B2,left
12.653053,92.498606,0.204081,0.787402,F#2,left
12.653053,123.470825,0.204081,0.787402,B2,left
12.653053,155.563492,0.204081,0.787402,D#3,left
12.653053,987.766603,0.204081,0.834646,B5,right
12.857134,82.406889,0.204081,0.787402,E2,left
12.857134,97.998859,0.204081,0.787402,G2,left
12.857134,123.470825,0.204081,0.787402,B2,left
12.857134,659.255114,0.204081,0.834646,E5,right
0.000000,82.406889,0.204081,0.787402,E2,left
0.204082,82.406889,0.204081,0.787402,E2,left
0.204082,97.998859,0.204081,0.787402,G2,left
0.204082,123.470825,0.204081,0.787402,B2,left
0.204082,493.883301,0.204081,0.834646,B4,right
0.408163,82.406889,0.204081,0.787402,E2,left
0.612245,97.998859,0.204081,0.787402,G2,left
0.612245,123.470825,0.204081,0.787402,B2,left
0.612245,146.832384,0.204081,0.787402,D3,left
0.612245,164.813778,0.204081,0.787402,E3,left
0.612245,493.883301,0.204081,0.834646,B4,right
0.816326,82.406889,0.204081,0.787402,E2,left
0.816326,466.163762,0.102041,0.834646,A#4,right
1.020408,82.406889,0.408163,0.787402,E2,left
1.020408,97.998859,0.204081,0.787402,G2,left
1.020408,123.470825,0.408163,0.787402,B2,left
1.020408,493.883301,0.204081,0.834646,B4,right
1.224489,97.998859,0.204081,0.787402,G2,left
1.224489,466.163762,0.102041,0.834646,A#4,right
1.428570,123.470825,0.204081,0.787402,B2,left
1.428570,440.000000,0.204081,0.834646,A4,right
1.632652,97.998859,0.204081,0.787402,G2,left
1.632652,130.812783,0.204081,0.787402,C3,left
1.632652,164.813778,0.204081,0.787402,E3,left
1.632652,987.766603,0.204081,0.834646,B5,right
1.836734,130.812783,0.204081,0.787402,C3,left
2.040815,97.998859,0.204081,0.787402,G2,left
2.040815,130.812783,0.204081,0.787402,C3,left
2.040815,164.813778,0.204081,0.787402,E3,left
2.040815,659.255114,0.204081,0.834646,E5,right
2.448978,92.498606,0.204081,0.787402,F#2,left
2.448978,123.470825,0.204081,0.787402,B2,left
2.448978,155.563492,0.204081,0.787402,D#3,left
2.448978,739.988845,0.204081,0.834646,F#5,right
2.653060,123.470825,0.204081,0.787402,B2,left
2.857141,92.498606,0.204081,0.787402,F#2,left
2.857141,123.470825,0.204081,0.787402,B2,left
2.857141,155.563492,0.204081,0.787402,D#3,left
2.857141,987.766603,0.204081,0.834646,B5,right
3.061222,82.406889,0.204081,0.787402,E2,left
3.061222,97.998859,0.204081,0.787402,G2,left
3.061222,123.470825,0.204081,0.787402,B2,left
3.061222,659.255114,0.204081,0.834646,E5,right
3.265304,82.406889,0.204081,0.787402,E2,left
3.469386,82.406889,0.204081,0.787402,E2,left
3.469386,97.998859,0.204081,0.787402,G2,left
3.469386,123.470825,0.204081,0.787402,B2,left
3.469386,1174.659072,0.204081,0.834646,D6,right
3.673467,82.406889,0.204081,0.787402,E2,left
3.877549,97.998859,0.204081,0.787402,G2,left
3.877549,123.470825,0.204081,0.787402,B2,left
3.877549,146.832384,0.204081,0.787402,D3,left
3.877549,164.813778,0.204081,0.787402,E3,left
3.877549,587.329536,0.204081,0.834646,D5,right
4.081630,82.406889,0.204081,0.787402,E2,left
4.081630,554.365262,0.102041,0.834646,C#5,right
4.285712,82.406889,0.408163,0.787402,E2,left
4.285712,97.998859,0.204081,0.787402,G2,left
4.285712,123.470825,0.408163,0.787402,B2,left
4.285712,587.329536,0.204081,0.834646,D5,right
4.489793,97.998859,0.204081,0.787402,G2,left
4.489793,554.365262,0.102041,0.834646,C#5,right
4.693874,123.470825,0.204081,0.787402,B2,left
4.693874,493.883301,0.204081,0.834646,B4,right
4.897956,97.998859,0.204081,0.787402,G2,left
4.897956,130.812783,0.204081,0.787402,C3,left
4.897956,164.813778,0.204081,0.787402,E3,left
4.897956,987.766603,0.204081,0.834646,B5,right
5.102038,130.812783,0.204081,0.787402,C3,left
5.306119,97.998859,0.204081,0.787402,G2,left
5.306119,130.812783,0.204081,0.787402,C3,left
5.306119,164.813778,0.204081,0.787402,E3,left
5.306119,659.255114,0.204081,0.834646,E5,right
5.714282,92.498606,0.204081,0.787402,F#2,left
5.714282,123.470825,0.204081,0.787402,B2,left
5.714282,155.563492,0.204081,0.787402,D#3,left
5.714282,739.988845,0.204081,0.834646,F#5,right
5.918364,123.470825,0.204081,0.787402,B2,left
6.122445,92.498606,0.204081,0.787402,F#2,left
6.122445,123.470825,0.204081,0.787402,B2,left
6.122445,155.563492,0.204081,0.787402,D#3,left
6.122445,659.255114,0.204081,0.834646,E5,right
6.326526,82.406889,0.204081,0.787402,E2,left
6.326526,97.998859,0.204081,0.787402,G2,left
6.326526,123.470825,0.204081,0.787402,B2,left
6.326526,493.883301,0.204081,0.834646,B4,right
6.734690,164.813778,0.204081,0.787402,E3,left
7.142853,164.813778,0.204081,0.787402,E3,left
7.551015,164.813778,0.204081,0.787402,E3,left
7.755097,164.813778,0.204081,0.787402,E3,left
8.163260,97.998859,0.204081,0.708661,G2,left
8.163260,130.812783,0.204081,0.708661,C3,left
8.163260,164.813778,0.204081,0.708661,E3,left
8.163260,493.883301,0.204081,0.834646,B4,right
8.571423,97.998859,0.204081,0.708661,G2,left
8.571423,130.812783,0.204081,0.708661,C3,left
8.571423,164.813778,0.204081,0.708661,E3,left
8.571423,493.883301,0.204081,0.834646,B4,right
8.775505,587.329536,0.204081,0.834646,D5,right
8.979586,92.498606,0.204081,0.708661,F#2,left
8.979586,123.470825,0.204081,0.708661,B2,left
8.979586,146.832384,0.204081,0.708661,D3,left
8.979586,587.329536,0.204081,0.834646,D5,right
9.387749,92.498606,0.204081,0.708661,F#2,left
9.387749,123.470825,0.204081,0.708661,B2,left
9.387749,146.832384,0.204081,0.708661,D3,left
9.591831,82.406889,0.204081,0.708661,E2,left
9.591831,97.998859,0.204081,0.708661,G2,left
9.591831,123.470825,0.204081,0.708661,B2,left
9.999994,82.406889,0.204081,0.708661,E2,left
9.999994,97.998859,0.204081,0.708661,G2,left
9.999994,123.470825,0.204081,0.708661,B2,left
10.408157,97.998859,0.204081,0.708661,G2,left
10.408157,587.329536,0.204081,0.834646,D5,right
10.612238,587.329536,0.204081,0.834646,D5,right
10.816319,97.998859,0.204081,0.708661,G2,left
10.816319,587.329536,0.204081,0.834646,D5,right
11.020401,659.255114,0.204081,0.834646,E5,right
11.224483,97.998859,0.204081,0.708661,G2,left
11.224483,587.329536,0.204081,0.834646,D5,right
11.428564,97.998859,0.204081,0.708661,G2,left
11.428564,130.812783,0.204081,0.708661,C3,left
11.428564,164.813778,0.204081,0.708661,E3,left
11.428564,493.883301,0.204081,0.834646,B4,right
11.836727,97.998859,0.204081,0.708661,G2,left
11.836727,130.812783,0.204081,0.708661,C3,left
11.836727,164.813778,0.204081,0.708661,E3,left
11.836727,493.883301,0.204081,0.834646,B4,right
12.244890,92.498606,0.204081,0.708661,F#2,left
12.244890,123.470825,0.204081,0.708661,B2,left
12.244890,146.832384,0.204081,0.708661,D3,left
12.244890,493.883301,0.204081,0.834646,B4,right
12.448971,587.329536,0.204081,0.834646,D5,right
12.653053,92.498606,0.204081,0.708661,F#2,left
12.653053,123.470825,0.204081,0.708661,B2,left
12.653053,146.832384,0.204081,0.708661,D3,left
12.857135,82.406889,0.204081,0.708661,E2,left
12.857135,97.998859,0.204081,0.708661,G2,left
12.857135,123.470825,0.204081,0.708661,B2,left
12.857135,440.000000,0.204081,0.834646,A4,right
0.000000,440.000000,0.204081,0.834646,A4,right
0.204082,82.406889,0.204081,0.708661,E2,left
0.204082,97.998859,0.204081,0.708661,G2,left
0.204082,123.470825,0.204081,0.708661,B2,left
0.204082,440.000000,0.204081,0.834646,A4,right
0.612245,97.998859,0.204081,0.708661,G2,left
0.612245,493.883301,0.204081,0.834646,B4,right
0.816326,97.998859,0.102041,0.708661,G2,left
0.816326,466.163762,0.204081,0.551181,A#4,right
1.020407,97.998859,0.102041,0.708661,G2,left
1.020407,493.883301,0.204081,0.551181,B4,right
1.224489,110.000000,0.204081,0.708661,A2,left
1.224489,466.163762,0.204081,0.551181,A#4,right
1.428570,123.470825,0.204081,0.708661,B2,left
1.428570,440.000000,0.204081,0.551181,A4,right
1.632652,97.998859,0.204081,0.708661,G2,left
1.632652,130.812783,0.204081,0.708661,C3,left
1.632652,164.813778,0.204081,0.708661,E3,left
1.632652,493.883301,0.204081,0.834646,B4,right
1.836734,130.812783,0.204081,0.708661,C3,left
1.836734,493.883301,0.204081,0.834646,B4,right
2.040815,97.998859,0.204081,0.708661,G2,left
2.040815,130.812783,0.204081,0.708661,C3,left
2.040815,164.813778,0.204081,0.708661,E3,left
2.040815,493.883301,0.204081,0.834646,B4,right
2.244897,123.470825,0.204081,0.708661,B2,left
2.244897,587.329536,0.204081,0.834646,D5,right
2.448978,92.498606,0.204081,0.708661,F#2,left
2.448978,123.470825,0.204081,0.708661,B2,left
2.448978,146.832384,0.204081,0.708661,D3,left
2.448978,587.329536,0.204081,0.834646,D5,right
2.857141,92.498606,0.204081,0.708661,F#2,left
2.857141,123.470825,0.204081,0.708661,B2,left
2.857141,146.832384,0.204081,0.708661,D3,left
3.061222,82.406889,0.204081,0.708661,E2,left
3.061222,97.998859,0.204081,0.708661,G2,left
3.061222,123.470825,0.204081,0.708661,B2,left
3.469386,82.406889,0.204081,0.708661,E2,left
3.469386,97.998859,0.204081,0.708661,G2,left
3.469386,123.470825,0.204081,0.708661,B2,left
3.877549,97.998859,0.204081,0.708661,G2,left
3.877549,587.329536,0.204081,0.834646,D5,right
4.081630,587.329536,0.204081,0.834646,D5,right
4.285711,97.998859,0.204081,0.708661,G2,left
4.285711,587.329536,0.204081,0.834646,D5,right
4.489793,659.255114,0.204081,0.834646,E5,right
4.693874,97.998859,0.204081,0.708661,G2,left
4.693874,587.329536,0.204081,0.834646,D5,right
4.897956,97.998859,0.204081,0.708661,G2,left
4.897956,130.812783,0.204081,0.708661,C3,left
4.897956,164.813778,0.204081,0.708661,E3,left
4.897956,659.255114,0.204081,0.834646,E5,right
5.306119,97.998859,0.204081,0.708661,G2,left
5.306119,130.812783,0.408163,0.708661,C3,left
5.306119,164.813778,0.204081,0.708661,E3,left
5.306119,659.255114,0.204081,0.834646,E5,right
5.510201,587.329536,0.204081,0.834646,D5,right
5.714282,92.498606,0.204081,0.708661,F#2,left
5.714282,123.470825,0.204081,0.708661,B2,left
5.714282,146.832384,0.204081,0.708661,D3,left
5.714282,659.255114,0.204081,0.834646,E5,right
5.918363,123.470825,0.102041,0.708661,B2,left
5.918363,587.329536,0.204081,0.834646,D5,right
6.122445,92.498606,0.204081,0.708661,F#2,left
6.122445,123.470825,0.204081,0.708661,B2,left
6.122445,146.832384,0.204081,0.708661,D3,left
6.326526,82.406889,0.204081,0.708661,E2,left
6.326526,97.998859,0.204081,0.708661,G2,left
6.326526,123.470825,0.204081,0.708661,B2,left
6.326526,659.255114,0.204081,0.834646,E5,right
6.734690,82.406889,0.204081,0.708661,E2,left
6.734690,987.766603,0.204081,0.834646,B5,right
7.142852,82.406889,0.204081,0.708661,E2,left
7.142852,659.255114,0.204081,0.834646,E5,right
7.551015,97.998859,0.204081,0.708661,G2,left
7.551015,195.997718,0.204081,0.708661,G3,left
7.755097,92.498606,0.204081,0.708661,F#2,left
7.755097,184.997211,0.204081,0.708661,F#3,left
7.755097,739.988845,0.204081,0.708661,F#5,right
7.959179,61.735413,0.204081,0.708661,B1,left
7.959179,123.470825,0.204081,0.708661,B2,left
7.959179,783.990872,0.204081,0.708661,G5,right
8.163260,65.406391,0.204081,0.748031,C2,left
8.163260,130.812783,0.204081,0.748031,C3,left
8.367342,65.406391,0.204081,0.748031,C2,left
8.367342,130.812783,0.204081,0.748031,C3,left
8.571423,739.988845,0.204081,0.708661,F#5,right
8.775504,65.406391,0.204081,0.748031,C2,left
8.775504,130.812783,0.204081,0.748031,C3,left
8.775504,739.988845,0.204081,0.708661,F#5,right
9.183667,61.735413,0.204081,0.748031,B1,left
9.183667,123.470825,0.204081,0.748031,B2,left
9.387749,659.255114,0.204081,0.708661,E5,right
9.591831,61.735413,0.204081,0.748031,B1,left
9.591831,123.470825,0.204081,0.748031,B2,left
9.591831,987.766603,0.204081,0.708661,B5,right
9.795912,65.406391,0.204081,0.748031,C2,left
9.795912,130.812783,0.204081,0.748031,C3,left
9.999994,65.406391,0.204081,0.748031,C2,left
9.999994,130.812783,0.204081,0.748031,C3,left
10.204075,739.988845,0.204081,0.708661,F#5,right
10.408156,65.406391,0.204081,0.748031,C2,left
10.408156,130.812783,0.204081,0.748031,C3,left
10.408156,739.988845,0.408163,0.708661,F#5,right
10.816319,97.998859,0.102041,0.748031,G2,left
10.816319,195.997718,0.102041,0.748031,G3,left
10.816319,659.255114,0.204081,0.708661,E5,right
10.918360,97.998859,0.102041,0.748031,G2,left
10.918360,195.997718,0.102041,0.748031,G3,left
11.020401,92.498606,0.204081,0.748031,F#2,left
11.020401,184.997211,0.204081,0.748031,F#3,left
11.224483,61.735413,0.204081,0.748031,B1,left
11.224483,123.470825,0.204081,0.748031,B2,left
11.224483,987.766603,0.204081,0.708661,B5,right
11.428564,65.406391,0.204081,0.748031,C2,left
11.428564,130.812783,0.204081,0.748031,C3,left
11.632646,65.406391,0.204081,0.748031,C2,left
11.632646,130.812783,0.204081,0.748031,C3,left
11.836727,739.988845,0.102041,0.708661,F#5,right
11.938768,739.988845,0.102041,0.708661,F#5,right
12.040809,65.406391,0.204081,0.748031,C2,left
12.040809,130.812783,0.204081,0.748031,C3,left
12.040809,739.988845,0.204081,0.708661,F#5,right
12.448972,61.735413,0.102041,0.748031,B1,left
12.448972,123.470825,0.102041,0.748031,B2,left
12.551012,61.735413,0.102041,0.748031,B1,left
12.551012,123.470825,0.102041,0.748031,B2,left
12.653053,61.735413,0.204081,0.748031,B1,left
12.653053,123.470825,0.204081,0.748031,B2,left
12.653053,659.255114,0.204081,0.708661,E5,right
12.857134,61.735413,0.204081,0.748031,B1,left
12.857134,123.470825,0.204081,0.748031,B2,left
12.857134,659.255114,0.102041,0.708661,E5,right
0.000000,65.406391,0.204081,0.748031,C2,left
0.000000,130.812783,0.204081,0.748031,C3,left
0.204082,65.406391,0.204081,0.748031,C2,left
0.204082,130.812783,0.204081,0.748031,C3,left
0.204082,739.988845,0.204081,0.708661,F#5,right
0.408163,739.988845,0.204081,0.708661,F#5,right
0.612245,65.406391,0.204081,0.748031,C2,left
0.612245,130.812783,0.204081,0.748031,C3,left
1.020408,97.998859,0.102041,0.748031,G2,left
1.020408,195.997718,0.102041,0.748031,G3,left
1.122448,97.998859,0.102041,0.748031,G2,left
1.122448,195.997718,0.102041,0.748031,G3,left
1.224489,92.498606,0.204081,0.748031,F#2,left
1.224489,184.997211,0.204081,0.748031,F#3,left
1.224489,493.883301,0.204081,0.748031,B4,right
1.428571,61.735413,0.204081,0.748031,B1,left
1.428571,123.470825,0.204081,0.748031,B2,left
1.428571,493.883301,0.204081,0.748031,B4,right
1.632652,65.406391,0.204081,0.748031,C2,left
1.632652,130.812783,0.204081,0.748031,C3,left
1.836734,65.406391,0.204081,0.748031,C2,left
1.836734,130.812783,0.204081,0.748031,C3,left
2.040815,739.988845,0.204081,0.748031,F#5,right
2.244897,65.406391,0.204081,0.748031,C2,left
2.244897,130.812783,0.204081,0.748031,C3,left
2.244897,739.988845,0.204081,0.748031,F#5,right
2.653060,61.735413,0.102041,0.748031,B1,left
2.653060,123.470825,0.102041,0.748031,B2,left
2.857141,65.406391,0.204081,0.748031,C2,left
2.857141,130.812783,0.204081,0.748031,C3,left
2.857141,659.255114,0.204081,0.748031,E5,right
3.061222,61.735413,0.204081,0.748031,B1,left
3.061222,123.470825,0.204081,0.748031,B2,left
3.061222,987.766603,0.204081,0.748031,B5,right
3.265304,65.406391,0.204081,0.748031,C2,left
3.265304,130.812783,0.204081,0.748031,C3,left
3.469386,65.406391,0.204081,0.748031,C2,left
3.469386,130.812783,0.204081,0.748031,C3,left
3.673467,739.988845,0.204081,0.748031,F#5,right
3.877549,65.406391,0.204081,0.748031,C2,left
3.877549,130.812783,0.204081,0.748031,C3,left
3.877549,739.988845,0.408163,0.748031,F#5,right
4.285712,97.998859,0.102041,0.748031,G2,left
4.285712,195.997718,0.102041,0.748031,G3,left
4.387752,97.998859,0.102041,0.748031,G2,left
4.387752,195.997718,0.102041,0.748031,G3,left
4.489793,92.498606,0.204081,0.748031,F#2,left
4.489793,184.997211,0.204081,0.748031,F#3,left
4.489793,659.255114,0.204081,0.748031,E5,right
4.693875,61.735413,0.204081,0.748031,B1,left
4.693875,123.470825,0.204081,0.748031,B2,left
4.693875,987.766603,0.204081,0.748031,B5,right
4.897956,61.735413,0.204081,0.748031,B1,left
4.897956,123.470825,0.204081,0.748031,B2,left
5.102038,61.735413,0.204081,0.748031,B1,left
5.102038,123.470825,0.204081,0.748031,B2,left
5.306119,739.988845,0.204081,0.748031,F#5,right
5.510201,61.735413,0.204081,0.748031,B1,left
5.510201,123.470825,0.204081,0.748031,B2,left
5.510201,739.988845,0.204081,0.748031,F#5,right
5.918364,61.735413,0.204081,0.748031,B1,left
5.918364,123.470825,0.204081,0.748031,B2,left
6.122445,61.735413,0.204081,0.748031,B1,left
6.122445,123.470825,0.204081,0.748031,B2,left
6.122445,493.883301,0.204081,0.834646,B4,right
6.326526,61.735413,0.204081,0.748031,B1,left
6.326526,123.470825,0.204081,0.748031,B2,left
6.326526,739.988845,0.204081,0.834646,F#5,right
6.734690,61.735413,0.204081,0.748031,B1,left
6.734690,123.470825,0.204081,0.748031,B2,left
6.734690,739.988845,0.204081,0.834646,F#5,right
7.142853,61.735413,0.204081,0.748031,B1,left
7.142853,123.470825,0.204081,0.748031,B2,left
7.142853,739.988845,0.204081,0.834646,F#5,right
7.551016,61.735413,0.204081,0.748031,B1,left
7.551016,123.470825,0.204081,0.748031,B2,left
7.551016,783.990872,0.204081,0.834646,G5,right
7.755097,61.735413,0.204081,0.748031,B1,left
7.755097,123.470825,0.204081,0.748031,B2,left
7.755097,739.988845,0.204081,0.834646,F#5,right
8.163260,261.625565,0.204081,0.543307,C4,right
8.163260,987.766603,0.204081,0.748031,B5,right
8.367342,246.941651,0.204081,0.543307,B3,left
8.367342,880.000000,0.204081,0.748031,A5,right
8.571423,261.625565,0.204081,0.543307,C4,right
8.571423,987.766603,0.204081,0.748031,B5,right
8.775505,246.941651,0.204081,0.543307,B3,left
8.775505,1318.510228,0.204081,0.748031,E6,right
8.979586,246.941651,0.204081,0.543307,B3,left
8.979586,1479.977691,0.204081,0.748031,F#6,right
9.387749,246.941651,0.204081,0.543307,B3,left
9.387749,987.766603,0.204081,0.748031,B5,right
9.591831,164.813778,0.204081,0.543307,E3,left
9.591831,1318.510228,0.204081,0.748031,E6,right
9.795912,1479.977691,0.204081,0.748031,F#6,right
9.999994,164.813778,0.204081,0.543307,E3,left
10.204075,987.766603,0.204081,0.748031,B5,right
10.408157,195.997718,0.204081,0.543307,G3,left
10.408157,1479.977691,0.204081,0.748031,F#6,right
10.612238,164.813778,0.204081,0.543307,E3,left
10.612238,1567.981744,0.204081,0.748031,G6,right
10.816320,82.406889,0.408163,0.787402,E2,left
10.816320,97.998859,0.204081,0.787402,G2,left
10.816320,123.470825,0.408163,0.787402,B2,left
11.020401,97.998859,0.204081,0.787402,G2,left
11.020401,493.883301,0.204081,0.748031,B4,right
11.020401,987.766603,0.204081,0.748031,B5,right
11.224483,123.470825,0.204081,0.787402,B2,left
11.224483,987.766603,0.204081,0.748031,B5,right
11.224483,1975.533205,0.204081,0.748031,B6,right
11.428564,97.998859,0.204081,0.787402,G2,left
11.428564,130.812783,0.204081,0.787402,C3,left
11.428564,164.813778,0.204081,0.787402,E3,left
11.428564,880.000000,0.204081,0.748031,A5,right
11.428564,1760.000000,0.204081,0.748031,A6,right
11.632646,123.470825,0.204081,0.787402,B2,left
11.836727,97.998859,0.204081,0.787402,G2,left
11.836727,130.812783,0.204081,0.787402,C3,left
11.836727,164.813778,0.204081,0.787402,E3,left
11.836727,783.990872,0.204081,0.748031,G5,right
11.836727,1567.981744,0.204081,0.748031,G6,right
12.040809,123.470825,0.204081,0.787402,B2,left
12.244890,92.498606,0.204081,0.787402,F#2,left
12.244890,123.470825,0.204081,0.787402,B2,left
12.244890,155.563492,0.204081,0.787402,D#3,left
12.244890,739.988845,0.306122,0.748031,F#5,right
12.244890,1479.977691,0.306122,0.748031,F#6,right
12.551012,783.990872,0.051020,0.748031,G5,right
12.551012,1567.981744,0.051020,0.748031,G6,right
12.602033,739.988845,0.051020,0.748031,F#5,right
12.602033,1479.977691,0.051020,0.748031,F#6,right
12.653053,92.498606,0.204081,0.787402,F#2,left
12.653053,123.470825,0.204081,0.787402,B2,left
12.653053,155.563492,0.204081,0.787402,D#3,left
12.653053,659.255114,0.204081,0.748031,E5,right
12.653053,1318.510228,0.204081,0.748031,E6,right
12.857135,82.406889,0.204081,0.787402,E2,left
12.857135,97.998859,0.204081,0.787402,G2,left
12.857135,123.470825,0.204081,0.787402,B2,left
12.857135,1174.659072,0.204081,0.748031,D6,right
12.857135,2349.318143,0.204081,0.748031,D7,right
0.000000,82.406889,0.204081,0.787402,E2,left
0.204082,82.406889,0.204081,0.787402,E2,left
0.204082,97.998859,0.204081,0.787402,G2,left
0.204082,123.470825,0.204081,0.787402,B2,left
0.204082,1174.659072,0.204081,0.748031,D6,right
0.204082,2349.318143,0.204081,0.748031,D7,right
0.408163,82.406889,0.204081,0.787402,E2,left
0.408163,1174.659072,0.204081,0.748031,D6,right
0.408163,2349.318143,0.204081,0.748031,D7,right
0.612245,97.998859,0.204081,0.787402,G2,left
0.612245,123.470825,0.204081,0.787402,B2,left
0.612245,146.832384,0.204081,0.787402,D3,left
0.612245,164.813778,0.204081,0.787402,E3,left
0.612245,1174.659072,0.204081,0.748031,D6,right
0.612245,2349.318143,0.204081,0.748031,D7,right
0.816326,82.406889,0.204081,0.787402,E2,left
1.020408,82.406889,0.408163,0.787402,E2,left
1.020408,97.998859,0.204081,0.787402,G2,left
1.020408,123.470825,0.408163,0.787402,B2,left
1.020408,987.766603,0.204081,0.748031,B5,right
1.020408,1975.533205,0.204081,0.748031,B6,right
1.224489,97.998859,0.204081,0.787402,G2,left
1.224489,987.766603,0.204081,0.748031,B5,right
1.224489,1975.533205,0.204081,0.748031,B6,right
1.428571,123.470825,0.204081,0.787402,B2,left
1.632652,97.998859,0.204081,0.787402,G2,left
1.632652,130.812783,0.204081,0.787402,C3,left
1.632652,164.813778,0.204081,0.787402,E3,left
1.632652,493.883301,0.204081,0.748031,B4,right
1.632652,987.766603,0.204081,0.748031,B5,right
1.836734,123.470825,0.204081,0.787402,B2,left
1.836734,440.000000,0.204081,0.748031,A4,right
1.836734,880.000000,0.204081,0.748031,A5,right
2.040815,97.998859,0.204081,0.787402,G2,left
2.040815,130.812783,0.204081,0.787402,C3,left
2.040815,164.813778,0.204081,0.787402,E3,left
2.040815,493.883301,0.204081,0.748031,B4,right
2.040815,987.766603,0.204081,0.748031,B5,right
2.244897,123.470825,0.204081,0.787402,B2,left
2.244897,659.255114,0.204081,0.748031,E5,right
2.244897,1318.510228,0.204081,0.748031,E6,right
2.448978,92.498606,0.204081,0.787402,F#2,left
2.448978,123.470825,0.204081,0.787402,B2,left
2.448978,155.563492,0.204081,0.787402,D#3,left
2.448978,739.988845,0.204081,0.748031,F#5,right
2.448978,1479.977691,0.204081,0.748031,F#6,right
2.857141,92.498606,0.204081,0.787402,F#2,left
2.857141,123.470825,0.204081,0.787402,B2,left
2.857141,155.563492,0.204081,0.787402,D#3,left
2.857141,493.883301,0.204081,0.748031,B4,right
2.857141,987.766603,0.204081,0.748031,B5,right
3.061222,82.406889,0.204081,0.787402,E2,left
3.061222,97.998859,0.204081,0.787402,G2,left
3.061222,123.470825,0.204081,0.787402,B2,left
3.061222,659.255114,0.204081,0.748031,E5,right
3.061222,1318.510228,0.204081,0.748031,E6,right
3.265304,82.406889,0.204081,0.787402,E2,left
3.265304,739.988845,0.204081,0.748031,F#5,right
3.265304,1479.977691,0.204081,0.748031,F#6,right
3.469386,82.406889,0.204081,0.787402,E2,left
3.469386,97.998859,0.204081,0.787402,G2,left
3.469386,123.470825,0.204081,0.787402,B2,left
3.673467,82.406889,0.204081,0.787402,E2,left
3.673467,493.883301,0.204081,0.748031,B4,right
3.673467,987.766603,0.204081,0.748031,B5,right
3.877549,97.998859,0.204081,0.787402,G2,left
3.877549,123.470825,0.204081,0.787402,B2,left
3.877549,146.832384,0.204081,0.787402,D3,left
3.877549,164.813778,0.204081,0.787402,E3,left
3.877549,1174.659072,0.204081,0.748031,D6,right
3.877549,2349.318143,0.204081,0.748031,D7,right
4.081630,82.406889,0.204081,0.787402,E2,left
4.081630,1174.659072,0.204081,0.748031,D6,right
4.081630,2349.318143,0.204081,0.748031,D7,right
4.285712,82.406889,0.408163,0.787402,E2,left
4.285712,97.998859,0.204081,0.787402,G2,left
4.285712,123.470825,0.408163,0.787402,B2,left
4.489793,97.998859,0.204081,0.787402,G2,left
4.489793,1174.659072,0.204081,0.748031,D6,right
4.489793,2349.318143,0.204081,0.748031,D7,right
4.693875,123.470825,0.204081,0.787402,B2,left
4.693875,987.766603,0.204081,0.748031,B5,right
4.693875,1975.533205,0.204081,0.748031,B6,right
4.897956,97.998859,0.204081,0.787402,G2,left
4.897956,130.812783,0.204081,0.787402,C3,left
4.897956,164.813778,0.204081,0.787402,E3,left
5.102038,123.470825,0.204081,0.787402,B2,left
5.102038,987.766603,0.204081,0.748031,B5,right
5.102038,1975.533205,0.204081,0.748031,B6,right
5.306119,97.998859,0.204081,0.787402,G2,left
5.306119,130.812783,0.204081,0.787402,C3,left
5.306119,164.813778,0.204081,0.787402,E3,left
5.306119,880.000000,0.204081,0.748031,A5,right
5.306119,1760.000000,0.204081,0.748031,A6,right
5.510201,123.470825,0.204081,0.787402,B2,left
5.714282,92.498606,0.204081,0.787402,F#2,left
5.714282,123.470825,0.204081,0.787402,B2,left
5.714282,155.563492,0.204081,0.787402,D#3,left
5.714282,783.990872,0.204081,0.748031,G5,right
5.714282,1567.981744,0.204081,0.748031,G6,right
5.918363,739.988845,0.204081,0.748031,F#5,right
5.918363,1479.977691,0.204081,0.748031,F#6,right
6.122445,92.498606,0.204081,0.787402,F#2,left
6.122445,123.470825,0.204081,0.787402,B2,left
6.122445,155.563492,0.204081,0.787402,D#3,left
6.326526,123.470825,0.204081,0.787402,B2,left
6.326526,659.255114,0.204081,0.748031,E5,right
6.326526,1318.510228,0.204081,0.748031,E6,right
6.530608,92.498606,0.204081,0.787402,F#2,left
6.530608,110.000000,0.204081,0.787402,A2,left
6.530608,155.563492,0.204081,0.787402,D#3,left
6.530608,739.988845,0.204081,0.748031,F#5,right
6.530608,1479.977691,0.204081,0.748031,F#6,right
6.938771,1479.977691,0.204081,0.748031,F#6,right
7.346934,1479.977691,0.204081,0.748031,F#6,right
7.551016,1318.510228,0.204081,0.748031,E6,right
7.755097,1318.510228,0.204081,0.748031,E6,right
7.959179,1479.977691,0.204081,0.748031,F#6,right
8.163260,97.998859,0.204081,0.787402,G2,left
8.163260,130.812783,0.204081,0.787402,C3,left
8.163260,164.813778,0.204081,0.787402,E3,left
8.163260,987.766603,0.204081,0.748031,B5,right
8.163260,1975.533205,0.204081,0.748031,B6,right
8.367342,130.812783,0.204081,0.787402,C3,left
8.367342,493.883301,0.204081,0.748031,B4,right
8.367342,987.766603,0.204081,0.748031,B5,right
8.571423,97.998859,0.204081,0.787402,G2,left
8.571423,130.812783,0.204081,0.787402,C3,left
8.571423,164.813778,0.204081,0.787402,E3,left
8.571423,987.766603,0.204081,0.748031,B5,right
8.571423,1975.533205,0.204081,0.748031,B6,right
8.775504,130.812783,0.204081,0.787402,C3,left
8.775504,880.000000,0.204081,0.748031,A5,right
8.775504,1760.000000,0.204081,0.748031,A6,right
8.979586,92.498606,0.204081,0.787402,F#2,left
8.979586,123.470825,0.204081,0.787402,B2,left
8.979586,155.563492,0.204081,0.787402,D#3,left
8.979586,880.000000,0.204081,0.748031,A5,right
8.979586,1760.000000,0.204081,0.748031,A6,right
9.183667,123.470825,0.204081,0.787402,B2,left
9.387749,92.498606,0.204081,0.787402,F#2,left
9.387749,123.470825,0.204081,0.787402,B2,left
9.387749,155.563492,0.204081,0.787402,D#3,left
9.387749,783.990872,0.204081,0.748031,G5,right
9.387749,1567.981744,0.204081,0.748031,G6,right
9.591831,82.406889,0.204081,0.787402,E2,left
9.591831,97.998859,0.204081,0.787402,G2,left
9.591831,123.470825,0.204081,0.787402,B2,left
9.591831,739.988845,0.204081,0.748031,F#5,right
9.591831,1479.977691,0.204081,0.748031,F#6,right
9.795912,82.406889,0.204081,0.787402,E2,left
9.795912,739.988845,0.204081,0.748031,F#5,right
9.795912,1479.977691,0.204081,0.748031,F#6,right
9.999994,82.406889,0.204081,0.787402,E2,left
9.999994,97.998859,0.204081,0.787402,G2,left
9.999994,123.470825,0.204081,0.787402,B2,left
9.999994,783.990872,0.204081,0.748031,G5,right
9.999994,1567.981744,0.204081,0.748031,G6,right
10.204075,82.406889,0.204081,0.787402,E2,left
10.204075,739.988845,0.204081,0.748031,F#5,right
10.204075,1479.977691,0.204081,0.748031,F#6,right
10.408157,97.998859,0.204081,0.787402,G2,left
10.408157,123.470825,0.204081,0.787402,B2,left
10.408157,146.832384,0.204081,0.787402,D3,left
10.408157,164.813778,0.204081,0.787402,E3,left
10.408157,659.255114,0.204081,0.748031,E5,right
10.408157,1318.510228,0.204081,0.748031,E6,right
10.612238,82.406889,0.204081,0.787402,E2,left
10.612238,493.883301,0.204081,0.748031,B4,right
10.612238,987.766603,0.204081,0.748031,B5,right
10.816320,82.406889,0.408163,0.787402,E2,left
10.816320,97.998859,0.204081,0.787402,G2,left
10.816320,123.470825,0.408163,0.787402,B2,left
11.020401,97.998859,0.204081,0.787402,G2,left
11.020401,493.883301,0.204081,0.748031,B4,right
11.020401,987.766603,0.204081,0.748031,B5,right
11.224483,123.470825,0.204081,0.787402,B2,left
11.224483,987.766603,0.204081,0.748031,B5,right
11.224483,1975.533205,0.204081,0.748031,B6,right
11.428564,97.998859,0.204081,0.787402,G2,left
11.428564,130.812783,0.204081,0.787402,C3,left
11.428564,164.813778,0.204081,0.787402,E3,left
11.428564,880.000000,0.204081,0.748031,A5,right
11.428564,1760.000000,0.204081,0.748031,A6,right
11.632646,130.812783,0.204081,0.787402,C3,left
11.836727,97.998859,0.204081,0.787402,G2,left
11.836727,130.812783,0.204081,0.787402,C3,left
11.836727,164.813778,0.204081,0.787402,E3,left
11.836727,783.990872,0.204081,0.748031,G5,right
11.836727,1567.981744,0.204081,0.748031,G6,right
12.040808,130.812783,0.204081,0.787402,C3,left
12.244890,92.498606,0.204081,0.787402,F#2,left
12.244890,123.470825,0.204081,0.787402,B2,left
12.244890,155.563492,0.204081,0.787402,D#3,left
12.244890,739.988845,0.306122,0.748031,F#5,right
12.244890,1479.977691,0.306122,0.748031,F#6,right
12.448971,123.470825,0.204081,0.787402,B2,left
12.551012,783.990872,0.051020,0.748031,G5,right
12.551012,1567.981744,0.051020,0.748031,G6,right
12.602033,739.988845,0.051020,0.748031,F#5,right
12.602033,1479.977691,0.051020,0.748031,F#6,right
12.653053,92.498606,0.204081,0.787402,F#2,left
12.653053,123.470825,0.204081,0.787402,B2,left
12.653053,155.563492,0.204081,0.787402,D#3,left
12.653053,659.255114,0.204081,0.748031,E5,right
12.653053,1318.510228,0.204081,0.748031,E6,right
12.857135,82.406889,0.204081,0.787402,E2,left
12.857135,97.998859,0.204081,0.787402,G2,left
12.857135,123.470825,0.204081,0.787402,B2,left
12.857135,1174.659072,0.204081,0.748031,D6,right
12.857135,2349.318143,0.204081,0.748031,D7,right
0.000000,82.406889,0.204081,0.787402,E2,left
0.204082,82.406889,0.204081,0.787402,E2,left
0.204082,97.998859,0.204081,0.787402,G2,left
0.204082,123.470825,0.204081,0.787402,B2,left
0.204082,1174.659072,0.204081,0.748031,D6,right
0.204082,2349.318143,0.204081,0.748031,D7,right
0.408163,82.406889,0.204081,0.787402,E2,left
0.408163,1174.659072,0.204081,0.748031,D6,right
0.408163,2349.318143,0.204081,0.748031,D7,right
0.612245,97.998859,0.204081,0.787402,G2,left
0.612245,123.470825,0.204081,0.787402,B2,left
0.612245,146.832384,0.204081,0.787402,D3,left
0.612245,164.813778,0.204081,0.787402,E3,left
0.612245,1174.659072,0.204081,0.748031,D6,right
0.612245,2349.318143,0.204081,0.748031,D7,right
0.816326,82.406889,0.204081,0.787402,E2,left
1.020408,82.406889,0.408163,0.787402,E2,left
1.020408,97.998859,0.204081,0.787402,G2,left
1.020408,123.470825,0.408163,0.787402,B2,left
1.020408,987.766603,0.204081,0.748031,B5,right
1.020408,1975.533205,0.204081,0.748031,B6,right
1.224489,97.998859,0.204081,0.787402,G2,left
1.224489,987.766603,0.204081,0.748031,B5,right
1.224489,1975.533205,0.204081,0.748031,B6,right
1.428571,123.470825,0.204081,0.787402,B2,left
1.632652,97.998859,0.204081,0.787402,G2,left
1.632652,130.812783,0.204081,0.787402,C3,left
1.632652,164.813778,0.204081,0.787402,E3,left
1.632652,493.883301,0.204081,0.748031,B4,right
1.632652,987.766603,0.204081,0.748031,B5,right
1.836734,130.812783,0.204081,0.787402,C3,left
1.836734,440.000000,0.204081,0.748031,A4,right
1.836734,880.000000,0.204081,0.748031,A5,right
2.040815,97.998859,0.204081,0.787402,G2,left
2.040815,130.812783,0.204081,0.787402,C3,left
2.040815,164.813778,0.204081,0.787402,E3,left
2.040815,493.883301,0.204081,0.748031,B4,right
2.040815,987.766603,0.204081,0.748031,B5,right
2.244896,130.812783,0.204081,0.787402,C3,left
2.244896,659.255114,0.204081,0.748031,E5,right
2.244896,1318.510228,0.204081,0.748031,E6,right
2.448978,92.498606,0.204081,0.787402,F#2,left
2.448978,123.470825,0.204081,0.787402,B2,left
2.448978,155.563492,0.204081,0.787402,D#3,left
2.448978,739.988845,0.204081,0.748031,F#5,right
2.448978,1479.977691,0.204081,0.748031,F#6,right
2.653059,123.470825,0.204081,0.787402,B2,left
2.857141,92.498606,0.204081,0.787402,F#2,left
2.857141,123.470825,0.204081,0.787402,B2,left
2.857141,155.563492,0.204081,0.787402,D#3,left
2.857141,493.883301,0.204081,0.748031,B4,right
2.857141,987.766603,0.204081,0.748031,B5,right
3.061222,82.406889,0.204081,0.787402,E2,left
3.061222,97.998859,0.204081,0.787402,G2,left
3.061222,123.470825,0.204081,0.787402,B2,left
3.061222,659.255114,0.204081,0.748031,E5,right
3.061222,1318.510228,0.204081,0.748031,E6,right
3.265304,82.406889,0.204081,0.787402,E2,left
3.265304,739.988845,0.204081,0.748031,F#5,right
3.265304,1479.977691,0.204081,0.748031,F#6,right
3.469386,82.406889,0.204081,0.787402,E2,left
3.469386,97.998859,0.204081,0.787402,G2,left
3.469386,123.470825,0.204081,0.787402,B2,left
3.673467,82.406889,0.204081,0.787402,E2,left
3.673467,493.883301,0.204081,0.748031,B4,right
3.673467,987.766603,0.204081,0.748031,B5,right
3.877549,97.998859,0.204081,0.787402,G2,left
3.877549,123.470825,0.204081,0.787402,B2,left
3.877549,146.832384,0.204081,0.787402,D3,left
3.877549,164.813778,0.204081,0.787402,E3,left
3.877549,1174.659072,0.204081,0.748031,D6,right
3.877549,2349.318143,0.204081,0.748031,D7,right
4.081630,82.406889,0.204081,0.787402,E2,left
4.081630,1174.659072,0.204081,0.748031,D6,right
4.081630,2349.318143,0.204081,0.748031,D7,right
4.285712,82.406889,0.408163,0.787402,E2,left
4.285712,97.998859,0.204081,0.787402,G2,left
4.285712,123.470825,0.408163,0.787402,B2,left
4.489793,97.998859,0.204081,0.787402,G2,left
4.489793,1174.659072,0.204081,0.748031,D6,right
4.489793,2349.318143,0.204081,0.748031,D7,right
4.693875,123.470825,0.204081,0.787402,B2,left
4.693875,987.766603,0.204081,0.748031,B5,right
4.693875,1975.533205,0.204081,0.748031,B6,right
4.897956,97.998859,0.204081,0.787402,G2,left
4.897956,130.812783,0.204081,0.787402,C3,left
4.897956,164.813778,0.204081,0.787402,E3,left
5.102038,130.812783,0.204081,0.787402,C3,left
5.102038,987.766603,0.204081,0.748031,B5,right
5.102038,1975.533205,0.204081,0.748031,B6,right
5.306119,97.998859,0.204081,0.787402,G2,left
5.306119,130.812783,0.204081,0.787402,C3,left
5.306119,164.813778,0.204081,0.787402,E3,left
5.306119,880.000000,0.204081,0.748031,A5,right
5.306119,1760.000000,0.204081,0.748031,A6,right
5.510200,130.812783,0.204081,0.787402,C3,left
5.714282,92.498606,0.204081,0.787402,F#2,left
5.714282,123.470825,0.204081,0.787402,B2,left
5.714282,155.563492,0.204081,0.787402,D#3,left
5.714282,783.990872,0.204081,0.748031,G5,right
5.714282,1567.981744,0.204081,0.748031,G6,right
5.918363,123.470825,0.204081,0.787402,B2,left
5.918363,739.988845,0.204081,0.748031,F#5,right
5.918363,1479.977691,0.204081,0.748031,F#6,right
6.122445,92.498606,0.204081,0.787402,F#2,left
6.122445,123.470825,0.204081,0.787402,B2,left
6.122445,155.563492,0.204081,0.787402,D#3,left
6.326526,123.470825,0.204081,0.787402,B2,left
6.326526,659.255114,0.204081,0.748031,E5,right
6.326526,1318.510228,0.204081,0.748031,E6,right
6.530608,92.498606,0.204081,0.787402,F#2,left
6.530608,110.000000,0.204081,0.787402,A2,left
6.530608,155.563492,0.204081,0.787402,D#3,left
6.530608,739.988845,0.204081,0.748031,F#5,right
6.530608,1479.977691,0.204081,0.748031,F#6,right
6.734690,92.498606,0.204081,0.787402,F#2,left
6.734690,110.000000,0.204081,0.787402,A2,left
6.734690,155.563492,0.204081,0.787402,D#3,left
6.734690,739.988845,0.204081,0.748031,F#5,right
6.734690,1479.977691,0.204081,0.748031,F#6,right
6.938771,739.988845,0.204081,0.748031,F#5,right
6.938771,1479.977691,0.204081,0.748031,F#6,right
7.142853,92.498606,0.204081,0.787402,F#2,left
7.142853,110.000000,0.204081,0.787402,A2,left
7.142853,155.563492,0.204081,0.787402,D#3,left
7.142853,659.255114,0.204081,0.748031,E5,right
7.142853,1318.510228,0.204081,0.748031,E6,right
7.346934,92.498606,0.204081,0.787402,F#2,left
7.346934,110.000000,0.204081,0.787402,A2,left
7.346934,155.563492,0.204081,0.787402,D#3,left
7.346934,739.988845,0.204081,0.748031,F#5,right
7.346934,1479.977691,0.204081,0.748031,F#6,right
7.755097,92.498606,0.408163,0.787402,F#2,left
7.755097,110.000000,0.408163,0.787402,A2,left
7.755097,155.563492,0.408163,0.787402,D#3,left
7.755097,783.990872,0.408163,0.748031,G5,right
7.755097,1567.981744,0.408163,0.748031,G6,right
8.163260,97.998859,0.204081,0.787402,G2,left
8.163260,130.812783,0.204081,0.787402,C3,left
8.163260,164.813778,0.204081,0.787402,E3,left
8.163260,659.255114,0.408163,0.748031,E5,right
8.163260,987.766603,0.204081,0.834646,B5,right
8.163260,1318.510228,0.408163,0.748031,E6,right
8.367341,130.812783,0.204081,0.787402,C3,left
8.571423,97.998859,0.204081,0.787402,G2,left
8.571423,130.812783,0.204081,0.787402,C3,left
8.571423,164.813778,0.204081,0.787402,E3,left
8.571423,659.255114,0.204081,0.834646,E5,right
8.979586,92.498606,0.204081,0.787402,F#2,left
8.979586,123.470825,0.204081,0.787402,B2,left
8.979586,155.563492,0.204081,0.787402,D#3,left
8.979586,739.988845,0.204081,0.834646,F#5,right
9.183667,123.470825,0.204081,0.787402,B2,left
9.387749,92.498606,0.204081,0.787402,F#2,left
9.387749,123.470825,0.204081,0.787402,B2,left
9.387749,155.563492,0.204081,0.787402,D#3,left
9.387749,987.766603,0.204081,0.834646,B5,right
9.591831,82.406889,0.204081,0.787402,E2,left
9.591831,97.998859,0.204081,0.787402,G2,left
9.591831,123.470825,0.204081,0.787402,B2,left
9.591831,659.255114,0.204081,0.834646,E5,right
9.795912,82.406889,0.204081,0.787402,E2,left
9.999994,82.406889,0.204081,0.787402,E2,left
9.999994,97.998859,0.204081,0.787402,G2,left
9.999994,123.470825,0.204081,0.787402,B2,left
9.999994,1174.659072,0.204081,0.834646,D6,right
10.204075,82.406889,0.204081,0.787402,E2,left
10.408157,97.998859,0.204081,0.787402,G2,left
10.408157,123.470825,0.204081,0.787402,B2,left
10.408157,146.832384,0.204081,0.787402,D3,left
10.408157,164.813778,0.204081,0.787402,E3,left
10.408157,587.329536,0.204081,0.834646,D5,right
10.612238,82.406889,0.204081,0.787402,E2,left
10.612238,554.365262,0.102041,0.834646,C#5,right
10.816320,82.406889,0.408163,0.787402,E2,left
10.816320,97.998859,0.204081,0.787402,G2,left
10.816320,123.470825,0.408163,0.787402,B2,left
10.816320,587.329536,0.204081,0.834646,D5,right
11.020401,97.998859,0.204081,0.787402,G2,left
11.020401,554.365262,0.102041,0.834646,C#5,right
11.224483,123.470825,0.204081,0.787402,B2,left
11.224483,493.883301,0.204081,0.834646,B4,right
11.428564,97.998859,0.204081,0.787402,G2,left
11.428564,130.812783,0.204081,0.787402,C3,left
11.428564,164.813778,0.204081,0.787402,E3,left
11.428564,987.766603,0.204081,0.834646,B5,right
11.632645,130.812783,0.204081,0.787402,C3,left
11.836727,97.998859,0.204081,0.787402,G2,left
11.836727,130.812783,0.204081,0.787402,C3,left
11.836727,164.813778,0.204081,0.787402,E3,left
11.836727,659.255114,0.204081,0.834646,E5,right
12.244890,92.498606,0.204081,0.787402,F#2,left
12.244890,123.470825,0.204081,0.787402,B2,left
12.244890,155.563492,0.204081,0.787402,D#3,left
12.244890,739.988845,0.204081,0.834646,F#5,right
12.448971,123.470825,0.204081,0.787402,B2,left
12.653053,92.498606,0.204081,0.787402,F#2,left
12.653053,123.470825,0.204081,0.787402,B2,left
12.653053,155.563492,0.204081,0.787402,D#3,left
12.653053,987.766603,0.204081,0.834646,B5,right
12.857135,82.406889,0.204081,0.787402,E2,left
12.857135,97.998859,0.204081,0.787402,G2,left
12.857135,123.470825,0.204081,0.787402,B2,left
12.857135,659.255114,0.204081,0.834646,E5,right
0.000000,82.406889,0.204081,0.787402,E2,left
0.204082,82.406889,0.204081,0.787402,E2,left
0.204082,97.998859,0.204081,0.787402,G2,left
0.204082,123.470825,0.204081,0.787402,B2,left
0.204082,493.883301,0.204081,0.834646,B4,right
0.408163,82.406889,0.204081,0.787402,E2,left
0.612245,97.998859,0.204081,0.787402,G2,left
0.612245,123.470825,0.204081,0.787402,B2,left
0.612245,146.832384,0.204081,0.787402,D3,left
0.612245,164.813778,0.204081,0.787402,E3,left
0.612245,493.883301,0.204081,0.834646,B4,right
0.816326,82.406889,0.204081,0.787402,E2,left
0.816326,466.163762,0.102041,0.834646,A#4,right
1.020408,82.406889,0.408163,0.787402,E2,left
1.020408,97.998859,0.204081,0.787402,G2,left
1.020408,123.470825,0.408163,0.787402,B2,left
1.020408,493.883301,0.204081,0.834646,B4,right
1.224489,97.998859,0.204081,0.787402,G2,left
1.224489,466.163762,0.102041,0.834646,A#4,right
1.428571,123.470825,0.204081,0.787402,B2,left
1.428571,440.000000,0.204081,0.834646,A4,right
1.632652,97.998859,0.204081,0.787402,G2,left
1.632652,130.812783,0.204081,0.787402,C3,left
1.632652,164.813778,0.204081,0.787402,E3,left
1.632652,987.766603,0.204081,0.834646,B5,right
1.836733,130.812783,0.204081,0.787402,C3,left
2.040815,97.998859,0.204081,0.787402,G2,left
2.040815,130.812783,0.204081,0.787402,C3,left
2.040815,164.813778,0.204081,0.787402,E3,left
2.040815,659.255114,0.204081,0.834646,E5,right
2.448978,92.498606,0.204081,0.787402,F#2,left
2.448978,123.470825,0.204081,0.787402,B2,left
2.448978,155.563492,0.204081,0.787402,D#3,left
2.448978,739.988845,0.204081,0.834646,F#5,right
2.653059,123.470825,0.204081,0.787402,B2,left
2.857141,92.498606,0.204081,0.787402,F#2,left
2.857141,123.470825,0.204081,0.787402,B2,left
2.857141,155.563492,0.204081,0.787402,D#3,left
2.857141,987.766603,0.204081,0.834646,B5,right
3.061222,82.406889,0.204081,0.787402,E2,left
3.061222,97.998859,0.204081,0.787402,G2,left
3.061222,123.470825,0.204081,0.787402,B2,left
3.061222,659.255114,0.204081,0.834646,E5,right
3.265304,82.406889,0.204081,0.787402,E2,left
3.469386,82.406889,0.204081,0.787402,E2,left
3.469386,97.998859,0.204081,0.787402,G2,left
3.469386,123.470825,0.204081,0.787402,B2,left
3.469386,1174.659072,0.204081,0.834646,D6,right
3.673467,82.406889,0.204081,0.787402,E2,left
3.877549,97.998859,0.204081,0.787402,G2,left
3.877549,123.470825,0.204081,0.787402,B2,left
3.877549,146.832384,0.204081,0.787402,D3,left
3.877549,164.813778,0.204081,0.787402,E3,left
3.877549,587.329536,0.204081,0.834646,D5,right
4.081630,82.406889,0.204081,0.787402,E2,left
4.081630,554.365262,0.102041,0.834646,C#5,right
4.285712,82.406889,0.408163,0.787402,E2,left
4.285712,97.998859,0.204081,0.787402,G2,left
4.285712,123.470825,0.408163,0.787402,B2,left
4.285712,587.329536,0.204081,0.834646,D5,right
4.489793,97.998859,0.204081,0.787402,G2,left
4.489793,554.365262,0.102041,0.834646,C#5,right
4.693875,123.470825,0.204081,0.787402,B2,left
4.693875,493.883301,0.204081,0.834646,B4,right
4.897956,97.998859,0.204081,0.787402,G2,left
4.897956,130.812783,0.204081,0.787402,C3,left
4.897956,164.813778,0.204081,0.787402,E3,left
4.897956,987.766603,0.204081,0.834646,B5,right
5.102037,130.812783,0.204081,0.787402,C3,left
5.306119,97.998859,0.204081,0.787402,G2,left
5.306119,130.812783,0.204081,0.787402,C3,left
5.306119,164.813778,0.204081,0.787402,E3,left
5.306119,659.255114,0.204081,0.834646,E5,right
5.714282,92.498606,0.204081,0.787402,F#2,left
5.714282,123.470825,0.204081,0.787402,B2,left
5.714282,155.563492,0.204081,0.787402,D#3,left
5.714282,739.988845,0.204081,0.834646,F#5,right
5.918363,123.470825,0.204081,0.787402,B2,left
6.122445,92.498606,0.204081,0.787402,F#2,left
6.122445,123.470825,0.204081,0.787402,B2,left
6.122445,155.563492,0.204081,0.787402,D#3,left
6.122445,659.255114,0.204081,0.834646,E5,right
6.326526,82.406889,0.204081,0.787402,E2,left
6.326526,97.998859,0.204081,0.787402,G2,left
6.326526,123.470825,0.204081,0.787402,B2,left
6.326526,493.883301,0.204081,0.834646,B4,right
6.734690,164.813778,0.204081,0.787402,E3,left
7.142853,164.813778,0.204081,0.787402,E3,left
7.551016,164.813778,0.204081,0.787402,E3,left
7.755097,164.813778,0.204081,0.787402,E3,left
8.163260,130.812783,0.204081,0.708661,C3,left
8.163260,493.883301,0.204081,0.834646,B4,right
8.367341,493.883301,0.204081,0.834646,B4,right
8.571423,130.812783,0.204081,0.708661,C3,left
8.571423,493.883301,0.204081,0.834646,B4,right
8.775504,116.540940,0.204081,0.708661,A#2,left
8.775504,587.329536,0.204081,0.834646,D5,right
8.979586,123.470825,0.204081,0.708661,B2,left
8.979586,587.329536,0.204081,0.834646,D5,right
9.387749,123.470825,0.204081,0.708661,B2,left
9.591831,82.406889,0.204081,0.708661,E2,left
9.999994,164.813778,0.204081,0.708661,E3,left
10.408157,164.813778,0.204081,0.708661,E3,left
10.408157,587.329536,0.204081,0.834646,D5,right
10.612238,587.329536,0.204081,0.834646,D5,right
10.816320,123.470825,0.204081,0.708661,B2,left
10.816320,587.329536,0.204081,0.834646,D5,right
11.020401,130.812783,0.204081,0.708661,C3,left
11.020401,659.255114,0.204081,0.834646,E5,right
11.224482,123.470825,0.204081,0.708661,B2,left
11.224482,587.329536,0.204081,0.834646,D5,right
11.428564,97.998859,0.204081,0.708661,G2,left
11.428564,130.812783,0.204081,0.708661,C3,left
11.428564,164.813778,0.204081,0.708661,E3,left
11.428564,493.883301,0.204081,0.834646,B4,right
11.836727,97.998859,0.204081,0.708661,G2,left
11.836727,130.812783,0.204081,0.708661,C3,left
11.836727,164.813778,0.204081,0.708661,E3,left
11.836727,493.883301,0.204081,0.834646,B4,right
12.244890,92.498606,0.204081,0.708661,F#2,left
12.244890,123.470825,0.204081,0.708661,B2,left
12.244890,146.832384,0.204081,0.708661,D3,left
12.244890,493.883301,0.204081,0.834646,B4,right
12.448971,587.329536,0.204081,0.834646,D5,right
12.653053,92.498606,0.204081,0.708661,F#2,left
12.653053,123.470825,0.204081,0.708661,B2,left
12.653053,146.832384,0.204081,0.708661,D3,left
12.653053,587.329536,0.204081,0.834646,D5,right
12.857135,82.406889,0.204081,0.708661,E2,left
12.857135,97.998859,0.204081,0.708661,G2,left
12.857135,123.470825,0.204081,0.708661,B2,left
12.857135,440.000000,0.204081,0.834646,A4,right
0.000000,440.000000,0.204081,0.834646,A4,right
0.204082,82.406889,0.204081,0.708661,E2,left
0.204082,97.998859,0.204081,0.708661,G2,left
0.204082,123.470825,0.204081,0.708661,B2,left
0.204082,440.000000,0.204081,0.834646,A4,right
0.612245,97.998859,0.204081,0.708661,G2,left
0.612245,493.883301,0.204081,0.834646,B4,right
0.816326,97.998859,0.102041,0.708661,G2,left
0.816326,659.255114,0.204081,0.551181,E5,right
1.020408,97.998859,0.102041,0.708661,G2,left
1.020408,659.255114,0.204081,0.551181,E5,right
1.224489,110.000000,0.204081,0.708661,A2,left
1.428570,123.470825,0.204081,0.708661,B2,left
1.428570,659.255114,0.204081,0.551181,E5,right
1.632652,97.998859,0.204081,0.708661,G2,left
1.632652,130.812783,0.204081,0.708661,C3,left
1.632652,164.813778,0.204081,0.708661,E3,left
1.632652,493.883301,0.204081,0.834646,B4,right
1.836733,130.812783,0.204081,0.708661,C3,left
1.836733,493.883301,0.204081,0.834646,B4,right
2.040815,97.998859,0.204081,0.708661,G2,left
2.040815,130.812783,0.204081,0.708661,C3,left
2.040815,164.813778,0.204081,0.708661,E3,left
2.040815,493.883301,0.204081,0.834646,B4,right
2.244896,123.470825,0.204081,0.708661,B2,left
2.244896,587.329536,0.204081,0.834646,D5,right
2.448978,92.498606,0.204081,0.708661,F#2,left
2.448978,123.470825,0.204081,0.708661,B2,left
2.448978,146.832384,0.204081,0.708661,D3,left
2.448978,587.329536,0.204081,0.834646,D5,right
2.857141,92.498606,0.204081,0.708661,F#2,left
2.857141,123.470825,0.204081,0.708661,B2,left
2.857141,146.832384,0.204081,0.708661,D3,left
3.061222,82.406889,0.204081,0.708661,E2,left
3.061222,97.998859,0.204081,0.708661,G2,left
3.061222,123.470825,0.204081,0.708661,B2,left
3.469386,82.406889,0.204081,0.708661,E2,left
3.469386,97.998859,0.204081,0.708661,G2,left
3.469386,123.470825,0.204081,0.708661,B2,left
3.877549,97.998859,0.204081,0.708661,G2,left
3.877549,587.329536,0.204081,0.834646,D5,right
4.081630,587.329536,0.204081,0.834646,D5,right
4.285712,97.998859,0.204081,0.708661,G2,left
4.285712,587.329536,0.204081,0.834646,D5,right
4.489793,659.255114,0.204081,0.834646,E5,right
4.693874,97.998859,0.204081,0.708661,G2,left
4.693874,587.329536,0.204081,0.834646,D5,right
4.897956,97.998859,0.204081,0.708661,G2,left
4.897956,130.812783,0.204081,0.708661,C3,left
4.897956,164.813778,0.204081,0.708661,E3,left
4.897956,659.255114,0.204081,0.834646,E5,right
5.306119,97.998859,0.204081,0.708661,G2,left
5.306119,130.812783,0.408163,0.708661,C3,left
5.306119,164.813778,0.204081,0.708661,E3,left
5.306119,587.329536,0.204081,0.834646,D5,right
5.714282,92.498606,0.204081,0.708661,F#2,left
5.714282,123.470825,0.204081,0.708661,B2,left
5.714282,146.832384,0.204081,0.708661,D3,left
5.714282,659.255114,0.204081,0.834646,E5,right
5.918363,123.470825,0.102041,0.708661,B2,left
5.918363,587.329536,0.204081,0.834646,D5,right
6.122445,92.498606,0.204081,0.708661,F#2,left
6.122445,123.470825,0.204081,0.708661,B2,left
6.122445,146.832384,0.204081,0.708661,D3,left
6.122445,587.329536,0.204081,0.834646,D5,right
6.326526,82.406889,0.204081,0.708661,E2,left
6.326526,97.998859,0.204081,0.708661,G2,left
6.326526,123.470825,0.204081,0.708661,B2,left
6.326526,659.255114,0.204081,0.834646,E5,right
6.734690,82.406889,0.204081,0.708661,E2,left
6.734690,987.766603,0.204081,0.834646,B5,right
7.142853,82.406889,0.204081,0.708661,E2,left
7.142853,987.766603,0.204081,0.834646,B5,right
7.551015,195.997718,0.204081,0.708661,G3,left
7.755097,184.997211,0.204081,0.708661,F#3,left
7.755097,739.988845,0.204081,0.708661,F#5,right
7.959178,123.470825,0.204081,0.708661,B2,left
7.959178,783.990872,0.204081,0.708661,G5,right
8.163260,65.406391,0.204081,0.748031,C2,left
8.367341,65.406391,0.204081,0.748031,C2,left
8.571423,739.988845,0.204081,0.708661,F#5,right
8.775504,65.406391,0.204081,0.748031,C2,left
8.775504,739.988845,0.204081,0.708661,F#5,right
9.183667,61.735413,0.204081,0.748031,B1,left
9.387749,659.255114,0.204081,0.708661,E5,right
9.591831,61.735413,0.204081,0.748031,B1,left
9.591831,987.766603,0.204081,0.708661,B5,right
9.795912,65.406391,0.204081,0.748031,C2,left
9.999994,65.406391,0.204081,0.748031,C2,left
10.204075,739.988845,0.204081,0.708661,F#5,right
10.408157,65.406391,0.204081,0.748031,C2,left
10.408157,739.988845,0.408163,0.708661,F#5,right
10.816320,97.998859,0.102041,0.748031,G2,left
10.816320,659.255114,0.204081,0.708661,E5,right
10.918360,97.998859,0.102041,0.748031,G2,left
11.020401,92.498606,0.204081,0.748031,F#2,left
11.224483,61.735413,0.204081,0.748031,B1,left
11.224483,987.766603,0.204081,0.708661,B5,right
11.428564,65.406391,0.204081,0.748031,C2,left
11.632646,65.406391,0.204081,0.748031,C2,left
11.836727,739.988845,0.204081,0.629921,F#5,right
12.040809,65.406391,0.204081,0.748031,C2,left
12.040809,739.988845,0.408163,0.629921,F#5,right
12.448971,61.735413,0.102041,0.748031,B1,left
12.448971,659.255114,0.204081,0.629921,E5,right
12.551012,61.735413,0.102041,0.748031,B1,left
12.653053,61.735413,0.204081,0.748031,B1,left
12.857134,61.735413,0.204081,0.748031,B1,left
12.857134,987.766603,0.204081,0.629921,B5,right
0.000000,65.406391,0.204081,0.748031,C2,left
0.204082,65.406391,0.204081,0.748031,C2,left
0.612245,65.406391,0.204081,0.748031,C2,left
1.020408,97.998859,0.102041,0.748031,G2,left
1.122448,97.998859,0.102041,0.748031,G2,left
1.224489,92.498606,0.204081,0.748031,F#2,left
1.224489,493.883301,0.204081,0.748031,B4,right
1.428571,61.735413,0.204081,0.748031,B1,left
1.428571,493.883301,0.204081,0.748031,B4,right
1.632652,65.406391,0.204081,0.748031,C2,left
1.836734,65.406391,0.204081,0.748031,C2,left
2.040815,739.988845,0.204081,0.748031,F#5,right
2.244897,65.406391,0.204081,0.748031,C2,left
2.244897,739.988845,0.204081,0.748031,F#5,right
2.653060,61.735413,0.102041,0.748031,B1,left
2.857141,65.406391,0.204081,0.748031,C2,left
2.857141,659.255114,0.204081,0.748031,E5,right
3.061223,61.735413,0.204081,0.748031,B1,left
3.061223,987.766603,0.204081,0.748031,B5,right
3.265304,65.406391,0.204081,0.748031,C2,left
3.469386,65.406391,0.204081,0.748031,C2,left
3.673467,739.988845,0.204081,0.748031,F#5,right
3.877549,65.406391,0.204081,0.748031,C2,left
3.877549,739.988845,0.408163,0.748031,F#5,right
4.285712,97.998859,0.102041,0.748031,G2,left
4.285712,493.883301,0.204081,0.748031,B4,right
4.387752,97.998859,0.102041,0.748031,G2,left
4.489793,92.498606,0.204081,0.748031,F#2,left
4.693875,61.735413,0.204081,0.748031,B1,left
4.693875,987.766603,0.204081,0.629921,B5,right
4.897956,65.406391,0.204081,0.748031,C2,left
5.102038,65.406391,0.204081,0.748031,C2,left
5.306119,739.988845,0.204081,0.629921,F#5,right
5.510201,65.406391,0.204081,0.748031,C2,left
5.510201,739.988845,0.408163,0.629921,F#5,right
5.918363,61.735413,0.204081,0.748031,B1,left
5.918363,493.883301,0.204081,0.629921,B4,right
6.326526,61.735413,0.204081,0.748031,B1,left
6.326526,987.766603,0.204081,0.393701,B5,right
6.530608,65.406391,0.204081,0.748031,C2,left
6.734690,65.406391,0.204081,0.748031,C2,left
6.938771,739.988845,0.204081,0.393701,F#5,right
7.142853,65.406391,0.204081,0.748031,C2,left
7.142853,739.988845,0.408163,0.393701,F#5,right
7.551016,97.998859,0.102041,0.748031,G2,left
7.653056,97.998859,0.102041,0.748031,G2,left
7.755097,92.498606,0.204081,0.748031,F#2,left
7.755097,739.988845,0.204081,0.748031,F#5,right
7.959179,61.735413,0.204081,0.748031,B1,left
7.959179,783.990872,0.204081,0.748031,G5,right
8.163260,65.406391,0.204081,0.748031,C2,left
8.367342,65.406391,0.204081,0.748031,C2,left
8.571423,123.470825,0.204081,0.748031,B2,left
8.571423,739.988845,0.204081,0.748031,F#5,right
8.775505,130.812783,0.204081,0.748031,C3,left
8.775505,739.988845,0.204081,0.748031,F#5,right
9.183668,123.470825,0.102041,0.748031,B2,left
9.387749,123.470825,0.204081,0.748031,B2,left
9.387749,659.255114,0.204081,0.748031,E5,right
9.591831,130.812783,0.204081,0.748031,C3,left
9.591831,987.766603,0.204081,0.748031,B5,right
9.795912,65.406391,0.204081,0.748031,C2,left
9.999994,65.406391,0.204081,0.748031,C2,left
10.204075,123.470825,0.204081,0.748031,B2,left
10.204075,739.988845,0.204081,0.748031,F#5,right
10.408157,123.470825,0.204081,0.748031,B2,left
10.408157,739.988845,0.204081,0.748031,F#5,right
10.816320,659.255114,0.204081,0.748031,E5,right
11.020401,116.540940,0.204081,0.748031,A#2,left
11.224483,58.270470,0.204081,0.748031,A#1,left
11.224483,987.766603,0.204081,0.748031,B5,right
11.428564,41.203445,0.204081,0.748031,E1,left
11.632646,41.203445,0.204081,0.748031,E1,left
11.836727,92.498606,0.204081,0.748031,F#2,left
11.836727,739.988845,0.204081,0.748031,F#5,right
12.040808,92.498606,0.204081,0.748031,F#2,left
12.040808,739.988845,0.204081,0.748031,F#5,right
12.448971,92.498606,0.102041,0.748031,F#2,left
12.653053,92.498606,0.204081,0.748031,F#2,left
12.653053,659.255114,0.204081,0.748031,E5,right
12.857135,41.203445,0.204081,0.748031,E1,left
12.857135,659.255114,0.204081,0.748031,E5,right
0.000000,41.203445,0.204081,0.748031,E1,left
0.204082,41.203445,0.204081,0.748031,E1,left
0.204082,739.988845,0.204081,0.748031,F#5,right
0.408163,92.498606,0.204081,0.748031,F#2,left
0.408163,739.988845,0.204081,0.748031,F#5,right
0.612245,92.498606,0.204081,0.748031,F#2,left
1.020408,92.498606,0.102041,0.748031,F#2,left
1.122448,92.498606,0.102041,0.748031,F#2,left
1.224489,92.498606,0.204081,0.748031,F#2,left
1.224489,493.883301,0.204081,0.748031,B4,right
1.428571,41.203445,0.204081,0.748031,E1,left
1.428571,493.883301,0.204081,0.748031,B4,right
1.632652,65.406391,0.204081,0.748031,C2,left
1.836734,65.406391,0.204081,0.748031,C2,left
2.040815,123.470825,0.204081,0.748031,B2,left
2.040815,739.988845,0.204081,0.748031,F#5,right
2.244897,130.812783,0.204081,0.748031,C3,left
2.244897,739.988845,0.204081,0.748031,F#5,right
2.653060,123.470825,0.102041,0.748031,B2,left
2.857141,123.470825,0.204081,0.748031,B2,left
2.857141,659.255114,0.204081,0.748031,E5,right
3.061223,130.812783,0.204081,0.748031,C3,left
3.061223,987.766603,0.204081,0.748031,B5,right
3.265304,65.406391,0.204081,0.748031,C2,left
3.469386,65.406391,0.204081,0.748031,C2,left
3.673467,123.470825,0.204081,0.748031,B2,left
3.673467,739.988845,0.204081,0.748031,F#5,right
3.877549,123.470825,0.204081,0.748031,B2,left
3.877549,739.988845,0.204081,0.748031,F#5,right
4.489793,116.540940,0.204081,0.748031,A#2,left
4.489793,659.255114,0.204081,0.748031,E5,right
4.693875,58.270470,0.204081,0.748031,A#1,left
4.693875,987.766603,0.204081,0.748031,B5,right
4.897956,41.203445,0.204081,0.748031,E1,left
5.102038,41.203445,0.204081,0.748031,E1,left
5.306119,92.498606,0.204081,0.748031,F#2,left
5.306119,739.988845,0.204081,0.748031,F#5,right
5.510200,92.498606,0.204081,0.748031,F#2,left
5.510200,739.988845,0.204081,0.748031,F#5,right
5.918363,92.498606,0.102041,0.748031,F#2,left
6.122445,92.498606,0.204081,0.748031,F#2,left
6.122445,493.883301,0.204081,0.748031,B4,right
6.326526,61.735413,0.204081,0.748031,B1,left
6.326526,123.470825,0.204081,0.748031,B2,left
6.326526,739.988845,0.204081,0.748031,F#5,right
6.734690,61.735413,0.204081,0.748031,B1,left
6.734690,123.470825,0.204081,0.748031,B2,left
6.734690,739.988845,0.204081,0.748031,F#5,right
7.142853,61.735413,0.204081,0.748031,B1,left
7.142853,123.470825,0.204081,0.748031,B2,left
7.142853,739.988845,0.204081,0.748031,F#5,right
7.551016,61.735413,0.204081,0.748031,B1,left
7.551016,123.470825,0.204081,0.748031,B2,left
7.551016,783.990872,0.204081,0.748031,G5,right
7.755097,61.735413,0.204081,0.748031,B1,left
7.755097,123.470825,0.204081,0.748031,B2,left
7.755097,739.988845,0.204081,0.748031,F#5,right
8.163260,97.998859,0.204081,0.787402,G2,left
8.163260,130.812783,0.204081,0.787402,C3,left
8.163260,164.813778,0.204081,0.787402,E3,left
8.163260,987.766603,0.204081,0.748031,B5,right
8.163260,1975.533205,0.204081,0.748031,B6,right
8.367342,130.812783,0.204081,0.787402,C3,left
8.367342,493.883301,0.204081,0.748031,B4,right
8.367342,987.766603,0.204081,0.748031,B5,right
8.571423,97.998859,0.204081,0.787402,G2,left
8.571423,130.812783,0.204081,0.787402,C3,left
8.571423,164.813778,0.204081,0.787402,E3,left
8.571423,987.766603,0.204081,0.748031,B5,right
8.571423,1975.533205,0.204081,0.748031,B6,right
8.775505,130.812783,0.204081,0.787402,C3,left
8.775505,880.000000,0.204081,0.748031,A5,right
8.775505,1760.000000,0.204081,0.748031,A6,right
8.979586,92.498606,0.204081,0.787402,F#2,left
8.979586,123.470825,0.204081,0.787402,B2,left
8.979586,155.563492,0.204081,0.787402,D#3,left
8.979586,880.000000,0.204081,0.748031,A5,right
8.979586,1760.000000,0.204081,0.748031,A6,right
9.183668,123.470825,0.204081,0.787402,B2,left
9.387749,92.498606,0.204081,0.787402,F#2,left
9.387749,123.470825,0.204081,0.787402,B2,left
9.387749,155.563492,0.204081,0.787402,D#3,left
9.387749,783.990872,0.204081,0.748031,G5,right
9.387749,1567.981744,0.204081,0.748031,G6,right
9.591831,82.406889,0.204081,0.787402,E2,left
9.591831,97.998859,0.204081,0.787402,G2,left
9.591831,123.470825,0.204081,0.787402,B2,left
9.591831,739.988845,0.204081,0.748031,F#5,right
9.591831,1479.977691,0.204081,0.748031,F#6,right
9.795912,82.406889,0.204081,0.787402,E2,left
9.795912,739.988845,0.204081,0.748031,F#5,right
9.795912,1479.977691,0.204081,0.748031,F#6,right
9.999994,82.406889,0.204081,0.787402,E2,left
9.999994,97.998859,0.204081,0.787402,G2,left
9.999994,123.470825,0.204081,0.787402,B2,left
9.999994,783.990872,0.204081,0.748031,G5,right
9.999994,1567.981744,0.204081,0.748031,G6,right
10.204075,82.406889,0.204081,0.787402,E2,left
10.204075,739.988845,0.204081,0.748031,F#5,right
10.204075,1479.977691,0.204081,0.748031,F#6,right
10.408157,97.998859,0.204081,0.787402,G2,left
10.408157,123.470825,0.204081,0.787402,B2,left
10.408157,146.832384,0.204081,0.787402,D3,left
10.408157,164.813778,0.204081,0.787402,E3,left
10.408157,659.255114,0.204081,0.748031,E5,right
10.408157,1318.510228,0.204081,0.748031,E6,right
10.612238,82.406889,0.204081,0.787402,E2,left
10.612238,493.883301,0.204081,0.748031,B4,right
10.612238,987.766603,0.204081,0.748031,B5,right
10.816320,82.406889,0.408163,0.787402,E2,left
10.816320,97.998859,0.204081,0.787402,G2,left
10.816320,123.470825,0.408163,0.787402,B2,left
11.020401,97.998859,0.204081,0.787402,G2,left
11.020401,493.883301,0.204081,0.748031,B4,right
11.020401,987.766603,0.204081,0.748031,B5,right
11.224483,123.470825,0.204081,0.787402,B2,left
11.224483,987.766603,0.204081,0.748031,B5,right
11.224483,1975.533205,0.204081,0.748031,B6,right
11.428564,97.998859,0.204081,0.787402,G2,left
11.428564,130.812783,0.204081,0.787402,C3,left
11.428564,164.813778,0.204081,0.787402,E3,left
11.428564,880.000000,0.204081,0.748031,A5,right
11.428564,1760.000000,0.204081,0.748031,A6,right
11.632645,130.812783,0.204081,0.787402,C3,left
11.836727,97.998859,0.204081,0.787402,G2,left
11.836727,130.812783,0.204081,0.787402,C3,left
11.836727,164.813778,0.204081,0.787402,E3,left
11.836727,783.990872,0.204081,0.748031,G5,right
11.836727,1567.981744,0.204081,0.748031,G6,right
12.040808,130.812783,0.204081,0.787402,C3,left
12.244890,92.498606,0.204081,0.787402,F#2,left
12.244890,123.470825,0.204081,0.787402,B2,left
12.244890,155.563492,0.204081,0.787402,D#3,left
12.244890,739.988845,0.306122,0.748031,F#5,right
12.244890,1479.977691,0.306122,0.748031,F#6,right
12.448971,123.470825,0.204081,0.787402,B2,left
12.551012,783.990872,0.051020,0.748031,G5,right
12.551012,1567.981744,0.051020,0.748031,G6,right
12.602033,739.988845,0.051020,0.748031,F#5,right
12.602033,1479.977691,0.051020,0.748031,F#6,right
12.653053,92.498606,0.204081,0.787402,F#2,left
12.653053,123.470825,0.204081,0.787402,B2,left
12.653053,155.563492,0.204081,0.787402,D#3,left
12.653053,659.255114,0.204081,0.748031,E5,right
12.653053,1318.510228,0.204081,0.748031,E6,right
12.857135,82.406889,0.204081,0.787402,E2,left
12.857135,97.998859,0.204081,0.787402,G2,left
12.857135,123.470825,0.204081,0.787402,B2,left
12.857135,1174.659072,0.204081,0.748031,D6,right
12.857135,2349.318143,0.204081,0.748031,D7,right
0.000000,82.406889,0.204081,0.787402,E2,left
0.204082,82.406889,0.204081,0.787402,E2,left
0.204082,97.998859,0.204081,0.787402,G2,left
0.204082,123.470825,0.204081,0.787402,B2,left
0.204082,1174.659072,0.204081,0.748031,D6,right
0.204082,2349.318143,0.204081,0.748031,D7,right
0.408163,82.406889,0.204081,0.787402,E2,left
0.408163,1174.659072,0.204081,0.748031,D6,right
0.408163,2349.318143,0.204081,0.748031,D7,right
0.612245,97.998859,0.204081,0.787402,G2,left
0.612245,123.470825,0.204081,0.787402,B2,left
0.612245,146.832384,0.204081,0.787402,D3,left
0.612245,164.813778,0.204081,0.787402,E3,left
0.612245,1174.659072,0.204081,0.748031,D6,right
0.612245,2349.318143,0.204081,0.748031,D7,right
0.816326,82.406889,0.204081,0.787402,E2,left
1.020408,82.406889,0.408163,0.787402,E2,left
1.020408,97.998859,0.204081,0.787402,G2,left
1.020408,123.470825,0.408163,0.787402,B2,left
1.020408,987.766603,0.204081,0.748031,B5,right
1.020408,1975.533205,0.204081,0.748031,B6,right
1.224489,97.998859,0.204081,0.787402,G2,left
1.224489,987.766603,0.204081,0.748031,B5,right
1.224489,1975.533205,0.204081,0.748031,B6,right
1.428571,123.470825,0.204081,0.787402,B2,left
1.632652,97.998859,0.204081,0.787402,G2,left
1.632652,130.812783,0.204081,0.787402,C3,left
1.632652,164.813778,0.204081,0.787402,E3,left
1.632652,493.883301,0.204081,0.748031,B4,right
1.632652,987.766603,0.204081,0.748031,B5,right
1.836734,130.812783,0.204081,0.787402,C3,left
1.836734,440.000000,0.204081,0.748031,A4,right
1.836734,880.000000,0.204081,0.748031,A5,right
2.040815,97.998859,0.204081,0.787402,G2,left
2.040815,130.812783,0.204081,0.787402,C3,left
2.040815,164.813778,0.204081,0.787402,E3,left
2.040815,493.883301,0.204081,0.748031,B4,right
2.040815,987.766603,0.204081,0.748031,B5,right
2.244897,130.812783,0.204081,0.787402,C3,left
2.244897,659.255114,0.204081,0.748031,E5,right
2.244897,1318.510228,0.204081,0.748031,E6,right
2.448978,92.498606,0.204081,0.787402,F#2,left
2.448978,123.470825,0.204081,0.787402,B2,left
2.448978,155.563492,0.204081,0.787402,D#3,left
2.448978,739.988845,0.204081,0.748031,F#5,right
2.448978,1479.977691,0.204081,0.748031,F#6,right
2.653060,123.470825,0.204081,0.787402,B2,left
2.857141,92.498606,0.204081,0.787402,F#2,left
2.857141,123.470825,0.204081,0.787402,B2,left
2.857141,155.563492,0.204081,0.787402,D#3,left
2.857141,493.883301,0.204081,0.748031,B4,right
2.857141,987.766603,0.204081,0.748031,B5,right
3.061223,82.406889,0.204081,0.787402,E2,left
3.061223,97.998859,0.204081,0.787402,G2,left
3.061223,123.470825,0.204081,0.787402,B2,left
3.061223,659.255114,0.204081,0.748031,E5,right
3.061223,1318.510228,0.204081,0.748031,E6,right
3.265304,82.406889,0.204081,0.787402,E2,left
3.265304,739.988845,0.204081,0.748031,F#5,right
3.265304,1479.977691,0.204081,0.748031,F#6,right
3.469386,82.406889,0.204081,0.787402,E2,left
3.469386,97.998859,0.204081,0.787402,G2,left
3.469386,123.470825,0.204081,0.787402,B2,left
3.673467,82.406889,0.204081,0.787402,E2,left
3.673467,493.883301,0.204081,0.748031,B4,right
3.673467,987.766603,0.204081,0.748031,B5,right
3.877549,97.998859,0.204081,0.787402,G2,left
3.877549,123.470825,0.204081,0.787402,B2,left
3.877549,146.832384,0.204081,0.787402,D3,left
3.877549,164.813778,0.204081,0.787402,E3,left
3.877549,1174.659072,0.204081,0.748031,D6,right
3.877549,2349.318143,0.204081,0.748031,D7,right
4.081630,82.406889,0.204081,0.787402,E2,left
4.081630,1174.659072,0.204081,0.748031,D6,right
4.081630,2349.318143,0.204081,0.748031,D7,right
4.285712,82.406889,0.408163,0.787402,E2,left
4.285712,97.998859,0.204081,0.787402,G2,left
4.285712,123.470825,0.408163,0.787402,B2,left
4.489793,97.998859,0.204081,0.787402,G2,left
4.489793,1174.659072,0.204081,0.748031,D6,right
4.489793,2349.318143,0.204081,0.748031,D7,right
4.693875,123.470825,0.204081,0.787402,B2,left
4.693875,987.766603,0.204081,0.748031,B5,right
4.693875,1975.533205,0.204081,0.748031,B6,right
4.897956,97.998859,0.204081,0.787402,G2,left
4.897956,130.812783,0.204081,0.787402,C3,left
4.897956,164.813778,0.204081,0.787402,E3,left
5.102037,130.812783,0.204081,0.787402,C3,left
5.102037,987.766603,0.204081,0.748031,B5,right
5.102037,1975.533205,0.204081,0.748031,B6,right
5.306119,97.998859,0.204081,0.787402,G2,left
5.306119,130.812783,0.204081,0.787402,C3,left
5.306119,164.813778,0.204081,0.787402,E3,left
5.306119,880.000000,0.204081,0.748031,A5,right
5.306119,1760.000000,0.204081,0.748031,A6,right
5.510200,130.812783,0.204081,0.787402,C3,left
5.714282,92.498606,0.204081,0.787402,F#2,left
5.714282,123.470825,0.204081,0.787402,B2,left
5.714282,155.563492,0.204081,0.787402,D#3,left
5.714282,783.990872,0.204081,0.748031,G5,right
5.714282,1567.981744,0.204081,0.748031,G6,right
5.918363,123.470825,0.204081,0.787402,B2,left
5.918363,739.988845,0.204081,0.748031,F#5,right
5.918363,1479.977691,0.204081,0.748031,F#6,right
6.122445,92.498606,0.204081,0.787402,F#2,left
6.122445,123.470825,0.204081,0.787402,B2,left
6.122445,155.563492,0.204081,0.787402,D#3,left
6.326526,123.470825,0.204081,0.787402,B2,left
6.326526,659.255114,0.204081,0.748031,E5,right
6.326526,1318.510228,0.204081,0.748031,E6,right
6.530608,92.498606,0.204081,0.787402,F#2,left
6.530608,110.000000,0.204081,0.787402,A2,left
6.530608,155.563492,0.204081,0.787402,D#3,left
6.530608,739.988845,0.204081,0.748031,F#5,right
6.530608,1479.977691,0.204081,0.748031,F#6,right
6.734690,92.498606,0.204081,0.787402,F#2,left
6.734690,110.000000,0.204081,0.787402,A2,left
6.734690,155.563492,0.204081,0.787402,D#3,left
6.734690,739.988845,0.204081,0.748031,F#5,right
6.734690,1479.977691,0.204081,0.748031,F#6,right
6.938771,739.988845,0.204081,0.748031,F#5,right
6.938771,1479.977691,0.204081,0.748031,F#6,right
7.142853,92.498606,0.204081,0.787402,F#2,left
7.142853,110.000000,0.204081,0.787402,A2,left
7.142853,155.563492,0.204081,0.787402,D#3,left
7.142853,659.255114,0.204081,0.748031,E5,right
7.142853,1318.510228,0.204081,0.748031,E6,right
7.346934,92.498606,0.204081,0.787402,F#2,left
7.346934,110.000000,0.204081,0.787402,A2,left
7.346934,155.563492,0.204081,0.787402,D#3,left
7.346934,739.988845,0.204081,0.748031,F#5,right
7.346934,1479.977691,0.204081,0.748031,F#6,right
7.755097,92.498606,0.408163,0.787402,F#2,left
7.755097,110.000000,0.408163,0.787402,A2,left
7.755097,155.563492,0.408163,0.787402,D#3,left
7.755097,783.990872,0.408163,0.748031,G5,right
7.755097,1567.981744,0.408163,0.748031,G6,right
8.163260,97.998859,0.204081,0.787402,G2,left
8.163260,130.812783,0.204081,0.787402,C3,left
8.163260,164.813778,0.204081,0.787402,E3,left
8.163260,659.255114,0.204081,0.748031,E5,right
8.163260,987.766603,0.204081,0.834646,B5,right
8.163260,1318.510228,0.408163,0.748031,E6,right
8.367342,130.812783,0.204081,0.787402,C3,left
8.367342,659.255114,0.204081,0.834646,E5,right
8.571423,97.998859,0.204081,0.787402,G2,left
8.571423,130.812783,0.204081,0.787402,C3,left
8.571423,164.813778,0.204081,0.787402,E3,left
8.571423,987.766603,0.204081,0.834646,B5,right
8.775505,880.000000,0.204081,0.834646,A5,right
8.979586,92.498606,0.204081,0.787402,F#2,left
8.979586,123.470825,0.204081,0.787402,B2,left
8.979586,155.563492,0.204081,0.787402,D#3,left
8.979586,880.000000,0.204081,0.834646,A5,right
9.183668,123.470825,0.204081,0.787402,B2,left
9.387749,92.498606,0.204081,0.787402,F#2,left
9.387749,123.470825,0.204081,0.787402,B2,left
9.387749,155.563492,0.204081,0.787402,D#3,left
9.387749,783.990872,0.204081,0.834646,G5,right
9.591831,82.406889,0.204081,0.787402,E2,left
9.591831,97.998859,0.204081,0.787402,G2,left
9.591831,123.470825,0.204081,0.787402,B2,left
9.591831,739.988845,0.204081,0.834646,F#5,right
9.795912,82.406889,0.204081,0.787402,E2,left
9.795912,783.990872,0.204081,0.834646,G5,right
9.999994,82.406889,0.204081,0.787402,E2,left
9.999994,97.998859,0.204081,0.787402,G2,left
9.999994,123.470825,0.204081,0.787402,B2,left
10.204075,82.406889,0.204081,0.787402,E2,left
10.204075,783.990872,0.204081,0.834646,G5,right
10.408157,97.998859,0.204081,0.787402,G2,left
10.408157,123.470825,0.204081,0.787402,B2,left
10.408157,146.832384,0.204081,0.787402,D3,left
10.408157,164.813778,0.204081,0.787402,E3,left
10.408157,739.988845,0.204081,0.834646,F#5,right
10.612238,82.406889,0.204081,0.787402,E2,left
10.612238,493.883301,0.204081,0.834646,B4,right
10.816320,82.406889,0.408163,0.787402,E2,left
10.816320,97.998859,0.204081,0.787402,G2,left
10.816320,123.470825,0.408163,0.787402,B2,left
11.020401,97.998859,0.204081,0.787402,G2,left
11.020401,493.883301,0.204081,0.834646,B4,right
11.224482,123.470825,0.204081,0.787402,B2,left
11.224482,587.329536,0.204081,0.834646,D5,right
11.428564,97.998859,0.204081,0.787402,G2,left
11.428564,130.812783,0.204081,0.787402,C3,left
11.428564,164.813778,0.204081,0.787402,E3,left
11.632645,130.812783,0.204081,0.787402,C3,left
11.632645,659.255114,0.102041,0.708661,E5,right
11.632645,987.766603,0.102041,0.834646,B5,right
11.836727,97.998859,0.204081,0.787402,G2,left
11.836727,130.812783,0.204081,0.787402,C3,left
11.836727,164.813778,0.204081,0.787402,E3,left
11.836727,659.255114,0.204081,0.708661,E5,right
11.836727,987.766603,0.204081,0.834646,B5,right
12.040808,659.255114,0.204081,0.708661,E5,right
12.040808,739.988845,0.204081,0.834646,F#5,right
12.244890,92.498606,0.204081,0.787402,F#2,left
12.244890,123.470825,0.204081,0.787402,B2,left
12.244890,155.563492,0.204081,0.787402,D#3,left
12.244890,659.255114,0.204081,0.708661,E5,right
12.244890,783.990872,0.204081,0.834646,G5,right
12.448971,123.470825,0.204081,0.787402,B2,left
12.653053,92.498606,0.204081,0.787402,F#2,left
12.653053,123.470825,0.204081,0.787402,B2,left
12.653053,155.563492,0.204081,0.787402,D#3,left
12.653053,493.883301,0.204081,0.708661,B4,right
12.653053,783.990872,0.204081,0.834646,G5,right
12.857135,82.406889,0.204081,0.787402,E2,left
12.857135,97.998859,0.204081,0.787402,G2,left
12.857135,123.470825,0.204081,0.787402,B2,left
12.857135,987.766603,0.204081,0.708661,B5,right
12.857135,1174.659072,0.204081,0.834646,D6,right
0.000000,82.406889,0.204081,0.787402,E2,left
0.204082,82.406889,0.204081,0.787402,E2,left
0.204082,97.998859,0.204081,0.787402,G2,left
0.204082,123.470825,0.204081,0.787402,B2,left
0.204082,987.766603,0.204081,0.708661,B5,right
0.204082,1174.659072,0.204081,0.834646,D6,right
0.408163,82.406889,0.204081,0.787402,E2,left
0.408163,659.255114,0.204081,0.708661,E5,right
0.408163,987.766603,0.204081,0.834646,B5,right
0.612245,97.998859,0.204081,0.787402,G2,left
0.612245,123.470825,0.204081,0.787402,B2,left
0.612245,146.832384,0.204081,0.787402,D3,left
0.612245,164.813778,0.204081,0.787402,E3,left
0.612245,987.766603,0.204081,0.708661,B5,right
0.612245,1174.659072,0.204081,0.834646,D6,right
0.816326,82.406889,0.204081,0.787402,E2,left
1.020408,82.406889,0.408163,0.787402,E2,left
1.020408,97.998859,0.204081,0.787402,G2,left
1.020408,123.470825,0.408163,0.787402,B2,left
1.020408,987.766603,0.204081,0.708661,B5,right
1.020408,1174.659072,0.204081,0.834646,D6,right
1.224489,97.998859,0.204081,0.787402,G2,left
1.224489,659.255114,0.408163,0.708661,E5,right
1.224489,987.766603,0.408163,0.834646,B5,right
1.428571,123.470825,0.204081,0.787402,B2,left
1.632652,97.998859,0.204081,0.787402,G2,left
1.632652,130.812783,0.204081,0.787402,C3,left
1.632652,164.813778,0.204081,0.787402,E3,left
1.632652,987.766603,0.204081,0.834646,B5,right
1.836734,130.812783,0.204081,0.787402,C3,left
1.836734,659.255114,0.204081,0.834646,E5,right
2.040815,97.998859,0.204081,0.787402,G2,left
2.040815,130.812783,0.204081,0.787402,C3,left
2.040815,164.813778,0.204081,0.787402,E3,left
2.040815,987.766603,0.204081,0.834646,B5,right
2.244897,880.000000,0.204081,0.834646,A5,right
2.448978,92.498606,0.204081,0.787402,F#2,left
2.448978,123.470825,0.204081,0.787402,B2,left
2.448978,155.563492,0.204081,0.787402,D#3,left
2.448978,880.000000,0.204081,0.834646,A5,right
2.653060,123.470825,0.204081,0.787402,B2,left
2.857141,92.498606,0.204081,0.787402,F#2,left
2.857141,123.470825,0.204081,0.787402,B2,left
2.857141,155.563492,0.204081,0.787402,D#3,left
2.857141,783.990872,0.204081,0.834646,G5,right
3.061223,82.406889,0.204081,0.787402,E2,left
3.061223,97.998859,0.204081,0.787402,G2,left
3.061223,123.470825,0.204081,0.787402,B2,left
3.061223,739.988845,0.204081,0.834646,F#5,right
3.265304,82.406889,0.204081,0.787402,E2,left
3.265304,783.990872,0.204081,0.834646,G5,right
3.469386,82.406889,0.204081,0.787402,E2,left
3.469386,97.998859,0.204081,0.787402,G2,left
3.469386,123.470825,0.204081,0.787402,B2,left
3.673467,82.406889,0.204081,0.787402,E2,left
3.673467,783.990872,0.204081,0.834646,G5,right
3.877549,97.998859,0.204081,0.787402,G2,left
3.877549,123.470825,0.204081,0.787402,B2,left
3.877549,146.832384,0.204081,0.787402,D3,left
3.877549,164.813778,0.204081,0.787402,E3,left
3.877549,1174.659072,0.204081,0.834646,D6,right
4.081630,82.406889,0.204081,0.787402,E2,left
4.081630,1174.659072,0.204081,0.834646,D6,right
4.285712,82.406889,0.408163,0.787402,E2,left
4.285712,97.998859,0.204081,0.787402,G2,left
4.285712,123.470825,0.408163,0.787402,B2,left
4.489793,97.998859,0.204081,0.787402,G2,left
4.489793,783.990872,0.204081,0.834646,G5,right
4.693874,123.470825,0.204081,0.787402,B2,left
4.693874,1174.659072,0.204081,0.834646,D6,right
4.897956,97.998859,0.204081,0.787402,G2,left
4.897956,130.812783,0.204081,0.787402,C3,left
4.897956,164.813778,0.204081,0.787402,E3,left
5.102037,130.812783,0.204081,0.787402,C3,left
5.102037,659.255114,0.102041,0.708661,E5,right
5.102037,987.766603,0.102041,0.834646,B5,right
5.306119,97.998859,0.204081,0.787402,G2,left
5.306119,130.812783,0.204081,0.787402,C3,left
5.306119,164.813778,0.204081,0.787402,E3,left
5.306119,659.255114,0.204081,0.708661,E5,right
5.306119,987.766603,0.204081,0.834646,B5,right
5.510200,659.255114,0.204081,0.708661,E5,right
5.510200,739.988845,0.204081,0.834646,F#5,right
5.714282,92.498606,0.204081,0.787402,F#2,left
5.714282,123.470825,0.204081,0.787402,B2,left
5.714282,155.563492,0.204081,0.787402,D#3,left
5.714282,659.255114,0.204081,0.708661,E5,right
5.714282,783.990872,0.204081,0.834646,G5,right
5.918363,123.470825,0.204081,0.787402,B2,left
6.122445,92.498606,0.204081,0.787402,F#2,left
6.122445,123.470825,0.204081,0.787402,B2,left
6.122445,155.563492,0.204081,0.787402,D#3,left
6.122445,493.883301,0.204081,0.708661,B4,right
6.122445,783.990872,0.204081,0.834646,G5,right
6.326526,92.498606,0.204081,0.787402,F#2,left
6.326526,110.000000,0.204081,0.787402,A2,left
6.326526,155.563492,0.204081,0.787402,D#3,left
6.326526,587.329536,0.204081,0.708661,D5,right
6.326526,739.988845,0.204081,0.834646,F#5,right
6.734690,92.498606,0.204081,0.787402,F#2,left
6.734690,110.000000,0.204081,0.787402,A2,left
6.734690,155.563492,0.204081,0.787402,D#3,left
6.734690,587.329536,0.204081,0.708661,D5,right
6.734690,739.988845,0.204081,0.834646,F#5,right
6.938771,493.883301,0.204081,0.708661,B4,right
6.938771,659.255114,0.204081,0.834646,E5,right
7.142853,92.498606,0.204081,0.787402,F#2,left
7.142853,110.000000,0.204081,0.787402,A2,left
7.142853,155.563492,0.204081,0.787402,D#3,left
7.142853,587.329536,0.204081,0.708661,D5,right
7.142853,739.988845,0.204081,0.834646,F#5,right
7.551016,92.498606,0.204081,0.787402,F#2,left
7.551016,110.000000,0.204081,0.787402,A2,left
7.551016,155.563492,0.204081,0.787402,D#3,left
7.551016,659.255114,0.102041,0.708661,E5,right
7.551016,987.766603,0.102041,0.834646,B5,right
7.755097,92.498606,0.204081,0.787402,F#2,left
7.755097,110.000000,0.204081,0.787402,A2,left
7.755097,155.563492,0.204081,0.787402,D#3,left
7.755097,659.255114,0.408163,0.708661,E5,right
7.755097,987.766603,0.408163,0.834646,B5,right
8.163260,82.406889,0.204081,0.708661,E2,left
8.163260,123.470825,0.204081,0.708661,B2,left
8.163260,164.813778,0.204081,0.708661,E3,left
8.367342,82.406889,0.204081,0.708661,E2,left
8.367342,123.470825,0.204081,0.708661,B2,left
8.367342,164.813778,0.204081,0.708661,E3,left
8.571423,493.883301,0.204081,0.834646,B4,right
8.775505,493.883301,0.204081,0.834646,B4,right
9.387749,739.988845,0.204081,0.834646,F#5,right
9.591831,739.988845,0.204081,0.834646,F#5,right
9.795912,82.406889,0.204081,0.708661,E2,left
9.795912,123.470825,0.204081,0.708661,B2,left
9.795912,164.813778,0.204081,0.708661,E3,left
9.999994,82.406889,0.204081,0.708661,E2,left
9.999994,123.470825,0.204081,0.708661,B2,left
9.999994,164.813778,0.204081,0.708661,E3,left
10.204075,739.988845,0.204081,0.834646,F#5,right
10.408157,739.988845,0.204081,0.834646,F#5,right
11.020401,783.990872,0.204081,0.834646,G5,right
11.224482,739.988845,0.204081,0.834646,F#5,right
11.428564,82.406889,0.204081,0.708661,E2,left
11.428564,123.470825,0.204081,0.708661,B2,left
11.428564,164.813778,0.204081,0.708661,E3,left
11.632645,82.406889,0.204081,0.708661,E2,left
11.632645,123.470825,0.204081,0.708661,B2,left
11.632645,164.813778,0.204081,0.708661,E3,left
11.836727,82.406889,0.102041,0.708661,E2,left
11.836727,987.766603,0.204081,0.834646,B5,right
12.040808,82.406889,0.102041,0.708661,E2,left
12.040808,739.988845,0.204081,0.834646,F#5,right
12.244890,82.406889,0.102041,0.708661,E2,left
12.448971,82.406889,0.102041,0.708661,E2,left
12.653053,82.406889,0.102041,0.708661,E2,left
12.653053,987.766603,0.204081,0.834646,B5,right
12.857135,82.406889,0.102041,0.708661,E2,left
12.857135,739.988845,0.204081,0.834646,F#5,right
0.000000,82.406889,0.204081,0.708661,E2,left
0.000000,123.470825,0.204081,0.708661,B2,left
0.000000,164.813778,0.204081,0.708661,E3,left
0.204082,82.406889,0.204081,0.708661,E2,left
0.204082,123.470825,0.204081,0.708661,B2,left
0.204082,164.813778,0.204081,0.708661,E3,left
0.408163,82.406889,0.102041,0.708661,E2,left
0.408163,783.990872,0.204081,0.834646,G5,right
0.612245,82.406889,0.102041,0.708661,E2,left
0.612245,739.988845,0.204081,0.834646,F#5,right
0.816326,82.406889,0.102041,0.708661,E2,left
1.020408,82.406889,0.102041,0.708661,E2,left
1.020408,123.470825,0.204081,0.708661,B2,left
1.020408,493.883301,0.204081,0.834646,B4,right
1.224489,82.406889,0.102041,0.708661,E2,left
1.224489,123.470825,0.204081,0.708661,B2,left
1.224489,493.883301,0.204081,0.834646,B4,right
1.428571,82.406889,0.102041,0.708661,E2,left
1.428571,130.812783,0.204081,0.708661,C3,left
1.428571,440.000000,0.204081,0.834646,A4,right
1.632652,82.406889,0.204081,0.708661,E2,left
1.632652,123.470825,0.204081,0.708661,B2,left
1.632652,164.813778,0.204081,0.708661,E3,left
1.836734,82.406889,0.204081,0.708661,E2,left
1.836734,123.470825,0.204081,0.708661,B2,left
1.836734,164.813778,0.204081,0.708661,E3,left
2.040815,82.406889,0.102041,0.708661,E2,left
2.040815,493.883301,0.204081,0.834646,B4,right
2.244897,82.406889,0.102041,0.708661,E2,left
2.244897,440.000000,0.204081,0.834646,A4,right
2.448978,82.406889,0.102041,0.708661,E2,left
2.653060,82.406889,0.102041,0.708661,E2,left
2.857141,82.406889,0.102041,0.708661,E2,left
2.857141,493.883301,0.204081,0.834646,B4,right
3.061223,82.406889,0.102041,0.708661,E2,left
3.061223,739.988845,0.204081,0.834646,F#5,right
3.265304,82.406889,0.204081,0.708661,E2,left
3.265304,123.470825,0.204081,0.708661,B2,left
3.265304,164.813778,0.204081,0.708661,E3,left
3.469386,82.406889,0.204081,0.708661,E2,left
3.469386,123.470825,0.204081,0.708661,B2,left
3.469386,164.813778,0.204081,0.708661,E3,left
3.673467,82.406889,0.102041,0.708661,E2,left
3.673467,783.990872,0.204081,0.834646,G5,right
3.877549,82.406889,0.102041,0.708661,E2,left
3.877549,739.988845,0.204081,0.834646,F#5,right
4.081630,82.406889,0.102041,0.708661,E2,left
4.285711,82.406889,0.102041,0.708661,E2,left
4.489793,82.406889,0.102041,0.708661,E2,left
4.489793,987.766603,0.204081,0.834646,B5,right
4.693874,82.406889,0.102041,0.708661,E2,left
4.693874,739.988845,0.204081,0.834646,F#5,right
4.897956,82.406889,0.204081,0.708661,E2,left
4.897956,123.470825,0.204081,0.708661,B2,left
4.897956,164.813778,0.204081,0.708661,E3,left
5.102037,82.406889,0.204081,0.708661,E2,left
5.102037,123.470825,0.204081,0.708661,B2,left
5.102037,164.813778,0.204081,0.708661,E3,left
5.306119,82.406889,0.102041,0.708661,E2,left
5.306119,987.766603,0.204081,0.834646,B5,right
5.510200,82.406889,0.102041,0.708661,E2,left
5.510200,739.988845,0.204081,0.834646,F#5,right
5.714282,82.406889,0.102041,0.708661,E2,left
5.918363,82.406889,0.102041,0.708661,E2,left
6.122445,82.406889,0.102041,0.708661,E2,left
6.122445,698.456463,0.204081,0.834646,F5,right
6.326526,82.406889,0.102041,0.708661,E2,left
6.326526,698.456463,0.204081,0.834646,F5,right
6.530608,82.406889,0.204081,0.708661,E2,left
6.530608,123.470825,0.204081,0.708661,B2,left
6.530608,164.813778,0.204081,0.708661,E3,left
6.734690,82.406889,0.204081,0.708661,E2,left
6.734690,123.470825,0.204081,0.708661,B2,left
6.734690,164.813778,0.204081,0.708661,E3,left
6.938771,82.406889,0.102041,0.708661,E2,left
6.938771,698.456463,0.204081,0.834646,F5,right
7.142853,82.406889,0.102041,0.708661,E2,left
7.142853,698.456463,0.204081,0.834646,F5,right
7.346934,82.406889,0.102041,0.708661,E2,left
7.551016,82.406889,0.102041,0.708661,E2,left
7.551016,739.988845,0.204081,0.834646,F#5,right
7.755097,82.406889,0.102041,0.708661,E2,left
7.755097,739.988845,0.204081,0.834646,F#5,right
7.959179,82.406889,0.102041,0.708661,E2,left
8.163260,82.406889,0.204081,0.708661,E2,left
8.163260,123.470825,0.204081,0.708661,B2,left
8.163260,164.813778,0.204081,0.708661,E3,left
8.367342,82.406889,0.204081,0.708661,E2,left
8.367342,123.470825,0.204081,0.708661,B2,left
8.367342,164.813778,0.204081,0.708661,E3,left
8.571423,82.406889,0.102041,0.708661,E2,left
8.571423,659.255114,0.204081,0.834646,E5,right
8.775505,82.406889,0.102041,0.708661,E2,left
8.775505,659.255114,0.204081,0.834646,E5,right
8.979586,82.406889,0.204081,0.708661,E2,left
8.979586,123.470825,0.204081,0.708661,B2,left
8.979586,164.813778,0.204081,0.708661,E3,left
9.183668,82.406889,0.204081,0.708661,E2,left
9.183668,123.470825,0.204081,0.708661,B2,left
9.183668,164.813778,0.204081,0.708661,E3,left
9.387749,82.406889,0.102041,0.708661,E2,left
9.387749,987.766603,0.204081,0.834646,B5,right
9.591831,82.406889,0.102041,0.708661,E2,left
9.591831,987.766603,0.204081,0.834646,B5,right
9.795912,82.406889,0.204081,0.708661,E2,left
9.795912,123.470825,0.204081,0.708661,B2,left
9.795912,164.813778,0.204081,0.708661,E3,left
9.999994,82.406889,0.204081,0.708661,E2,left
9.999994,123.470825,0.204081,0.708661,B2,left
9.999994,164.813778,0.204081,0.708661,E3,left
10.204075,82.406889,0.102041,0.708661,E2,left
10.204075,987.766603,0.204081,0.834646,B5,right
10.408156,82.406889,0.102041,0.708661,E2,left
10.408156,987.766603,0.204081,0.834646,B5,right
10.612238,82.406889,0.204081,0.708661,E2,left
10.612238,123.470825,0.204081,0.708661,B2,left
10.612238,164.813778,0.204081,0.708661,E3,left
10.816319,82.406889,0.204081,0.708661,E2,left
10.816319,123.470825,0.204081,0.708661,B2,left
10.816319,164.813778,0.204081,0.708661,E3,left
11.020401,82.406889,0.102041,0.708661,E2,left
11.020401,987.766603,0.204081,0.834646,B5,right
11.224482,82.406889,0.102041,0.708661,E2,left
11.224482,783.990872,0.204081,0.834646,G5,right
11.428564,82.406889,0.204081,0.708661,E2,left
11.428564,123.470825,0.204081,0.708661,B2,left
11.428564,164.813778,0.204081,0.708661,E3,left
11.632645,82.406889,0.204081,0.708661,E2,left
11.632645,123.470825,0.204081,0.708661,B2,left
11.632645,164.813778,0.204081,0.708661,E3,left
11.836727,82.406889,0.102041,0.708661,E2,left
11.836727,783.990872,0.204081,0.834646,G5,right
12.040808,82.406889,0.102041,0.708661,E2,left
12.040808,493.883301,0.204081,0.834646,B4,right
12.244890,82.406889,0.204081,0.708661,E2,left
12.244890,123.470825,0.204081,0.708661,B2,left
12.244890,164.813778,0.204081,0.708661,E3,left
12.448971,82.406889,0.204081,0.708661,E2,left
12.448971,123.470825,0.204081,0.708661,B2,left
12.448971,164.813778,0.204081,0.708661,E3,left
12.653053,82.406889,0.102041,0.708661,E2,left
12.653053,783.990872,0.204081,0.834646,G5,right
12.857135,82.406889,0.102041,0.708661,E2,left
12.857135,493.883301,0.204081,0.834646,B4,right
0.000000,82.406889,0.204081,0.708661,E2,left
0.000000,123.470825,0.204081,0.708661,B2,left
0.000000,164.813778,0.204081,0.708661,E3,left
0.204082,82.406889,0.204081,0.708661,E2,left
0.204082,123.470825,0.204081,0.708661,B2,left
0.204082,164.813778,0.204081,0.708661,E3,left
0.408163,82.406889,0.102041,0.708661,E2,left
0.408163,783.990872,0.204081,0.834646,G5,right
0.612245,82.406889,0.102041,0.708661,E2,left
0.612245,739.988845,0.204081,0.834646,F#5,right
0.816326,82.406889,0.204081,0.708661,E2,left
0.816326,123.470825,0.204081,0.708661,B2,left
0.816326,164.813778,0.204081,0.708661,E3,left
1.020408,82.406889,0.204081,0.708661,E2,left
1.020408,123.470825,0.204081,0.708661,B2,left
1.020408,164.813778,0.204081,0.708661,E3,left
1.020408,493.883301,0.204081,0.834646,B4,right
1.224489,82.406889,0.102041,0.708661,E2,left
1.224489,493.883301,0.204081,0.834646,B4,right
1.428571,82.406889,0.102041,0.708661,E2,left
1.428571,440.000000,0.204081,0.834646,A4,right
1.632652,82.406889,0.204081,0.708661,E2,left
1.632652,123.470825,0.204081,0.708661,B2,left
1.632652,164.813778,0.204081,0.708661,E3,left
1.836734,82.406889,0.204081,0.708661,E2,left
1.836734,123.470825,0.204081,0.708661,B2,left
1.836734,164.813778,0.204081,0.708661,E3,left
2.040815,82.406889,0.204081,0.708661,E2,left
2.040815,123.470825,0.204081,0.708661,B2,left
2.040815,164.813778,0.204081,0.708661,E3,left
2.040815,493.883301,0.204081,0.834646,B4,right
2.244897,82.406889,0.204081,0.708661,E2,left
2.244897,123.470825,0.204081,0.708661,B2,left
2.244897,164.813778,0.204081,0.708661,E3,left
2.244897,493.883301,0.204081,0.834646,B4,right
2.448978,82.406889,0.204081,0.708661,E2,left
2.448978,123.470825,0.204081,0.708661,B2,left
2.448978,164.813778,0.204081,0.708661,E3,left
2.653060,82.406889,0.204081,0.708661,E2,left
2.653060,123.470825,0.204081,0.708661,B2,left
2.653060,164.813778,0.204081,0.708661,E3,left
2.857141,82.406889,0.204081,0.708661,E2,left
2.857141,123.470825,0.204081,0.708661,B2,left
2.857141,164.813778,0.204081,0.708661,E3,left
2.857141,493.883301,0.204081,0.834646,B4,right
3.061223,82.406889,0.204081,0.708661,E2,left
3.061223,123.470825,0.204081,0.708661,B2,left
3.061223,164.813778,0.204081,0.708661,E3,left
3.061223,987.766603,0.204081,0.834646,B5,right
3.265304,97.998859,0.204081,0.708661,G2,left
3.265304,146.832384,0.204081,0.708661,D3,left
3.265304,195.997718,0.204081,0.708661,G3,left
3.469386,97.998859,0.204081,0.708661,G2,left
3.469386,146.832384,0.204081,0.708661,D3,left
3.469386,195.997718,0.204081,0.708661,G3,left
3.673467,97.998859,0.204081,0.708661,G2,left
3.673467,146.832384,0.204081,0.708661,D3,left
3.673467,195.997718,0.204081,0.708661,G3,left
3.673467,987.766603,0.204081,0.834646,B5,right
3.877548,97.998859,0.204081,0.708661,G2,left
3.877548,146.832384,0.204081,0.708661,D3,left
3.877548,195.997718,0.204081,0.708661,G3,left
3.877548,493.883301,0.204081,0.834646,B4,right
4.081630,97.998859,0.204081,0.708661,G2,left
4.081630,146.832384,0.204081,0.708661,D3,left
4.081630,195.997718,0.204081,0.708661,G3,left
4.285711,97.998859,0.204081,0.708661,G2,left
4.285711,146.832384,0.204081,0.708661,D3,left
4.285711,195.997718,0.204081,0.708661,G3,left
4.489793,97.998859,0.204081,0.708661,G2,left
4.489793,146.832384,0.204081,0.708661,D3,left
4.489793,195.997718,0.204081,0.708661,G3,left
4.489793,493.883301,0.204081,0.834646,B4,right
4.693874,97.998859,0.204081,0.708661,G2,left
4.693874,146.832384,0.204081,0.708661,D3,left
4.693874,195.997718,0.204081,0.708661,G3,left
4.693874,880.000000,0.204081,0.834646,A5,right
4.897956,110.000000,0.204081,0.708661,A2,left
4.897956,164.813778,0.204081,0.708661,E3,left
4.897956,220.000000,0.204081,0.708661,A3,left
5.102037,110.000000,0.204081,0.708661,A2,left
5.102037,164.813778,0.204081,0.708661,E3,left
5.102037,220.000000,0.204081,0.708661,A3,left
5.306119,110.000000,0.204081,0.708661,A2,left
5.306119,164.813778,0.204081,0.708661,E3,left
5.306119,220.000000,0.204081,0.708661,A3,left
5.306119,880.000000,0.204081,0.834646,A5,right
5.510200,110.000000,0.204081,0.708661,A2,left
5.510200,164.813778,0.204081,0.708661,E3,left
5.510200,220.000000,0.204081,0.708661,A3,left
5.510200,880.000000,0.204081,0.834646,A5,right
5.714282,110.000000,0.204081,0.708661,A2,left
5.714282,164.813778,0.204081,0.708661,E3,left
5.714282,220.000000,0.204081,0.708661,A3,left
5.918363,110.000000,0.204081,0.708661,A2,left
5.918363,164.813778,0.204081,0.708661,E3,left
5.918363,220.000000,0.204081,0.708661,A3,left
6.122445,110.000000,0.204081,0.708661,A2,left
6.122445,164.813778,0.204081,0.708661,E3,left
6.122445,220.000000,0.204081,0.708661,A3,left
6.122445,880.000000,0.204081,0.834646,A5,right
6.326526,123.470825,0.204081,0.708661,B2,left
6.326526,155.563492,0.204081,0.708661,D#3,left
6.326526,184.997211,0.204081,0.708661,F#3,left
6.326526,246.941651,0.204081,0.708661,B3,left
6.326526,880.000000,0.204081,0.834646,A5,right
6.734690,123.470825,0.204081,0.708661,B2,left
6.734690,155.563492,0.204081,0.708661,D#3,left
6.734690,184.997211,0.204081,0.708661,F#3,left
6.734690,246.941651,0.204081,0.708661,B3,left
6.734690,880.000000,0.204081,0.834646,A5,right
7.142853,123.470825,0.204081,0.708661,B2,left
7.142853,155.563492,0.204081,0.708661,D#3,left
7.142853,184.997211,0.204081,0.708661,F#3,left
7.142853,246.941651,0.204081,0.708661,B3,left
7.142853,880.000000,0.204081,0.834646,A5,right
7.551016,123.470825,0.204081,0.708661,B2,left
7.551016,155.563492,0.204081,0.708661,D#3,left
7.551016,184.997211,0.204081,0.708661,F#3,left
7.551016,246.941651,0.204081,0.708661,B3,left
7.551016,783.990872,0.204081,0.834646,G5,right
7.755097,123.470825,0.204081,0.708661,B2,left
7.755097,155.563492,0.204081,0.708661,D#3,left
7.755097,184.997211,0.204081,0.708661,F#3,left
7.755097,246.941651,0.204081,0.708661,B3,left
7.755097,739.988845,0.204081,0.834646,F#5,right
8.163260,987.766603,0.204081,0.834646,B5,right
8.367342,659.255114,0.204081,0.834646,E5,right
8.571423,987.766603,0.204081,0.834646,B5,right
8.775505,880.000000,0.204081,0.834646,A5,right
8.979586,880.000000,0.204081,0.834646,A5,right
9.387749,783.990872,0.204081,0.834646,G5,right
9.591831,739.988845,0.204081,0.834646,F#5,right
9.795912,783.990872,0.204081,0.834646,G5,right
10.204075,783.990872,0.204081,0.834646,G5,right
10.408156,739.988845,0.204081,0.834646,F#5,right
10.612238,493.883301,0.816326,0.834646,B4,right
11.428564,103.826174,0.204081,0.787402,G#2,left
11.428564,138.591315,0.204081,0.787402,C#3,left
11.428564,174.614116,0.204081,0.787402,F3,left
11.428564,1046.502261,0.204081,0.748031,C6,right
11.428564,2093.004522,0.204081,0.748031,C7,right
11.632645,130.812783,0.204081,0.787402,C3,left
11.632645,523.251131,0.204081,0.748031,C5,right
11.632645,1046.502261,0.204081,0.748031,C6,right
11.836727,103.826174,0.204081,0.787402,G#2,left
11.836727,138.591315,0.204081,0.787402,C#3,left
11.836727,174.614116,0.204081,0.787402,F3,left
11.836727,1046.502261,0.204081,0.748031,C6,right
11.836727,2093.004522,0.204081,0.748031,C7,right
12.040808,130.812783,0.204081,0.787402,C3,left
12.040808,932.327523,0.204081,0.748031,A#5,right
12.040808,1864.655046,0.204081,0.748031,A#6,right
12.244890,97.998859,0.204081,0.787402,G2,left
12.244890,130.812783,0.204081,0.787402,C3,left
12.244890,164.813778,0.204081,0.787402,E3,left
12.244890,932.327523,0.204081,0.748031,A#5,right
12.244890,1864.655046,0.204081,0.748031,A#6,right
12.653053,97.998859,0.204081,0.787402,G2,left
12.653053,130.812783,0.204081,0.787402,C3,left
12.653053,164.813778,0.204081,0.787402,E3,left
12.653053,830.609395,0.204081,0.748031,G#5,right
12.653053,1661.218790,0.204081,0.748031,G#6,right
12.857135,87.307058,0.204081,0.787402,F2,left
12.857135,103.826174,0.204081,0.787402,G#2,left
12.857135,130.812783,0.204081,0.787402,C3,left
12.857135,783.990872,0.204081,0.748031,G5,right
12.857135,1567.981744,0.204081,0.748031,G6,right
0.000000,87.307058,0.204081,0.787402,F2,left
0.000000,783.990872,0.204081,0.748031,G5,right
0.000000,1567.981744,0.204081,0.748031,G6,right
0.204082,87.307058,0.204081,0.787402,F2,left
0.204082,103.826174,0.204081,0.787402,G#2,left
0.204082,130.812783,0.204081,0.787402,C3,left
0.204082,830.609395,0.204081,0.748031,G#5,right
0.204082,1661.218790,0.204081,0.748031,G#6,right
0.408163,87.307058,0.204081,0.787402,F2,left
0.408163,783.990872,0.204081,0.748031,G5,right
0.408163,1567.981744,0.204081,0.748031,G6,right
0.612245,103.826174,0.204081,0.787402,G#2,left
0.612245,130.812783,0.204081,0.787402,C3,left
0.612245,155.563492,0.204081,0.787402,D#3,left
0.612245,174.614116,0.204081,0.787402,F3,left
0.612245,698.456463,0.204081,0.748031,F5,right
0.612245,1396.912926,0.204081,0.748031,F6,right
0.816326,87.307058,0.204081,0.787402,F2,left
0.816326,523.251131,0.204081,0.748031,C5,right
0.816326,1046.502261,0.204081,0.748031,C6,right
1.020408,87.307058,0.408163,0.787402,F2,left
1.020408,103.826174,0.204081,0.787402,G#2,left
1.020408,130.812783,0.408163,0.787402,C3,left
1.224489,103.826174,0.204081,0.787402,G#2,left
1.224489,523.251131,0.204081,0.748031,C5,right
1.224489,1046.502261,0.204081,0.748031,C6,right
1.428571,130.812783,0.204081,0.787402,C3,left
1.428571,1046.502261,0.204081,0.748031,C6,right
1.428571,2093.004522,0.204081,0.748031,C7,right
1.632652,103.826174,0.204081,0.787402,G#2,left
1.632652,138.591315,0.204081,0.787402,C#3,left
1.632652,174.614116,0.204081,0.787402,F3,left
1.632652,932.327523,0.204081,0.748031,A#5,right
1.632652,1864.655046,0.204081,0.748031,A#6,right
1.836734,130.812783,0.204081,0.787402,C3,left
2.040815,103.826174,0.204081,0.787402,G#2,left
2.040815,138.591315,0.204081,0.787402,C#3,left
2.040815,174.614116,0.204081,0.787402,F3,left
2.040815,830.609395,0.204081,0.748031,G#5,right
2.040815,1661.218790,0.204081,0.748031,G#6,right
2.244897,130.812783,0.204081,0.787402,C3,left
2.448978,97.998859,0.204081,0.787402,G2,left
2.448978,130.812783,0.204081,0.787402,C3,left
2.448978,164.813778,0.204081,0.787402,E3,left
2.448978,783.990872,0.306122,0.748031,G5,right
2.448978,1567.981744,0.306122,0.748031,G6,right
2.755100,830.609395,0.051020,0.748031,G#5,right
2.755100,1661.218790,0.051020,0.748031,G#6,right
2.806121,783.990872,0.051020,0.748031,G5,right
2.806121,1567.981744,0.051020,0.748031,G6,right
2.857141,97.998859,0.204081,0.787402,G2,left
2.857141,130.812783,0.204081,0.787402,C3,left
2.857141,164.813778,0.204081,0.787402,E3,left
2.857141,698.456463,0.204081,0.748031,F5,right
2.857141,1396.912926,0.204081,0.748031,F6,right
3.061223,87.307058,0.204081,0.787402,F2,left
3.061223,103.826174,0.204081,0.787402,G#2,left
3.061223,130.812783,0.204081,0.787402,C3,left
3.061223,1244.507935,0.204081,0.748031,D#6,right
3.061223,2489.015870,0.204081,0.748031,D#7,right
3.265304,87.307058,0.204081,0.787402,F2,left
3.469385,87.307058,0.204081,0.787402,F2,left
3.469385,103.826174,0.204081,0.787402,G#2,left
3.469385,130.812783,0.204081,0.787402,C3,left
3.469385,1244.507935,0.204081,0.748031,D#6,right
3.469385,2489.015870,0.204081,0.748031,D#7,right
3.673467,87.307058,0.204081,0.787402,F2,left
3.673467,1244.507935,0.204081,0.748031,D#6,right
3.673467,2489.015870,0.204081,0.748031,D#7,right
3.877548,103.826174,0.204081,0.787402,G#2,left
3.877548,130.812783,0.204081,0.787402,C3,left
3.877548,155.563492,0.204081,0.787402,D#3,left
3.877548,174.614116,0.204081,0.787402,F3,left
3.877548,1244.507935,0.204081,0.748031,D#6,right
3.877548,2489.015870,0.204081,0.748031,D#7,right
4.081630,87.307058,0.204081,0.787402,F2,left
4.285711,87.307058,0.408163,0.787402,F2,left
4.285711,103.826174,0.204081,0.787402,G#2,left
4.285711,130.812783,0.408163,0.787402,C3,left
4.285711,1046.502261,0.204081,0.748031,C6,right
4.285711,2093.004522,0.204081,0.748031,C7,right
4.489793,103.826174,0.204081,0.787402,G#2,left
4.489793,1046.502261,0.204081,0.748031,C6,right
4.489793,2093.004522,0.204081,0.748031,C7,right
4.693874,130.812783,0.204081,0.787402,C3,left
4.897956,103.826174,0.204081,0.787402,G#2,left
4.897956,138.591315,0.204081,0.787402,C#3,left
4.897956,174.614116,0.204081,0.787402,F3,left
4.897956,523.251131,0.204081,0.748031,C5,right
4.897956,1046.502261,0.204081,0.748031,C6,right
5.102037,130.812783,0.204081,0.787402,C3,left
5.102037,466.163762,0.204081,0.748031,A#4,right
5.102037,932.327523,0.204081,0.748031,A#5,right
5.306119,103.826174,0.204081,0.787402,G#2,left
5.306119,138.591315,0.204081,0.787402,C#3,left
5.306119,174.614116,0.204081,0.787402,F3,left
5.306119,523.251131,0.204081,0.748031,C5,right
5.306119,1046.502261,0.204081,0.748031,C6,right
5.510200,130.812783,0.204081,0.787402,C3,left
5.510200,698.456463,0.204081,0.748031,F5,right
5.510200,1396.912926,0.204081,0.748031,F6,right
5.714282,97.998859,0.204081,0.787402,G2,left
5.714282,130.812783,0.204081,0.787402,C3,left
5.714282,164.813778,0.204081,0.787402,E3,left
5.714282,783.990872,0.204081,0.748031,G5,right
5.714282,1567.981744,0.204081,0.748031,G6,right
6.122445,97.998859,0.204081,0.787402,G2,left
6.122445,130.812783,0.204081,0.787402,C3,left
6.122445,164.813778,0.204081,0.787402,E3,left
6.122445,523.251131,0.204081,0.748031,C5,right
6.122445,1046.502261,0.204081,0.748031,C6,right
6.326526,87.307058,0.204081,0.787402,F2,left
6.326526,103.826174,0.204081,0.787402,G#2,left
6.326526,130.812783,0.204081,0.787402,C3,left
6.326526,698.456463,0.204081,0.748031,F5,right
6.326526,1396.912926,0.204081,0.748031,F6,right
6.530608,87.307058,0.204081,0.787402,F2,left
6.530608,783.990872,0.204081,0.748031,G5,right
6.530608,1567.981744,0.204081,0.748031,G6,right
6.734690,87.307058,0.204081,0.787402,F2,left
6.734690,103.826174,0.204081,0.787402,G#2,left
6.734690,130.812783,0.204081,0.787402,C3,left
6.938771,87.307058,0.204081,0.787402,F2,left
6.938771,523.251131,0.204081,0.748031,C5,right
6.938771,1046.502261,0.204081,0.748031,C6,right
7.142853,103.826174,0.204081,0.787402,G#2,left
7.142853,130.812783,0.204081,0.787402,C3,left
7.142853,155.563492,0.204081,0.787402,D#3,left
7.142853,174.614116,0.204081,0.787402,F3,left
7.142853,1244.507935,0.204081,0.748031,D#6,right
7.142853,2489.015870,0.204081,0.748031,D#7,right
7.346934,87.307058,0.204081,0.787402,F2,left
7.346934,1244.507935,0.204081,0.748031,D#6,right
7.346934,2489.015870,0.204081,0.748031,D#7,right
7.551016,87.307058,0.408163,0.787402,F2,left
7.551016,103.826174,0.204081,0.787402,G#2,left
7.551016,130.812783,0.408163,0.787402,C3,left
7.755097,103.826174,0.204081,0.787402,G#2,left
7.755097,1244.507935,0.204081,0.748031,D#6,right
7.755097,2489.015870,0.204081,0.748031,D#7,right
7.959179,130.812783,0.204081,0.787402,C3,left
7.959179,1046.502261,0.204081,0.748031,C6,right
7.959179,2093.004522,0.204081,0.748031,C7,right
8.163260,103.826174,0.204081,0.787402,G#2,left
8.163260,138.591315,0.204081,0.787402,C#3,left
8.163260,174.614116,0.204081,0.787402,F3,left
8.367342,130.812783,0.204081,0.787402,C3,left
8.367342,1046.502261,0.204081,0.748031,C6,right
8.367342,2093.004522,0.204081,0.748031,C7,right
8.571423,103.826174,0.204081,0.787402,G#2,left
8.571423,138.591315,0.204081,0.787402,C#3,left
8.571423,174.614116,0.204081,0.787402,F3,left
8.571423,932.327523,0.204081,0.748031,A#5,right
8.571423,1864.655046,0.204081,0.748031,A#6,right
8.775505,130.812783,0.204081,0.787402,C3,left
8.979586,97.998859,0.204081,0.787402,G2,left
8.979586,130.812783,0.204081,0.787402,C3,left
8.979586,164.813778,0.204081,0.787402,E3,left
8.979586,830.609395,0.204081,0.748031,G#5,right
8.979586,1661.218790,0.204081,0.748031,G#6,right
9.183668,783.990872,0.204081,0.748031,G5,right
9.183668,1567.981744,0.204081,0.748031,G6,right
9.387749,97.998859,0.204081,0.787402,G2,left
9.387749,130.812783,0.204081,0.787402,C3,left
9.387749,164.813778,0.204081,0.787402,E3,left
9.591830,130.812783,0.204081,0.787402,C3,left
9.591830,698.456463,0.204081,0.748031,F5,right
9.591830,1396.912926,0.204081,0.748031,F6,right
9.795912,97.998859,0.204081,0.787402,G2,left
9.795912,116.540940,0.204081,0.787402,A#2,left
9.795912,164.813778,0.204081,0.787402,E3,left
9.795912,783.990872,0.204081,0.748031,G5,right
9.795912,1567.981744,0.204081,0.748031,G6,right
9.999993,116.540940,0.204081,0.787402,A#2,left
10.204075,97.998859,0.204081,0.787402,G2,left
10.204075,116.540940,0.204081,0.787402,A#2,left
10.204075,164.813778,0.204081,0.787402,E3,left
10.204075,783.990872,0.204081,0.748031,G5,right
10.204075,1567.981744,0.204081,0.748031,G6,right
10.408156,116.540940,0.204081,0.787402,A#2,left
10.612238,97.998859,0.204081,0.787402,G2,left
10.612238,116.540940,0.204081,0.787402,A#2,left
10.612238,164.813778,0.204081,0.787402,E3,left
10.612238,783.990872,0.204081,0.748031,G5,right
10.612238,1567.981744,0.204081,0.748031,G6,right
10.816319,116.540940,0.204081,0.787402,A#2,left
10.816319,698.456463,0.102041,0.748031,F5,right
10.816319,1396.912926,0.102041,0.748031,F6,right
11.020401,97.998859,0.204081,0.787402,G2,left
11.020401,116.540940,0.204081,0.787402,A#2,left
11.020401,164.813778,0.204081,0.787402,E3,left
11.020401,698.456463,0.204081,0.748031,F5,right
11.020401,1396.912926,0.204081,0.748031,F6,right
11.224482,130.812783,0.204081,0.787402,C3,left
11.224482,783.990872,0.204081,0.748031,G5,right
11.224482,1567.981744,0.204081,0.748031,G6,right
11.428564,138.591315,0.204081,0.787402,C#3,left
11.428564,1046.502261,0.204081,0.748031,C6,right
11.428564,2093.004522,0.204081,0.748031,C7,right
11.632645,523.251131,0.204081,0.748031,C5,right
11.632645,1046.502261,0.204081,0.748031,C6,right
11.836727,103.826174,0.204081,0.787402,G#2,left
11.836727,138.591315,0.204081,0.787402,C#3,left
11.836727,174.614116,0.204081,0.787402,F3,left
11.836727,1046.502261,0.204081,0.748031,C6,right
11.836727,2093.004522,0.204081,0.748031,C7,right
12.040808,138.591315,0.204081,0.787402,C#3,left
12.040808,932.327523,0.204081,0.748031,A#5,right
12.040808,1864.655046,0.204081,0.748031,A#6,right
12.244890,97.998859,0.204081,0.787402,G2,left
12.244890,130.812783,0.204081,0.787402,C3,left
12.244890,164.813778,0.204081,0.787402,E3,left
12.244890,932.327523,0.204081,0.748031,A#5,right
12.244890,1864.655046,0.204081,0.748031,A#6,right
12.448971,130.812783,0.204081,0.787402,C3,left
12.653053,97.998859,0.204081,0.787402,G2,left
12.653053,130.812783,0.204081,0.787402,C3,left
12.653053,164.813778,0.204081,0.787402,E3,left
12.653053,830.609395,0.204081,0.748031,G#5,right
12.653053,1661.218790,0.204081,0.748031,G#6,right
12.857135,87.307058,0.204081,0.787402,F2,left
12.857135,103.826174,0.204081,0.787402,G#2,left
12.857135,130.812783,0.204081,0.787402,C3,left
12.857135,783.990872,0.204081,0.748031,G5,right
12.857135,1567.981744,0.204081,0.748031,G6,right
0.000000,87.307058,0.204081,0.787402,F2,left
0.000000,783.990872,0.204081,0.748031,G5,right
0.000000,1567.981744,0.204081,0.748031,G6,right
0.204082,87.307058,0.204081,0.787402,F2,left
0.204082,103.826174,0.204081,0.787402,G#2,left
0.204082,130.812783,0.204081,0.787402,C3,left
0.204082,830.609395,0.204081,0.748031,G#5,right
0.204082,1661.218790,0.204081,0.748031,G#6,right
0.408163,87.307058,0.204081,0.787402,F2,left
0.408163,783.990872,0.204081,0.748031,G5,right
0.408163,1567.981744,0.204081,0.748031,G6,right
0.612245,103.826174,0.204081,0.787402,G#2,left
0.612245,130.812783,0.204081,0.787402,C3,left
0.612245,155.563492,0.204081,0.787402,D#3,left
0.612245,174.614116,0.204081,0.787402,F3,left
0.612245,698.456463,0.204081,0.748031,F5,right
0.612245,1396.912926,0.204081,0.748031,F6,right
0.816326,87.307058,0.204081,0.787402,F2,left
0.816326,523.251131,0.204081,0.748031,C5,right
0.816326,1046.502261,0.204081,0.748031,C6,right
1.020408,87.307058,0.408163,0.787402,F2,left
1.020408,103.826174,0.204081,0.787402,G#2,left
1.020408,130.812783,0.408163,0.787402,C3,left
1.224489,103.826174,0.204081,0.787402,G#2,left
1.224489,523.251131,0.204081,0.748031,C5,right
1.224489,1046.502261,0.204081,0.748031,C6,right
1.428571,130.812783,0.204081,0.787402,C3,left
1.428571,1046.502261,0.204081,0.748031,C6,right
1.428571,2093.004522,0.204081,0.748031,C7,right
1.632652,103.826174,0.204081,0.787402,G#2,left
1.632652,138.591315,0.204081,0.787402,C#3,left
1.632652,174.614116,0.204081,0.787402,F3,left
1.632652,932.327523,0.204081,0.748031,A#5,right
1.632652,1864.655046,0.204081,0.748031,A#6,right
1.836734,138.591315,0.204081,0.787402,C#3,left
2.040815,103.826174,0.204081,0.787402,G#2,left
2.040815,138.591315,0.204081,0.787402,C#3,left
2.040815,174.614116,0.204081,0.787402,F3,left
2.040815,830.609395,0.204081,0.748031,G#5,right
2.040815,1661.218790,0.204081,0.748031,G#6,right
2.244897,138.591315,0.204081,0.787402,C#3,left
2.448978,97.998859,0.204081,0.787402,G2,left
2.448978,130.812783,0.204081,0.787402,C3,left
2.448978,164.813778,0.204081,0.787402,E3,left
2.448978,783.990872,0.306122,0.748031,G5,right
2.448978,1567.981744,0.306122,0.748031,G6,right
2.653060,130.812783,0.204081,0.787402,C3,left
2.755100,830.609395,0.051020,0.748031,G#5,right
2.755100,1661.218790,0.051020,0.748031,G#6,right
2.806121,783.990872,0.051020,0.748031,G5,right
2.806121,1567.981744,0.051020,0.748031,G6,right
2.857141,97.998859,0.204081,0.787402,G2,left
2.857141,130.812783,0.204081,0.787402,C3,left
2.857141,164.813778,0.204081,0.787402,E3,left
2.857141,698.456463,0.204081,0.748031,F5,right
2.857141,1396.912926,0.204081,0.748031,F6,right
3.061222,87.307058,0.204081,0.787402,F2,left
3.061222,103.826174,0.204081,0.787402,G#2,left
3.061222,130.812783,0.204081,0.787402,C3,left
3.061222,1244.507935,0.204081,0.748031,D#6,right
3.061222,2489.015870,0.204081,0.748031,D#7,right
3.265304,87.307058,0.204081,0.787402,F2,left
3.469385,87.307058,0.204081,0.787402,F2,left
3.469385,103.826174,0.204081,0.787402,G#2,left
3.469385,130.812783,0.204081,0.787402,C3,left
3.469385,1244.507935,0.204081,0.748031,D#6,right
3.469385,2489.015870,0.204081,0.748031,D#7,right
3.673467,87.307058,0.204081,0.787402,F2,left
3.673467,1244.507935,0.204081,0.748031,D#6,right
3.673467,2489.015870,0.204081,0.748031,D#7,right
3.877548,103.826174,0.204081,0.787402,G#2,left
3.877548,130.812783,0.204081,0.787402,C3,left
3.877548,155.563492,0.204081,0.787402,D#3,left
3.877548,174.614116,0.204081,0.787402,F3,left
3.877548,1244.507935,0.204081,0.748031,D#6,right
3.877548,2489.015870,0.204081,0.748031,D#7,right
4.081630,87.307058,0.204081,0.787402,F2,left
4.285711,87.307058,0.408163,0.787402,F2,left
4.285711,103.826174,0.204081,0.787402,G#2,left
4.285711,130.812783,0.408163,0.787402,C3,left
4.285711,1396.912926,0.204081,0.748031,F6,right
4.285711,2793.825851,0.204081,0.748031,F7,right
4.489793,103.826174,0.204081,0.787402,G#2,left
4.489793,1046.502261,0.204081,0.748031,C6,right
4.489793,2093.004522,0.204081,0.748031,C7,right
4.693874,130.812783,0.204081,0.787402,C3,left
4.897956,103.826174,0.204081,0.787402,G#2,left
4.897956,138.591315,0.204081,0.787402,C#3,left
4.897956,174.614116,0.204081,0.787402,F3,left
4.897956,523.251131,0.204081,0.748031,C5,right
4.897956,1046.502261,0.204081,0.748031,C6,right
5.102037,138.591315,0.204081,0.787402,C#3,left
5.102037,466.163762,0.204081,0.748031,A#4,right
5.102037,932.327523,0.204081,0.748031,A#5,right
5.306119,103.826174,0.204081,0.787402,G#2,left
5.306119,138.591315,0.204081,0.787402,C#3,left
5.306119,174.614116,0.204081,0.787402,F3,left
5.306119,523.251131,0.204081,0.748031,C5,right
5.306119,1046.502261,0.204081,0.748031,C6,right
5.510200,138.591315,0.204081,0.787402,C#3,left
5.510200,698.456463,0.204081,0.748031,F5,right
5.510200,1396.912926,0.204081,0.748031,F6,right
5.714282,97.998859,0.204081,0.787402,G2,left
5.714282,130.812783,0.204081,0.787402,C3,left
5.714282,164.813778,0.204081,0.787402,E3,left
5.714282,783.990872,0.204081,0.748031,G5,right
5.714282,1567.981744,0.204081,0.748031,G6,right
5.918363,130.812783,0.204081,0.787402,C3,left
6.122445,97.998859,0.204081,0.787402,G2,left
6.122445,130.812783,0.204081,0.787402,C3,left
6.122445,164.813778,0.204081,0.787402,E3,left
6.122445,523.251131,0.204081,0.748031,C5,right
6.122445,1046.502261,0.204081,0.748031,C6,right
6.326526,87.307058,0.204081,0.787402,F2,left
6.326526,103.826174,0.204081,0.787402,G#2,left
6.326526,130.812783,0.204081,0.787402,C3,left
6.326526,698.456463,0.204081,0.748031,F5,right
6.326526,1396.912926,0.204081,0.748031,F6,right
6.530608,87.307058,0.204081,0.787402,F2,left
6.530608,783.990872,0.204081,0.748031,G5,right
6.530608,1567.981744,0.204081,0.748031,G6,right
6.734690,87.307058,0.204081,0.787402,F2,left
6.734690,103.826174,0.204081,0.787402,G#2,left
6.734690,130.812783,0.204081,0.787402,C3,left
6.938771,87.307058,0.204081,0.787402,F2,left
6.938771,523.251131,0.204081,0.748031,C5,right
6.938771,1046.502261,0.204081,0.748031,C6,right
7.142853,103.826174,0.204081,0.787402,G#2,left
7.142853,130.812783,0.204081,0.787402,C3,left
7.142853,155.563492,0.204081,0.787402,D#3,left
7.142853,174.614116,0.204081,0.787402,F3,left
7.142853,1244.507935,0.204081,0.748031,D#6,right
7.142853,2489.015870,0.204081,0.748031,D#7,right
7.346934,87.307058,0.204081,0.787402,F2,left
7.346934,1244.507935,0.204081,0.748031,D#6,right
7.346934,2489.015870,0.204081,0.748031,D#7,right
7.551016,87.307058,0.408163,0.787402,F2,left
7.551016,103.826174,0.204081,0.787402,G#2,left
7.551016,130.812783,0.408163,0.787402,C3,left
7.755097,103.826174,0.204081,0.787402,G#2,left
7.755097,1244.507935,0.204081,0.748031,D#6,right
7.755097,2489.015870,0.204081,0.748031,D#7,right
7.959179,130.812783,0.204081,0.787402,C3,left
7.959179,1046.502261,0.204081,0.748031,C6,right
7.959179,2093.004522,0.204081,0.748031,C7,right
8.163260,103.826174,0.204081,0.787402,G#2,left
8.163260,138.591315,0.204081,0.787402,C#3,left
8.163260,174.614116,0.204081,0.787402,F3,left
8.367342,138.591315,0.204081,0.787402,C#3,left
8.367342,1046.502261,0.204081,0.748031,C6,right
8.367342,2093.004522,0.204081,0.748031,C7,right
8.571423,103.826174,0.204081,0.787402,G#2,left
8.571423,138.591315,0.204081,0.787402,C#3,left
8.571423,174.614116,0.204081,0.787402,F3,left
8.571423,932.327523,0.204081,0.748031,A#5,right
8.571423,1864.655046,0.204081,0.748031,A#6,right
8.775505,138.591315,0.204081,0.787402,C#3,left
8.979586,97.998859,0.204081,0.787402,G2,left
8.979586,130.812783,0.204081,0.787402,C3,left
8.979586,164.813778,0.204081,0.787402,E3,left
8.979586,830.609395,0.204081,0.748031,G#5,right
8.979586,1661.218790,0.204081,0.748031,G#6,right
9.183667,130.812783,0.204081,0.787402,C3,left
9.183667,783.990872,0.204081,0.748031,G5,right
9.183667,1567.981744,0.204081,0.748031,G6,right
9.387749,97.998859,0.204081,0.787402,G2,left
9.387749,130.812783,0.204081,0.787402,C3,left
9.387749,164.813778,0.204081,0.787402,E3,left
9.591830,130.812783,0.204081,0.787402,C3,left
9.591830,698.456463,0.204081,0.748031,F5,right
9.591830,1396.912926,0.204081,0.748031,F6,right
9.795912,97.998859,0.204081,0.787402,G2,left
9.795912,116.540940,0.204081,0.787402,A#2,left
9.795912,164.813778,0.204081,0.787402,E3,left
9.795912,783.990872,0.204081,0.748031,G5,right
9.795912,1567.981744,0.204081,0.748031,G6,right
9.999993,97.998859,0.204081,0.787402,G2,left
9.999993,116.540940,0.204081,0.787402,A#2,left
9.999993,164.813778,0.204081,0.787402,E3,left
9.999993,783.990872,0.204081,0.748031,G5,right
9.999993,1567.981744,0.204081,0.748031,G6,right
10.204075,783.990872,0.204081,0.748031,G5,right
10.204075,1567.981744,0.204081,0.748031,G6,right
10.408156,97.998859,0.204081,0.787402,G2,left
10.408156,116.540940,0.204081,0.787402,A#2,left
10.408156,164.813778,0.204081,0.787402,E3,left
10.408156,698.456463,0.204081,0.748031,F5,right
10.408156,1396.912926,0.204081,0.748031,F6,right
10.612238,97.998859,0.204081,0.787402,G2,left
10.612238,116.540940,0.204081,0.787402,A#2,left
10.612238,164.813778,0.204081,0.787402,E3,left
10.612238,783.990872,0.204081,0.748031,G5,right
10.612238,1567.981744,0.204081,0.748031,G6,right
11.020401,97.998859,0.408163,0.787402,G2,left
11.020401,116.540940,0.408163,0.787402,A#2,left
11.020401,164.813778,0.408163,0.787402,E3,left
11.020401,830.609395,0.204081,0.748031,G#5,right
11.020401,1661.218790,0.204081,0.748031,G#6,right
11.224482,698.456463,0.204081,0.748031,F5,right
11.224482,1396.912926,0.204081,0.748031,F6,right
11.428564,103.826174,0.816326,0.787402,G#2,left
11.428564,138.591315,0.816326,0.787402,C#3,left
11.428564,174.614116,0.816326,0.787402,F3,left
11.428564,698.456463,0.408163,0.748031,F5,right
11.428564,1046.502261,0.204081,0.834646,C6,right
11.428564,1396.912926,0.408163,0.748031,F6,right
11.836727,698.456463,0.204081,0.834646,F5,right
12.244890,97.998859,0.816326,0.787402,G2,left
12.244890,130.812783,0.816326,0.787402,C3,left
12.244890,164.813778,0.816326,0.787402,E3,left
12.244890,783.990872,0.204081,0.834646,G5,right
12.653053,1046.502261,0.204081,0.834646,C6,right
12.857135,698.456463,0.204081,0.834646,F5,right
0.000000,87.307058,0.816326,0.787402,F2,left
0.000000,103.826174,0.816326,0.787402,G#2,left
0.000000,130.812783,0.816326,0.787402,C3,left
0.204082,1244.507935,0.204081,0.834646,D#6,right
0.612245,622.253967,0.204081,0.834646,D#5,right
0.816326,103.826174,0.816326,0.787402,G#2,left
0.816326,130.812783,0.816326,0.787402,C3,left
0.816326,155.563492,0.816326,0.787402,D#3,left
0.816326,587.329536,0.102041,0.834646,D5,right
1.020408,622.253967,0.204081,0.834646,D#5,right
1.224489,587.329536,0.102041,0.834646,D5,right
1.428571,523.251131,0.204081,0.834646,C5,right
1.632652,103.826174,0.816326,0.787402,G#2,left
1.632652,138.591315,0.816326,0.787402,C#3,left
1.632652,174.614116,0.816326,0.787402,F3,left
1.632652,1046.502261,0.204081,0.834646,C6,right
2.040815,698.456463,0.204081,0.834646,F5,right
2.448978,97.998859,0.816326,0.787402,G2,left
2.448978,130.812783,0.816326,0.787402,C3,left
2.448978,164.813778,0.816326,0.787402,E3,left
2.448978,783.990872,0.204081,0.834646,G5,right
2.857141,1046.502261,0.204081,0.834646,C6,right
3.061222,698.456463,0.204081,0.834646,F5,right
3.265304,87.307058,0.816326,0.787402,F2,left
3.265304,103.826174,0.816326,0.787402,G#2,left
3.265304,130.812783,0.816326,0.787402,C3,left
3.469385,523.251131,0.204081,0.834646,C5,right
3.877548,523.251131,0.204081,0.834646,C5,right
4.081630,103.826174,0.306122,0.787402,G#2,left
4.081630,130.812783,0.816326,0.787402,C3,left
4.081630,155.563492,0.816326,0.787402,D#3,left
4.081630,493.883301,0.102041,0.834646,B4,right
4.285711,523.251131,0.204081,0.834646,C5,right
4.387752,103.826174,0.102041,0.787402,G#2,left
4.489793,103.826174,0.204081,0.787402,G#2,left
4.489793,493.883301,0.102041,0.834646,B4,right
4.693874,103.826174,0.204081,0.787402,G#2,left
4.693874,466.163762,0.204081,0.834646,A#4,right
4.897956,103.826174,0.204081,0.787402,G#2,left
4.897956,138.591315,0.204081,0.787402,C#3,left
4.897956,174.614116,0.204081,0.787402,F3,left
4.897956,1046.502261,0.204081,0.834646,C6,right
5.102037,138.591315,0.204081,0.787402,C#3,left
5.306119,103.826174,0.204081,0.787402,G#2,left
5.306119,138.591315,0.204081,0.787402,C#3,left
5.306119,174.614116,0.204081,0.787402,F3,left
5.306119,698.456463,0.204081,0.834646,F5,right
5.510200,174.614116,0.204081,0.787402,F3,left
5.714282,97.998859,0.204081,0.787402,G2,left
5.714282,130.812783,0.204081,0.787402,C3,left
5.714282,164.813778,0.204081,0.787402,E3,left
5.714282,783.990872,0.204081,0.834646,G5,right
5.918363,130.812783,0.204081,0.787402,C3,left
6.122445,97.998859,0.204081,0.787402,G2,left
6.122445,130.812783,0.204081,0.787402,C3,left
6.122445,164.813778,0.204081,0.787402,E3,left
6.122445,1046.502261,0.204081,0.834646,C6,right
6.326526,87.307058,0.204081,0.787402,F2,left
6.326526,103.826174,0.204081,0.787402,G#2,left
6.326526,130.812783,0.204081,0.787402,C3,left
6.326526,698.456463,0.204081,0.834646,F5,right
6.530608,87.307058,0.204081,0.787402,F2,left
6.734690,87.307058,0.204081,0.787402,F2,left
6.734690,103.826174,0.204081,0.787402,G#2,left
6.734690,130.812783,0.204081,0.787402,C3,left
6.734690,1244.507935,0.204081,0.834646,D#6,right
6.938771,87.307058,0.204081,0.787402,F2,left
7.142853,103.826174,0.204081,0.787402,G#2,left
7.142853,130.812783,0.204081,0.787402,C3,left
7.142853,155.563492,0.204081,0.787402,D#3,left
7.142853,174.614116,0.204081,0.787402,F3,left
7.142853,622.253967,0.204081,0.834646,D#5,right
7.346934,87.307058,0.204081,0.787402,F2,left
7.346934,587.329536,0.102041,0.834646,D5,right
7.551016,87.307058,0.408163,0.787402,F2,left
7.551016,103.826174,0.204081,0.787402,G#2,left
7.551016,130.812783,0.408163,0.787402,C3,left
7.551016,622.253967,0.204081,0.834646,D#5,right
7.755097,103.826174,0.204081,0.787402,G#2,left
7.755097,587.329536,0.102041,0.834646,D5,right
7.959179,130.812783,0.204081,0.787402,C3,left
7.959179,523.251131,0.204081,0.834646,C5,right
8.163260,103.826174,0.204081,0.787402,G#2,left
8.163260,138.591315,0.204081,0.787402,C#3,left
8.163260,174.614116,0.204081,0.787402,F3,left
8.163260,1046.502261,0.204081,0.834646,C6,right
8.367342,138.591315,0.204081,0.787402,C#3,left
8.571423,103.826174,0.204081,0.787402,G#2,left
8.571423,138.591315,0.204081,0.787402,C#3,left
8.571423,174.614116,0.204081,0.787402,F3,left
8.571423,698.456463,0.204081,0.834646,F5,right
8.775504,174.614116,0.204081,0.787402,F3,left
8.979586,97.998859,0.204081,0.787402,G2,left
8.979586,130.812783,0.204081,0.787402,C3,left
8.979586,164.813778,0.204081,0.787402,E3,left
8.979586,783.990872,0.204081,0.834646,G5,right
9.183667,130.812783,0.204081,0.787402,C3,left
9.387749,97.998859,0.204081,0.787402,G2,left
9.387749,130.812783,0.204081,0.787402,C3,left
9.387749,164.813778,0.204081,0.787402,E3,left
9.387749,698.456463,0.204081,0.834646,F5,right
9.591830,87.307058,0.204081,0.787402,F2,left
9.591830,103.826174,0.204081,0.787402,G#2,left
9.591830,130.812783,0.204081,0.787402,C3,left
9.591830,523.251131,0.204081,0.834646,C5,right
9.795912,698.456463,0.204081,0.629921,F5,right
9.999993,523.251131,0.204081,0.629921,C5,right
10.204075,698.456463,0.204081,0.417323,F5,right
10.408156,523.251131,0.204081,0.417323,C5,right
10.612238,698.456463,0.204081,0.267717,F5,right
10.816319,523.251131,0.204081,0.267717,C5,right
11.020401,698.456463,0.204081,0.173228,F5,right
11.224482,523.251131,0.204081,0.173228,C5,right
11.428564,698.456463,0.204081,0.110236,F5,right
11.632645,523.251131,0.204081,0.110236,C5,right
11.836727,698.456463,0.204081,0.070866,F5,right
12.040808,523.251131,0.204081,0.070866,C5,right
12.244890,698.456463,0.204081,0.015748,F5,right
12.448971,523.251131,0.204081,0.015748,C5,right
12.653053,698.456463,0.204081,0.007874,F5,right
12.857135,523.251131,0.204081,0.007874,C5,right
