time,freq,dur,vel,name,hand
0.243356,261.625565,0.127972,0.519685,C4,right
0.243356,349.228231,0.096503,0.519685,F4,right
0.339860,349.228231,0.255944,0.519685,F4,right
0.339860,415.304698,0.255944,0.559055,G#4,right
0.371328,261.625565,0.224475,0.503937,C4,right
0.595804,69.295658,0.438461,0.496063,C#2,left
0.595804,261.625565,0.094406,0.543307,C4,right
0.595804,349.228231,0.094406,0.527559,F4,right
0.595804,415.304698,0.312587,0.574803,G#4,right
0.690209,261.625565,0.125874,0.519685,C4,right
0.690209,349.228231,0.125874,0.527559,F4,right
0.816083,261.625565,0.121678,0.511811,C4,right
0.816083,349.228231,0.092308,0.503937,F4,right
0.908391,138.591315,0.125874,0.543307,C#3,left
0.908391,349.228231,0.155245,0.559055,F4,right
0.908391,415.304698,0.444755,0.566929,G#4,right
0.937761,261.625565,0.193007,0.511811,C4,right
1.831467,65.406391,0.258042,0.519685,C2,left
1.831467,233.081881,0.130070,0.559055,A#3,left
1.831467,329.627557,0.610489,0.566929,E4,right
1.831467,415.304698,0.161538,0.582677,G#4,right
1.961537,130.812783,0.222377,0.535433,C3,left
1.961537,233.081881,0.127972,0.527559,A#3,left
1.993005,415.304698,0.448951,0.543307,G#4,right
2.089508,65.406391,0.224475,0.488189,C2,left
2.089508,233.081881,0.320979,0.519685,A#3,left
2.183914,130.812783,0.161538,0.527559,C3,left
2.410487,233.081881,0.125874,0.535433,A#3,left
2.441956,65.406391,0.190909,0.511811,C2,left
2.441956,329.627557,0.094406,0.519685,E4,right
2.441956,415.304698,0.094406,0.582677,G#4,right
2.536361,130.812783,0.224475,0.535433,C3,left
2.536361,233.081881,0.127972,0.503937,A#3,left
2.536361,329.627557,0.383916,0.519685,E4,right
2.536361,415.304698,0.448951,0.543307,G#4,right
2.632864,65.406391,0.224475,0.488189,C2,left
2.664333,233.081881,0.096503,0.511811,A#3,left
2.760836,130.812783,0.127972,0.519685,C3,left
2.760836,233.081881,0.127972,0.519685,A#3,left
3.698598,87.307058,0.258042,0.503937,F2,left
3.698598,261.625565,0.258042,0.551181,C4,right
3.698598,391.995436,0.258042,0.535433,G4,right
3.956639,87.307058,0.478321,0.456693,F2,left
3.956639,261.625565,0.222377,0.535433,C4,right
3.956639,391.995436,0.574825,0.511811,G4,right
4.179017,174.614116,0.576923,0.488189,F3,left
4.179017,261.625565,0.352447,0.511811,C4,right
4.434961,87.307058,0.895803,0.480315,F2,left
4.531464,261.625565,0.224475,0.511811,C4,right
4.531464,391.995436,0.574825,0.511811,G4,right
4.755939,174.614116,1.697201,0.488189,F3,left
4.755939,261.625565,0.222377,0.527559,C4,right
4.978317,261.625565,0.352447,0.551181,C4,right
5.106289,311.126984,0.576923,0.503937,D#4,right
5.106289,391.995436,1.413985,0.543307,G4,right
5.330764,87.307058,1.025873,0.480315,F2,left
5.330764,261.625565,0.994405,0.543307,C4,right
5.555239,77.781746,0.255944,0.551181,D#2,left
5.555239,277.182631,0.255944,0.566929,C#4,right
5.555239,349.228231,0.255944,0.559055,F4,right
5.811183,77.781746,0.224475,0.519685,D#2,left
5.811183,277.182631,0.224475,0.543307,C#4,right
5.811183,349.228231,0.224475,0.511811,F4,right
5.811183,415.304698,0.224475,0.551181,G#4,right
6.035658,77.781746,0.547552,0.519685,D#2,left
6.035658,277.182631,0.222377,0.511811,C#4,right
6.035658,349.228231,0.222377,0.535433,F4,right
6.035658,415.304698,0.222377,0.543307,G#4,right
6.258036,277.182631,0.293706,0.559055,C#4,right
6.258036,349.228231,0.262238,0.535433,F4,right
6.258036,415.304698,0.226573,0.535433,G#4,right
6.484609,103.826174,0.551748,0.543307,G#2,left
6.484609,311.126984,0.551748,0.527559,D#4,right
6.484609,415.304698,0.616783,0.566929,G#4,right
6.520273,261.625565,0.549650,0.551181,C4,right
7.382510,69.295658,0.497202,0.527559,C#2,left
7.382510,622.253967,0.279021,0.551181,D#5,right
7.413979,830.609395,0.247552,0.574803,G#5,right
7.661531,138.591315,0.442657,0.519685,C#3,left
7.661531,622.253967,0.218182,0.519685,D#5,right
7.661531,830.609395,0.218182,0.566929,G#5,right
7.879712,69.295658,0.939859,0.456693,C#2,left
7.879712,622.253967,0.224475,0.511811,D#5,right
7.879712,830.609395,0.455244,0.566929,G#5,right
8.104188,138.591315,0.459440,0.527559,C#3,left
8.104188,622.253967,0.230769,0.535433,D#5,right
8.104188,783.990872,0.620978,0.574803,G5,right
8.334957,622.253967,0.228671,0.496063,D#5,right
8.334957,830.609395,0.354545,0.582677,G#5,right
8.563628,138.591315,0.451049,0.527559,C#3,left
8.563628,622.253967,0.681817,0.527559,D#5,right
8.563628,932.327523,0.224475,0.559055,A#5,right
8.689502,830.609395,0.555944,0.566929,G#5,right
8.819572,69.295658,0.459440,0.480315,C#2,left
9.014676,138.591315,0.486713,0.566929,C#3,left
9.245445,622.253967,0.159440,0.503937,D#5,right
9.245445,830.609395,0.255944,0.543307,G#5,right
9.279012,69.295658,0.446853,0.511811,C#2,left
9.501389,138.591315,0.448951,0.535433,C#3,left
9.501389,622.253967,0.224475,0.519685,D#5,right
9.501389,830.609395,0.224475,0.574803,G#5,right
9.534956,277.182631,0.031468,0.519685,C#4,right
9.725864,69.295658,0.916782,0.464567,C#2,left
9.725864,622.253967,0.224475,0.519685,D#5,right
9.725864,830.609395,0.474125,0.566929,G#5,right
9.950340,138.591315,0.469930,0.535433,C#3,left
9.950340,622.253967,0.249650,0.543307,D#5,right
9.950340,783.990872,0.629370,0.574803,G5,right
10.199990,622.253967,0.220280,0.511811,D#5,right
10.199990,830.609395,0.348251,0.582677,G#5,right
10.420269,138.591315,0.446853,0.527559,C#3,left
10.420269,622.253967,0.767831,0.535433,D#5,right
10.420269,932.327523,0.704894,0.566929,A#5,right
10.548241,830.609395,0.799300,0.566929,G#5,right
10.642647,69.295658,0.513985,0.472441,C#2,left
10.867122,138.591315,0.320979,0.559055,C#3,left
11.089499,65.406391,0.482517,0.527559,C2,left
11.089499,466.163762,1.319579,0.559055,A#4,right
11.089499,783.990872,0.258042,0.543307,G5,right
11.347541,130.812783,0.446853,0.551181,C3,left
11.347541,783.990872,0.224475,0.582677,G5,right
11.572016,65.406391,1.386712,0.519685,C2,left
11.572016,783.990872,0.448951,0.566929,G5,right
11.794394,130.812783,0.480419,0.543307,C3,left
11.794394,622.253967,1.164335,0.566929,D#5,right
12.020967,783.990872,0.352447,0.582677,G5,right
12.274813,130.812783,0.459440,0.551181,C3,left
12.274813,830.609395,0.683915,0.598425,G#5,right
12.373414,783.990872,0.967132,0.574803,G5,right
12.409078,466.163762,0.866433,0.480315,A#4,right
12.734253,130.812783,0.287412,0.566929,C3,left
12.958728,87.307058,0.255944,0.519685,F2,left
12.958728,622.253967,0.287412,0.503937,D#5,right
12.958728,830.609395,0.255944,0.574803,G#5,right
13.214672,87.307058,0.218182,0.511811,F2,left
13.214672,174.614116,0.467832,0.503937,F3,left
13.214672,830.609395,0.218182,0.551181,G#5,right
13.246141,622.253967,0.216084,0.488189,D#5,right
13.432854,87.307058,0.602097,0.488189,F2,left
13.432854,830.609395,0.474125,0.559055,G#5,right
13.462224,622.253967,0.220280,0.503937,D#5,right
13.682504,174.614116,0.448951,0.527559,F3,left
13.682504,622.253967,0.224475,0.527559,D#5,right
13.682504,783.990872,0.899999,0.574803,G5,right
13.906979,622.253967,0.224475,0.472441,D#5,right
13.906979,830.609395,0.352447,0.566929,G#5,right
14.034951,87.307058,0.096503,0.527559,F2,left
14.131454,87.307058,0.224475,0.519685,F2,left
14.131454,174.614116,0.451049,0.519685,F3,left
14.131454,622.253967,0.681817,0.535433,D#5,right
14.131454,932.327523,0.193007,0.559055,A#5,right
14.259426,830.609395,0.553846,0.566929,G#5,right
14.355930,87.307058,0.258042,0.503937,F2,left
14.582503,174.614116,0.295804,0.527559,F3,left
14.613971,87.307058,0.264335,0.496063,F2,left
0.044056,69.295658,0.511888,0.503937,C#2,left
0.044056,622.253967,0.255944,0.535433,D#5,right
0.044056,830.609395,0.255944,0.566929,G#5,right
0.300000,138.591315,0.444755,0.527559,C#3,left
0.300000,277.182631,0.065035,0.527559,C#4,right
0.300000,622.253967,0.224475,0.527559,D#5,right
0.300000,830.609395,0.224475,0.566929,G#5,right
0.524475,622.253967,0.220280,0.519685,D#5,right
0.524475,830.609395,0.442657,0.566929,G#5,right
0.555943,69.295658,0.885314,0.448819,C#2,left
0.744755,138.591315,0.474125,0.527559,C#3,left
0.744755,622.253967,0.222377,0.543307,D#5,right
0.744755,783.990872,0.537062,0.582677,G5,right
0.967132,622.253967,0.251748,0.503937,D#5,right
0.967132,830.609395,0.379720,0.582677,G#5,right
1.218880,138.591315,0.446853,0.535433,C#3,left
1.218880,622.253967,0.671328,0.543307,D#5,right
1.218880,932.327523,0.702797,0.566929,A#5,right
1.346852,830.609395,0.543356,0.574803,G#5,right
1.441257,69.295658,0.929370,0.480315,C#2,left
1.665733,138.591315,0.480419,0.559055,C#3,left
1.890208,622.253967,0.255944,0.519685,D#5,right
1.890208,830.609395,0.255944,0.559055,G#5,right
2.146152,138.591315,0.446853,0.535433,C#3,left
2.146152,622.253967,0.224475,0.519685,D#5,right
2.146152,830.609395,0.224475,0.566929,G#5,right
2.370627,69.295658,0.574825,0.472441,C#2,left
2.370627,622.253967,0.222377,0.511811,D#5,right
2.370627,830.609395,0.448951,0.566929,G#5,right
2.370627,1244.507935,0.031468,0.535433,D#6,right
2.593004,138.591315,0.448951,0.519685,C#3,left
2.593004,622.253967,0.226573,0.543307,D#5,right
2.593004,783.990872,0.161538,0.582677,G5,right
2.819578,622.253967,0.253846,0.511811,D#5,right
2.819578,830.609395,0.352447,0.582677,G#5,right
2.945452,69.295658,0.354545,0.448819,C#2,left
3.041955,138.591315,0.486713,0.527559,C#3,left
3.073424,622.253967,0.715384,0.535433,D#5,right
3.073424,932.327523,0.683915,0.566929,A#5,right
3.172025,830.609395,1.726572,0.566929,G#5,right
3.299997,69.295658,0.488811,0.480315,C#2,left
3.528668,138.591315,0.323077,0.559055,C#3,left
3.723773,65.406391,0.511888,0.527559,C2,left
3.723773,783.990872,0.258042,0.582677,G5,right
3.757339,466.163762,1.269230,0.559055,A#4,right
3.981814,130.812783,0.474125,0.543307,C3,left
3.981814,783.990872,0.253846,0.574803,G5,right
4.235660,65.406391,1.367831,0.519685,C2,left
4.235660,783.990872,0.438461,0.559055,G5,right
4.424471,622.253967,1.179020,0.559055,D#5,right
4.455940,130.812783,0.442657,0.535433,C3,left
4.674121,783.990872,0.352447,0.590551,G5,right
4.898597,130.812783,0.480419,0.551181,C3,left
4.898597,830.609395,0.704894,0.606299,G#5,right
5.026568,466.163762,0.893705,0.496063,A#4,right
5.026568,783.990872,0.960838,0.566929,G5,right
5.379016,130.812783,0.287412,0.574803,C3,left
5.603491,87.307058,0.253846,0.527559,F2,left
5.603491,622.253967,0.253846,0.519685,D#5,right
5.603491,830.609395,0.253846,0.566929,G#5,right
5.857337,87.307058,0.224475,0.519685,F2,left
5.857337,174.614116,0.476223,0.511811,F3,left
5.857337,622.253967,0.224475,0.496063,D#5,right
5.857337,830.609395,0.224475,0.559055,G#5,right
6.081812,87.307058,0.564335,0.503937,F2,left
6.081812,622.253967,0.251748,0.511811,D#5,right
6.081812,830.609395,0.440559,0.559055,G#5,right
6.302092,783.990872,0.899999,0.574803,G5,right
6.333560,174.614116,0.444755,0.527559,F3,left
6.333560,622.253967,0.220280,0.519685,D#5,right
6.522371,830.609395,0.354545,0.566929,G#5,right
6.553840,622.253967,0.224475,0.480315,D#5,right
6.646147,87.307058,0.360839,0.527559,F2,left
6.778315,174.614116,0.457342,0.519685,F3,left
6.778315,622.253967,0.935663,0.527559,D#5,right
6.778315,932.327523,0.065035,0.551181,A#5,right
6.876916,830.609395,1.252446,0.566929,G#5,right
7.006986,87.307058,0.228671,0.503937,F2,left
7.235657,87.307058,0.669230,0.496063,F2,left
7.235657,174.614116,0.350349,0.519685,F3,left
7.458035,69.295658,0.478321,0.551181,C#2,left
7.458035,261.625565,0.255944,0.582677,C4,right
7.458035,349.228231,0.224475,0.606299,F4,right
7.682510,349.228231,0.320979,0.543307,F4,right
7.713978,138.591315,0.383916,0.496063,C#3,left
7.713978,261.625565,0.289510,0.511811,C4,right
7.936356,415.304698,0.451049,0.582677,G#4,right
8.034957,69.295658,0.094406,0.496063,C#2,left
8.162929,138.591315,0.383916,0.535433,C#3,left
8.387404,69.295658,0.094406,0.535433,C#2,left
8.387404,415.304698,0.354545,0.551181,G#4,right
8.481810,311.126984,0.130070,0.559055,D#4,right
8.611880,138.591315,0.197203,0.543307,C#3,left
8.741949,415.304698,0.455244,0.582677,G#4,right
8.939152,69.295658,0.127972,0.535433,C#2,left
8.972718,466.163762,0.127972,0.590551,A#4,right
9.100690,138.591315,0.255944,0.551181,C#3,left
9.197194,415.304698,0.599999,0.574803,G#4,right
9.293697,69.295658,0.503496,0.543307,C#2,left
9.293697,261.625565,0.287412,0.582677,C4,right
9.293697,349.228231,0.253846,0.598425,F4,right
9.547543,349.228231,0.249650,0.535433,F4,right
9.581109,261.625565,0.310489,0.496063,C4,right
9.797193,415.304698,0.094406,0.590551,G#4,right
9.891599,69.295658,0.062937,0.511811,C#2,left
9.891599,415.304698,0.711188,0.551181,G#4,right
10.019570,138.591315,0.390209,0.527559,C#3,left
10.244046,69.295658,0.062937,0.535433,C#2,left
10.340549,311.126984,0.134266,0.551181,D#4,right
10.474815,138.591315,0.159440,0.551181,C#3,left
10.602787,415.304698,0.251748,0.590551,G#4,right
10.793695,69.295658,0.123776,0.527559,C#2,left
10.793695,466.163762,0.247552,0.582677,A#4,right
10.917472,138.591315,0.155245,0.551181,C#3,left
11.041248,415.304698,0.576923,0.582677,G#4,right
11.137751,65.406391,0.255944,0.559055,C2,left
11.137751,130.812783,0.255944,0.574803,C3,left
11.137751,233.081881,0.127972,0.559055,A#3,left
11.137751,329.627557,0.255944,0.598425,E4,right
11.393695,65.406391,0.258042,0.448819,C2,left
11.393695,130.812783,0.258042,0.496063,C3,left
11.393695,233.081881,0.258042,0.535433,A#3,left
11.393695,329.627557,0.289510,0.511811,E4,right
11.618170,415.304698,0.127972,0.582677,G#4,right
11.746142,65.406391,0.062937,0.511811,C2,left
11.746142,130.812783,0.094406,0.496063,C3,left
11.746142,415.304698,0.323077,0.543307,G#4,right
11.840548,130.812783,0.132168,0.551181,C3,left
12.069219,65.406391,0.130070,0.527559,C2,left
12.069219,415.304698,0.392307,0.543307,G#4,right
12.199288,311.126984,0.165734,0.566929,D#4,right
12.329358,130.812783,0.100699,0.543307,C3,left
12.461526,415.304698,0.253846,0.574803,G#4,right
12.652435,65.406391,0.094406,0.511811,C2,left
12.652435,466.163762,0.287412,0.574803,A#4,right
12.782505,130.812783,0.125874,0.551181,C3,left
12.908379,415.304698,0.159440,0.574803,G#4,right
13.004882,87.307058,0.253846,0.503937,F2,left
13.004882,261.625565,0.285314,0.559055,C4,right
13.258728,87.307058,0.337762,0.535433,F2,left
13.290197,174.614116,0.243356,0.511811,F3,left
13.290197,261.625565,0.432167,0.527559,C4,right
13.502084,415.304698,0.123776,0.582677,G#4,right
13.596490,87.307058,0.125874,0.503937,F2,left
13.625861,415.304698,0.327272,0.559055,G#4,right
13.690895,174.614116,0.293706,0.511811,F3,left
13.816769,466.163762,0.270629,0.559055,A#4,right
13.953133,87.307058,0.134266,0.519685,F2,left
13.953133,523.251131,0.134266,0.551181,C5,right
14.051734,554.365262,0.295804,0.535433,C#5,right
14.186000,174.614116,0.195105,0.511811,F3,left
14.284601,523.251131,0.287412,0.527559,C5,right
14.509076,87.307058,0.127972,0.527559,F2,left
14.509076,466.163762,0.159440,0.574803,A#4,right
14.637048,174.614116,0.190909,0.519685,F3,left
14.637048,415.304698,0.222377,0.566929,G#4,right
0.090210,69.295658,0.534965,0.551181,C#2,left
0.090210,261.625565,0.597901,0.590551,C4,right
0.090210,349.228231,0.247552,0.606299,F4,right
0.337762,349.228231,0.287412,0.535433,F4,right
0.560139,415.304698,0.127972,0.582677,G#4,right
0.688111,69.295658,0.062937,0.527559,C#2,left
0.688111,415.304698,0.545454,0.559055,G#4,right
0.818181,138.591315,0.285314,0.535433,C#3,left
1.040558,69.295658,0.062937,0.535433,C#2,left
1.134964,311.126984,0.130070,0.559055,D#4,right
1.265034,138.591315,0.159440,0.543307,C#3,left
1.393006,415.304698,0.255944,0.574803,G#4,right
1.586012,69.295658,0.190909,0.527559,C#2,left
1.586012,466.163762,0.127972,0.590551,A#4,right
1.713984,138.591315,0.094406,0.535433,C#3,left
1.713984,466.163762,0.287412,0.543307,A#4,right
1.839858,415.304698,0.127972,0.574803,G#4,right
1.936362,69.295658,0.513985,0.543307,C#2,left
1.936362,261.625565,0.255944,0.590551,C4,right
1.936362,349.228231,0.224475,0.590551,F4,right
2.160837,349.228231,0.289510,0.527559,F4,right
2.192305,261.625565,0.383916,0.503937,C4,right
2.416781,415.304698,0.448951,0.598425,G#4,right
2.544753,69.295658,0.062937,0.511811,C#2,left
2.641256,138.591315,0.352447,0.535433,C#3,left
2.865731,69.295658,0.127972,0.535433,C#2,left
2.865731,415.304698,0.159440,0.551181,G#4,right
2.993703,311.126984,0.125874,0.559055,D#4,right
3.088109,138.591315,0.193007,0.543307,C#3,left
3.218179,415.304698,0.312587,0.574803,G#4,right
3.438458,69.295658,0.157342,0.527559,C#2,left
3.438458,466.163762,0.123776,0.590551,A#4,right
3.562234,138.591315,0.188811,0.543307,C#3,left
3.562234,466.163762,0.283216,0.527559,A#4,right
3.656640,415.304698,0.608391,0.582677,G#4,right
3.751045,329.627557,0.287412,0.598425,E4,right
3.782514,65.406391,0.255944,0.551181,C2,left
3.782514,130.812783,0.255944,0.574803,C3,left
3.782514,233.081881,0.094406,0.566929,A#3,left
4.006989,233.081881,0.258042,0.535433,A#3,left
4.038457,65.406391,0.262238,0.448819,C2,left
4.038457,130.812783,0.262238,0.496063,C3,left
4.038457,329.627557,0.262238,0.511811,E4,right
4.265031,415.304698,0.455244,0.582677,G#4,right
4.363632,65.406391,0.100699,0.511811,C2,left
4.399296,130.812783,0.031468,0.496063,C3,left
4.497898,130.812783,0.125874,0.543307,C3,left
4.720275,65.406391,0.096503,0.527559,C2,left
4.720275,415.304698,0.352447,0.543307,G#4,right
4.816778,311.126984,0.159440,0.559055,D#4,right
4.944750,130.812783,0.127972,0.559055,C3,left
5.072722,415.304698,0.320979,0.574803,G#4,right
5.297198,65.406391,0.096503,0.511811,C2,left
5.297198,466.163762,0.289510,0.574803,A#4,right
5.393701,130.812783,0.125874,0.543307,C3,left
5.519575,415.304698,0.193007,0.566929,G#4,right
5.649645,87.307058,0.253846,0.503937,F2,left
5.649645,261.625565,0.702797,0.566929,C4,right
5.649645,311.126984,0.736363,0.559055,D#4,right
5.649645,523.251131,0.767831,0.574803,C5,right
5.681113,174.614116,0.031468,0.511811,F3,left
5.903491,87.307058,0.352447,0.527559,F2,left
5.903491,174.614116,0.258042,0.511811,F3,left
6.130064,415.304698,0.125874,0.574803,G#4,right
6.255938,87.307058,0.161538,0.519685,F2,left
6.255938,415.304698,0.352447,0.551181,G#4,right
6.352441,174.614116,0.193007,0.511811,F3,left
6.482511,466.163762,0.253846,0.559055,A#4,right
6.576917,87.307058,0.127972,0.527559,F2,left
6.576917,523.251131,0.127972,0.551181,C5,right
6.608385,261.625565,0.096503,0.511811,C4,right
6.704888,554.365262,0.285314,0.527559,C#5,right
6.801392,174.614116,0.218182,0.503937,F3,left
6.927266,523.251131,0.281119,0.527559,C5,right
7.143350,87.307058,0.127972,0.519685,F2,left
7.143350,466.163762,0.159440,0.566929,A#4,right
7.271321,174.614116,0.159440,0.511811,F3,left
7.271321,415.304698,0.222377,0.566929,G#4,right
7.493699,69.295658,0.520279,0.559055,C#2,left
7.493699,261.625565,0.258042,0.598425,C4,right
7.493699,349.228231,0.224475,0.598425,F4,right
7.718174,349.228231,0.295804,0.535433,F4,right
7.751741,261.625565,0.295804,0.503937,C4,right
7.982509,415.304698,0.258042,0.590551,G#4,right
8.079013,69.295658,0.098601,0.503937,C#2,left
8.209083,138.591315,0.320979,0.527559,C#3,left
8.240551,415.304698,0.193007,0.551181,G#4,right
8.433558,69.295658,0.096503,0.535433,C#2,left
8.433558,415.304698,0.352447,0.551181,G#4,right
8.561530,311.126984,0.125874,0.551181,D#4,right
8.655935,138.591315,0.161538,0.535433,C#3,left
8.786005,415.304698,0.457342,0.582677,G#4,right
9.012578,69.295658,0.132168,0.527559,C#2,left
9.012578,466.163762,0.264335,0.590551,A#4,right
9.144746,138.591315,0.065035,0.543307,C#3,left
9.243347,415.304698,0.602097,0.574803,G#4,right
9.339851,69.295658,0.505594,0.543307,C#2,left
9.339851,261.625565,0.629370,0.590551,C4,right
9.339851,349.228231,0.255944,0.590551,F4,right
9.595795,349.228231,0.281119,0.535433,F4,right
9.845445,415.304698,0.092308,0.590551,G#4,right
9.937752,69.295658,0.065035,0.511811,C#2,left
9.937752,415.304698,0.713286,0.559055,G#4,right
10.065724,138.591315,0.356643,0.535433,C#3,left
10.290199,69.295658,0.062937,0.527559,C#2,left
10.390899,311.126984,0.130070,0.551181,D#4,right
10.520969,138.591315,0.193007,0.535433,C#3,left
10.651038,415.304698,0.446853,0.582677,G#4,right
10.844045,69.295658,0.127972,0.527559,C#2,left
10.844045,466.163762,0.285314,0.574803,A#4,right
10.972017,138.591315,0.157342,0.543307,C#3,left
11.097891,415.304698,0.568531,0.582677,G#4,right
11.194394,65.406391,0.247552,0.551181,C2,left
11.194394,130.812783,0.247552,0.566929,C3,left
11.194394,233.081881,0.123776,0.559055,A#3,left
11.194394,329.627557,0.247552,0.598425,E4,right
11.441947,65.406391,0.255944,0.440945,C2,left
11.441947,130.812783,0.255944,0.496063,C3,left
11.441947,233.081881,0.224475,0.527559,A#3,left
11.441947,329.627557,0.287412,0.519685,E4,right
11.666422,415.304698,0.125874,0.590551,G#4,right
11.792296,65.406391,0.096503,0.503937,C2,left
11.792296,415.304698,0.704894,0.543307,G#4,right
11.888799,130.812783,0.127972,0.551181,C3,left
12.113275,65.406391,0.127972,0.527559,C2,left
12.241246,311.126984,0.161538,0.566929,D#4,right
12.367120,130.812783,0.098601,0.543307,C3,left
12.497190,415.304698,0.320979,0.574803,G#4,right
12.688099,65.406391,0.098601,0.511811,C2,left
12.688099,466.163762,0.289510,0.566929,A#4,right
12.818169,130.812783,0.125874,0.551181,C3,left
12.944043,415.304698,0.157342,0.566929,G#4,right
13.040546,87.307058,0.247552,0.503937,F2,left
13.069917,261.625565,0.669230,0.566929,C4,right
13.069917,523.251131,0.834964,0.574803,C5,right
13.288099,87.307058,0.352447,0.527559,F2,left
13.321665,174.614116,0.255944,0.511811,F3,left
13.541944,415.304698,0.134266,0.582677,G#4,right
13.640546,87.307058,0.163636,0.519685,F2,left
13.676210,415.304698,0.360839,0.559055,G#4,right
13.772714,174.614116,0.197203,0.519685,F3,left
13.869217,466.163762,0.300000,0.566929,A#4,right
14.005580,87.307058,0.132168,0.527559,F2,left
14.005580,523.251131,0.132168,0.543307,C5,right
14.104182,554.365262,0.291608,0.535433,C#5,right
14.232154,174.614116,0.195105,0.511811,F3,left
14.330755,523.251131,0.289510,0.527559,C5,right
14.555230,87.307058,0.159440,0.519685,F2,left
14.555230,466.163762,0.159440,0.574803,A#4,right
14.683202,174.614116,0.193007,0.511811,F3,left
14.683202,415.304698,0.255944,0.566929,G#4,right
0.138461,69.295658,0.532867,0.559055,C#2,left
0.138461,261.625565,0.285314,0.598425,C4,right
0.138461,349.228231,0.249650,0.606299,F4,right
0.388112,349.228231,0.283216,0.535433,F4,right
0.423776,261.625565,0.279021,0.503937,C4,right
0.639860,415.304698,0.094406,0.590551,G#4,right
0.734265,69.295658,0.065035,0.519685,C#2,left
0.734265,415.304698,0.704894,0.559055,G#4,right
0.864335,138.591315,0.287412,0.543307,C#3,left
1.086712,69.295658,0.065035,0.527559,C#2,left
1.183216,311.126984,0.130070,0.551181,D#4,right
1.313285,138.591315,0.157342,0.543307,C#3,left
1.439159,415.304698,0.289510,0.590551,G#4,right
1.632166,69.295658,0.127972,0.535433,C#2,left
1.632166,466.163762,0.255944,0.582677,A#4,right
1.760138,138.591315,0.094406,0.551181,C#3,left
1.888110,415.304698,0.159440,0.574803,G#4,right
1.982515,69.295658,0.513985,0.535433,C#2,left
1.982515,261.625565,0.258042,0.590551,C4,right
1.982515,349.228231,0.258042,0.598425,F4,right
2.240557,261.625565,0.350349,0.503937,C4,right
2.240557,349.228231,0.287412,0.543307,F4,right
2.465032,415.304698,0.125874,0.590551,G#4,right
2.590906,69.295658,0.065035,0.511811,C#2,left
2.590906,415.304698,0.127972,0.551181,G#4,right
2.687410,138.591315,0.352447,0.535433,C#3,left
2.718878,415.304698,0.193007,0.551181,G#4,right
2.911885,69.295658,0.096503,0.527559,C#2,left
2.911885,415.304698,0.350349,0.551181,G#4,right
3.039857,311.126984,0.127972,0.551181,D#4,right
3.167829,138.591315,0.155245,0.559055,C#3,left
3.262234,415.304698,0.440559,0.582677,G#4,right
3.478318,69.295658,0.127972,0.527559,C#2,left
3.478318,466.163762,0.255944,0.582677,A#4,right
3.606290,138.591315,0.127972,0.551181,C#3,left
3.702793,415.304698,0.606293,0.574803,G#4,right
3.828668,65.406391,0.258042,0.551181,C2,left
3.828668,130.812783,0.258042,0.574803,C3,left
3.828668,233.081881,0.127972,0.566929,A#3,left
3.828668,329.627557,0.258042,0.598425,E4,right
4.053143,233.081881,0.255944,0.527559,A#3,left
4.086709,65.406391,0.222377,0.456693,C2,left
4.086709,130.812783,0.222377,0.503937,C3,left
4.086709,329.627557,0.253846,0.519685,E4,right
4.309087,415.304698,0.130070,0.582677,G#4,right
4.407688,65.406391,0.096503,0.496063,C2,left
4.439156,415.304698,0.327272,0.535433,G#4,right
4.537758,130.812783,0.098601,0.551181,C3,left
4.766429,65.406391,0.098601,0.527559,C2,left
4.766429,415.304698,0.352447,0.551181,G#4,right
4.896499,311.126984,0.159440,0.559055,D#4,right
4.990904,130.812783,0.127972,0.543307,C3,left
5.118876,415.304698,0.480419,0.574803,G#4,right
5.343351,65.406391,0.096503,0.519685,C2,left
5.343351,466.163762,0.289510,0.574803,A#4,right
5.439855,130.812783,0.127972,0.551181,C3,left
5.599295,415.304698,0.193007,0.566929,G#4,right
5.695799,87.307058,0.255944,0.496063,F2,left
5.695799,261.625565,0.702797,0.566929,C4,right
5.695799,311.126984,0.287412,0.551181,D#4,right
5.695799,391.995436,0.031468,0.551181,G4,right
5.727267,174.614116,0.033566,0.503937,F3,left
5.951742,87.307058,0.350349,0.535433,F2,left
5.951742,174.614116,0.287412,0.511811,F3,left
5.983211,311.126984,0.448951,0.503937,D#4,right
6.176218,415.304698,0.125874,0.574803,G#4,right
6.302092,87.307058,0.161538,0.519685,F2,left
6.302092,415.304698,0.096503,0.551181,G#4,right
6.398595,174.614116,0.255944,0.511811,F3,left
6.398595,415.304698,0.255944,0.535433,G#4,right
6.528665,466.163762,0.253846,0.559055,A#4,right
6.623070,87.307058,0.159440,0.527559,F2,left
6.623070,523.251131,0.159440,0.551181,C5,right
6.654539,261.625565,0.096503,0.511811,C4,right
6.751042,554.365262,0.289510,0.527559,C#5,right
6.847546,174.614116,0.224475,0.511811,F3,left
6.975517,523.251131,0.289510,0.519685,C5,right
7.197895,87.307058,0.130070,0.519685,F2,left
7.197895,466.163762,0.161538,0.574803,A#4,right
7.327965,174.614116,0.220280,0.511811,F3,left
7.327965,415.304698,0.287412,0.559055,G#4,right
7.548244,69.295658,0.096503,0.519685,C#2,left
7.548244,622.253967,0.344056,0.527559,D#5,right
7.548244,830.609395,0.954545,0.566929,G#5,right
7.799992,138.591315,0.444755,0.535433,C#3,left
7.799992,277.182631,0.031468,0.527559,C#4,right
8.022370,415.304698,0.446853,0.574803,G#4,right
8.150341,69.295658,0.352447,0.472441,C#2,left
8.244747,138.591315,0.446853,0.519685,C#3,left
8.244747,277.182631,0.062937,0.511811,C#4,right
8.469222,415.304698,0.927272,0.559055,G#4,right
8.502789,69.295658,2.760836,0.440945,C#2,left
8.502789,830.609395,0.188811,0.527559,G#5,right
8.691600,138.591315,0.480419,0.511811,C#3,left
8.691600,830.609395,0.480419,0.543307,G#5,right
8.725166,622.253967,0.446853,0.488189,D#5,right
8.949641,311.126984,0.287412,0.559055,D#4,right
9.172019,138.591315,0.451049,0.527559,C#3,left
9.172019,622.253967,0.929370,0.511811,D#5,right
9.172019,830.609395,0.224475,0.574803,G#5,right
9.396494,207.652349,0.033566,0.440945,G#3,left
9.396494,415.304698,0.927272,0.566929,G#4,right
9.396494,830.609395,0.704894,0.543307,G#5,right
9.623067,138.591315,0.478321,0.527559,C#3,left
9.654536,277.182631,0.031468,0.503937,C#4,right
9.876913,311.126984,1.386712,0.559055,D#4,right
10.101388,138.591315,0.453146,0.519685,C#3,left
10.101388,622.253967,0.484615,0.519685,D#5,right
10.101388,830.609395,0.255944,0.574803,G#5,right
10.323766,415.304698,1.357341,0.559055,G#4,right
10.357332,830.609395,0.197203,0.535433,G#5,right
10.554535,138.591315,0.453146,0.519685,C#3,left
10.554535,830.609395,0.228671,0.535433,G#5,right
10.586003,622.253967,0.742657,0.480315,D#5,right
10.783206,830.609395,0.448951,0.519685,G#5,right
10.816772,466.163762,0.480419,0.551181,A#4,right
11.007681,138.591315,0.255944,0.519685,C#3,left
11.232157,65.406391,0.606293,0.511811,C2,left
11.232157,523.251131,0.958740,0.543307,C5,right
11.232157,659.255114,0.480419,0.582677,E5,right
11.232157,830.609395,0.255944,0.527559,G#5,right
11.488100,130.812783,0.478321,0.566929,C3,left
11.488100,830.609395,0.224475,0.551181,G#5,right
11.712576,554.365262,1.214684,0.551181,C#5,right
11.712576,659.255114,0.253846,0.543307,E5,right
11.712576,830.609395,0.222377,0.511811,G#5,right
11.838450,65.406391,0.320979,0.511811,C2,left
11.934953,830.609395,0.224475,0.543307,G#5,right
11.966422,130.812783,0.451049,0.535433,C3,left
11.966422,659.255114,0.451049,0.559055,E5,right
12.159428,65.406391,0.923076,0.543307,C2,left
12.159428,830.609395,0.222377,0.543307,G#5,right
12.190897,523.251131,0.986013,0.559055,C5,right
12.381806,830.609395,0.482517,0.535433,G#5,right
12.417470,130.812783,0.478321,0.551181,C3,left
12.417470,659.255114,0.222377,0.559055,E5,right
12.639848,466.163762,0.537062,0.551181,A#4,right
12.639848,659.255114,0.255944,0.543307,E5,right
12.864323,830.609395,0.312587,0.535433,G#5,right
12.895791,130.812783,0.281119,0.543307,C3,left
12.895791,659.255114,2.133564,0.574803,E5,right
13.082504,622.253967,0.283216,0.527559,D#5,right
13.082504,783.990872,0.253846,0.559055,G5,right
13.113973,87.307058,0.251748,0.543307,F2,left
13.113973,415.304698,0.795104,0.582677,G#4,right
13.336350,783.990872,0.251748,0.527559,G5,right
13.365721,87.307058,0.320979,0.503937,F2,left
13.365721,174.614116,0.031468,0.519685,F3,left
13.365721,622.253967,0.222377,0.488189,D#5,right
13.588098,622.253967,0.255944,0.456693,D#5,right
13.588098,783.990872,0.224475,0.543307,G5,right
13.686700,87.307058,0.350349,0.496063,F2,left
13.812574,174.614116,0.927272,0.519685,F3,left
13.812574,783.990872,0.448951,0.535433,G5,right
13.844042,622.253967,0.193007,0.488189,D#5,right
14.037049,87.307058,0.576923,0.496063,F2,left
14.037049,622.253967,0.255944,0.543307,D#5,right
14.261524,783.990872,0.224475,0.566929,G5,right
14.292993,622.253967,0.193007,0.511811,D#5,right
14.485999,622.253967,0.253846,0.456693,D#5,right
14.485999,783.990872,0.222377,0.551181,G5,right
14.613971,87.307058,0.383916,0.511811,F2,left
14.708377,783.990872,0.289510,0.535433,G5,right
14.739845,174.614116,0.193007,0.511811,F3,left
14.739845,622.253967,0.482517,0.488189,D#5,right
0.163636,830.609395,0.480419,0.590551,G#5,right
0.195105,69.295658,0.576923,0.488189,C#2,left
0.195105,415.304698,1.833565,0.566929,G#4,right
0.419580,138.591315,0.448951,0.527559,C#3,left
0.453146,622.253967,0.190909,0.496063,D#5,right
0.644055,622.253967,0.478321,0.440945,D#5,right
0.644055,830.609395,0.706992,0.519685,G#5,right
0.772027,69.295658,0.350349,0.464567,C#2,left
0.868531,138.591315,0.482517,0.527559,C#3,left
0.899999,277.182631,0.031468,0.519685,C#4,right
1.122377,69.295658,0.589510,0.433071,C#2,left
1.122377,622.253967,0.906293,0.551181,D#5,right
1.351048,138.591315,0.455244,0.535433,C#3,left
1.351048,830.609395,0.228671,0.566929,G#5,right
1.579719,830.609395,0.226573,0.527559,G#5,right
1.711886,69.295658,0.094406,0.456693,C#2,left
1.806292,69.295658,0.258042,0.496063,C#2,left
1.806292,138.591315,0.320979,0.519685,C#3,left
1.806292,830.609395,0.704894,0.535433,G#5,right
2.028669,415.304698,0.929370,0.566929,G#4,right
2.028669,622.253967,0.289510,0.535433,D#5,right
2.064334,69.295658,0.574825,0.440945,C#2,left
2.286711,138.591315,0.478321,0.551181,C#3,left
2.318180,622.253967,0.193007,0.480315,D#5,right
2.511186,622.253967,0.702797,0.448819,D#5,right
2.511186,830.609395,0.446853,0.519685,G#5,right
2.639158,69.295658,0.352447,0.464567,C#2,left
2.765032,138.591315,0.417482,0.527559,C#3,left
2.958039,415.304698,1.791607,0.566929,G#4,right
2.958039,830.609395,0.224475,0.535433,G#5,right
2.991605,69.295658,0.566433,0.448819,C#2,left
3.182514,138.591315,0.469930,0.519685,C#3,left
3.182514,830.609395,0.469930,0.543307,G#5,right
3.213983,622.253967,0.438461,0.464567,D#5,right
3.434262,311.126984,0.060839,0.559055,D#4,right
3.558038,69.295658,0.316783,0.496063,C#2,left
3.652444,138.591315,0.255944,0.535433,C#3,left
3.652444,622.253967,0.287412,0.519685,D#5,right
3.652444,830.609395,0.222377,0.574803,G#5,right
3.874821,65.406391,0.065035,0.519685,C2,left
3.874821,523.251131,0.937761,0.543307,C5,right
3.874821,659.255114,0.486713,0.582677,E5,right
3.874821,830.609395,0.260140,0.551181,G#5,right
4.134961,130.812783,0.455244,0.566929,C3,left
4.134961,830.609395,0.193007,0.551181,G#5,right
4.327968,554.365262,0.711188,0.551181,C#5,right
4.327968,830.609395,0.484615,0.519685,G#5,right
4.361534,659.255114,0.228671,0.543307,E5,right
4.462233,65.406391,0.127972,0.503937,C2,left
4.590205,65.406391,0.222377,0.519685,C2,left
4.590205,130.812783,0.448951,0.543307,C3,left
4.590205,659.255114,0.480419,0.559055,E5,right
4.812583,65.406391,0.897901,0.535433,C2,left
4.812583,523.251131,1.057342,0.551181,C5,right
4.812583,830.609395,0.226573,0.535433,G#5,right
5.039156,130.812783,0.478321,0.551181,C3,left
5.039156,830.609395,0.478321,0.535433,G#5,right
5.070624,659.255114,0.193007,0.566929,E5,right
5.263631,659.255114,0.253846,0.543307,E5,right
5.295100,466.163762,0.480419,0.551181,A#4,right
5.517477,130.812783,0.224475,0.543307,C3,left
5.517477,659.255114,0.383916,0.566929,E5,right
5.517477,830.609395,0.415384,0.535433,G#5,right
5.741952,87.307058,0.127972,0.519685,F2,left
5.741952,261.625565,0.159440,0.566929,C4,right
5.741952,415.304698,0.159440,0.566929,G#4,right
5.775519,311.126984,0.094406,0.543307,D#4,right
6.222371,87.307058,0.096503,0.535433,F2,left
6.222371,261.625565,0.127972,0.551181,C4,right
6.222371,415.304698,0.159440,0.566929,G#4,right
6.669224,87.307058,0.159440,0.535433,F2,left
6.669224,261.625565,0.127972,0.559055,C4,right
6.669224,415.304698,0.159440,0.551181,G#4,right
6.702791,174.614116,0.094406,0.551181,F3,left
6.702791,523.251131,0.094406,0.559055,C5,right
7.143349,87.307058,0.127972,0.551181,F2,left
7.239853,65.406391,0.060839,0.535433,C2,left
7.395098,43.653529,0.033566,0.448819,F1,left
7.586006,69.295658,1.911187,0.496063,C#2,left
7.586006,261.625565,0.291608,0.574803,C4,right
7.586006,349.228231,0.226573,0.559055,F4,right
7.586006,523.251131,1.879718,0.582677,C5,right
7.812580,349.228231,0.264335,0.535433,F4,right
7.844048,138.591315,0.465734,0.527559,C#3,left
7.877614,261.625565,0.199300,0.535433,C4,right
8.076915,261.625565,0.331468,0.527559,C4,right
8.076915,349.228231,0.331468,0.519685,F4,right
8.309782,138.591315,0.929370,0.535433,C#3,left
8.408383,261.625565,0.383916,0.519685,C4,right
8.408383,349.228231,0.352447,0.527559,F4,right
8.538453,466.163762,0.927272,0.566929,A#4,right
8.760830,349.228231,0.224475,0.527559,F4,right
8.792299,261.625565,0.736363,0.543307,C4,right
8.985306,349.228231,0.511888,0.519685,F4,right
8.985306,622.253967,0.511888,0.559055,D#5,right
9.239152,138.591315,0.258042,0.543307,C#3,left
9.432158,65.406391,0.480419,0.543307,C2,left
9.432158,329.627557,0.258042,0.582677,E4,right
9.432158,391.995436,0.258042,0.559055,G4,right
9.465725,523.251131,1.397201,0.574803,C5,right
9.690200,130.812783,0.474125,0.543307,C3,left
9.690200,329.627557,0.253846,0.543307,E4,right
9.690200,391.995436,0.916782,0.511811,G4,right
9.912577,65.406391,0.344056,0.527559,C2,left
9.944046,329.627557,0.662936,0.527559,E4,right
10.164326,130.812783,0.092308,0.559055,C3,left
10.256633,65.406391,0.572727,0.519685,C2,left
10.256633,130.812783,0.125874,0.551181,C3,left
10.382507,130.812783,0.224475,0.488189,C3,left
10.382507,466.163762,0.992307,0.566929,A#4,right
10.606982,130.812783,0.478321,0.551181,C3,left
10.606982,329.627557,0.255944,0.543307,E4,right
10.606982,391.995436,0.704894,0.527559,G4,right
10.829360,65.406391,0.513985,0.511811,C2,left
10.829360,622.253967,0.545454,0.574803,D#5,right
10.862926,329.627557,0.480419,0.511811,E4,right
11.085304,130.812783,0.258042,0.559055,C3,left
11.311877,87.307058,0.253846,0.527559,F2,left
11.311877,311.126984,0.159440,0.566929,D#4,right
11.311877,391.995436,0.253846,0.519685,G4,right
11.565723,87.307058,0.224475,0.503937,F2,left
11.565723,174.614116,0.062937,0.511811,F3,left
11.565723,311.126984,0.929370,0.480315,D#4,right
11.565723,391.995436,0.224475,0.503937,G4,right
11.790198,87.307058,0.352447,0.488189,F2,left
11.790198,391.995436,0.352447,0.503937,G4,right
12.012575,174.614116,0.451049,0.535433,F3,left
12.142645,87.307058,0.222377,0.488189,F2,left
12.142645,391.995436,0.320979,0.511811,G4,right
12.239149,466.163762,0.927272,0.566929,A#4,right
12.365023,87.307058,0.352447,0.511811,F2,left
12.463624,174.614116,0.480419,0.519685,F3,left
12.463624,391.995436,0.222377,0.511811,G4,right
12.495092,311.126984,0.702797,0.503937,D#4,right
12.686001,391.995436,0.576923,0.511811,G4,right
12.686001,523.251131,0.576923,0.574803,C5,right
12.717470,87.307058,0.610489,0.472441,F2,left
12.944043,174.614116,0.318881,0.535433,F3,left
13.166420,77.781746,0.446853,0.543307,D#2,left
13.166420,277.182631,0.446853,0.566929,C#4,right
13.166420,349.228231,0.446853,0.574803,F4,right
13.166420,466.163762,0.933566,0.559055,A#4,right
13.422364,155.563492,0.448951,0.519685,D#3,left
13.613273,77.781746,0.583216,0.480315,D#2,left
13.613273,277.182631,0.520279,0.566929,C#4,right
13.613273,349.228231,0.486713,0.535433,F4,right
13.871315,155.563492,0.293706,0.535433,D#3,left
13.967818,51.913087,1.118181,0.503937,G#1,left
14.099986,261.625565,0.444755,0.559055,C4,right
14.099986,349.228231,0.505594,0.551181,F4,right
14.326559,103.826174,0.472027,0.543307,G#2,left
14.544741,261.625565,0.478321,0.566929,C4,right
14.544741,391.995436,0.446853,0.535433,G4,right
0.029371,103.826174,0.287412,0.535433,G#2,left
0.222377,349.228231,0.375524,0.535433,F4,right
0.222377,391.995436,0.375524,0.551181,G4,right
0.253846,69.295658,1.980418,0.488189,C#2,left
0.253846,261.625565,0.344056,0.527559,C4,right
0.346153,415.304698,0.344056,0.574803,G#4,right
0.474125,138.591315,1.411887,0.535433,C#3,left
0.503496,277.182631,0.031468,0.527559,C#4,right
0.597901,261.625565,0.352447,0.511811,C4,right
0.597901,349.228231,0.352447,0.559055,F4,right
0.597901,391.995436,0.352447,0.543307,G4,right
0.690209,415.304698,0.356643,0.535433,G#4,right
0.950349,261.625565,0.677622,0.519685,C4,right
0.950349,349.228231,0.327272,0.543307,F4,right
0.950349,391.995436,0.358741,0.527559,G4,right
1.046852,415.304698,0.358741,0.535433,G#4,right
1.277621,349.228231,0.350349,0.559055,F4,right
1.309090,391.995436,0.318881,0.535433,G4,right
1.405593,415.304698,0.352447,0.551181,G#4,right
1.627970,261.625565,0.482517,0.519685,C4,right
1.627970,349.228231,0.574825,0.551181,F4,right
1.627970,391.995436,0.574825,0.535433,G4,right
1.758040,415.304698,0.320979,0.535433,G#4,right
1.886012,138.591315,0.255944,0.519685,C#3,left
2.079019,65.406391,0.247552,0.527559,C2,left
2.079019,329.627557,0.373426,0.598425,E4,right
2.079019,415.304698,0.373426,0.582677,G#4,right
2.110487,261.625565,0.341958,0.566929,C4,right
2.234263,466.163762,0.344056,0.543307,A#4,right
2.326571,65.406391,0.220280,0.488189,C2,left
2.326571,130.812783,0.476223,0.559055,C3,left
2.452445,261.625565,0.350349,0.543307,C4,right
2.452445,329.627557,0.350349,0.543307,E4,right
2.452445,415.304698,0.316783,0.590551,G#4,right
2.546851,65.406391,0.354545,0.519685,C2,left
2.578319,466.163762,0.323077,0.551181,A#4,right
2.769228,415.304698,0.358741,0.574803,G#4,right
2.802794,130.812783,0.929370,0.535433,C3,left
2.802794,261.625565,0.356643,0.535433,C4,right
2.802794,329.627557,0.325175,0.543307,E4,right
2.901396,65.406391,0.226573,0.511811,C2,left
2.901396,466.163762,1.405593,0.543307,A#4,right
3.127969,65.406391,0.352447,0.496063,C2,left
3.127969,329.627557,0.352447,0.535433,E4,right
3.127969,415.304698,0.352447,0.582677,G#4,right
3.159437,261.625565,0.352447,0.527559,C4,right
3.480416,65.406391,0.474125,0.519685,C2,left
3.480416,329.627557,0.537062,0.543307,E4,right
3.480416,415.304698,0.505594,0.566929,G#4,right
3.511885,261.625565,0.314685,0.511811,C4,right
3.732164,130.812783,0.253846,0.551181,C3,left
3.923073,87.307058,0.287412,0.488189,F2,left
3.954541,311.126984,0.130070,0.543307,D#4,right
3.954541,391.995436,0.352447,0.527559,G4,right
4.084611,523.251131,0.348251,0.519685,C5,right
4.179017,174.614116,0.480419,0.535433,F3,left
4.210485,87.307058,0.222377,0.511811,F2,left
4.306989,311.126984,0.352447,0.480315,D#4,right
4.306989,391.995436,0.352447,0.496063,G4,right
4.306989,466.163762,0.352447,0.511811,A#4,right
4.432863,87.307058,0.226573,0.496063,F2,left
4.432863,523.251131,0.258042,0.527559,C5,right
4.659436,87.307058,0.320979,0.519685,F2,left
4.659436,174.614116,0.451049,0.535433,F3,left
4.659436,311.126984,0.354545,0.496063,D#4,right
4.659436,391.995436,0.354545,0.511811,G4,right
4.659436,466.163762,0.320979,0.551181,A#4,right
4.690904,523.251131,0.094406,0.535433,C5,right
4.785310,523.251131,0.325175,0.543307,C5,right
4.980415,87.307058,0.394405,0.503937,F2,left
4.980415,466.163762,1.695103,0.551181,A#4,right
5.013981,311.126984,0.839160,0.503937,D#4,right
5.013981,391.995436,0.870629,0.503937,G4,right
5.110484,174.614116,0.453146,0.535433,F3,left
5.110484,523.251131,0.774125,0.551181,C5,right
5.374820,87.307058,0.222377,0.496063,F2,left
5.563631,174.614116,0.289510,0.551181,F3,left
5.563631,349.228231,0.289510,0.566929,F4,right
5.597197,87.307058,0.318881,0.488189,F2,left
5.790204,77.781746,0.474125,0.496063,D#2,left
5.790204,369.994423,0.948251,0.559055,F#4,right
5.790204,698.456463,0.820279,0.559055,F5,right
5.821673,233.081881,0.031468,0.519685,A#3,left
5.821673,554.365262,0.853845,0.519685,C#5,right
6.077616,155.563492,0.438461,0.543307,D#3,left
6.264329,77.781746,0.505594,0.511811,D#2,left
6.264329,622.253967,0.251748,0.543307,D#5,right
6.516077,155.563492,0.253846,0.551181,D#3,left
6.516077,622.253967,0.285314,0.535433,D#5,right
6.610483,51.913087,0.065035,0.519685,G#1,left
6.706986,523.251131,0.937761,0.559055,C5,right
6.738455,369.994423,0.715384,0.527559,F#4,right
6.738455,415.304698,0.683915,0.551181,G#4,right
6.738455,830.609395,0.031468,0.527559,G#5,right
6.965028,103.826174,0.457342,0.551181,G#2,left
7.191601,466.163762,0.486713,0.559055,A#4,right
7.422370,103.826174,0.287412,0.496063,G#2,left
7.422370,415.304698,0.255944,0.543307,G#4,right
7.644748,69.295658,1.930068,0.480315,C#2,left
7.644748,261.625565,0.480419,0.582677,C4,right
7.644748,349.228231,0.224475,0.574803,F4,right
7.644748,523.251131,1.418180,0.551181,C5,right
7.869223,349.228231,0.255944,0.535433,F4,right
7.900691,138.591315,0.448951,0.527559,C#3,left
8.125167,261.625565,0.320979,0.527559,C4,right
8.125167,349.228231,0.320979,0.519685,F4,right
8.349642,138.591315,0.939859,0.527559,C#3,left
8.446145,261.625565,0.392307,0.527559,C4,right
8.446145,349.228231,0.360839,0.527559,F4,right
8.578313,466.163762,0.774125,0.559055,A#4,right
8.806984,349.228231,0.224475,0.543307,F4,right
8.838453,261.625565,0.224475,0.551181,C4,right
9.031459,349.228231,0.511888,0.519685,F4,right
9.062928,261.625565,0.480419,0.503937,C4,right
9.062928,523.251131,0.448951,0.511811,C5,right
9.062928,622.253967,0.159440,0.511811,D#5,right
9.289501,138.591315,0.285314,0.535433,C#3,left
9.480410,65.406391,0.503496,0.543307,C2,left
9.480410,329.627557,0.255944,0.582677,E4,right
9.480410,391.995436,0.820279,0.559055,G4,right
9.511879,523.251131,0.255944,0.574803,C5,right
9.736354,130.812783,0.247552,0.551181,C3,left
9.736354,329.627557,0.247552,0.551181,E4,right
9.983906,65.406391,0.316783,0.527559,C2,left
9.983906,130.812783,0.222377,0.527559,C3,left
9.983906,329.627557,0.348251,0.519685,E4,right
10.206283,130.812783,0.446853,0.551181,C3,left
10.300689,65.406391,0.576923,0.527559,C2,left
10.300689,391.995436,0.352447,0.503937,G4,right
10.332157,329.627557,0.320979,0.527559,E4,right
10.428661,466.163762,0.960838,0.543307,A#4,right
10.653136,130.812783,0.480419,0.559055,C3,left
10.653136,329.627557,0.255944,0.543307,E4,right
10.653136,391.995436,0.704894,0.527559,G4,right
10.877612,65.406391,0.543356,0.503937,C2,left
10.877612,622.253967,0.543356,0.543307,D#5,right
10.909080,329.627557,0.511888,0.519685,E4,right
11.133555,130.812783,0.255944,0.559055,C3,left
11.358031,87.307058,0.253846,0.527559,F2,left
11.358031,311.126984,0.190909,0.566929,D#4,right
11.358031,391.995436,0.253846,0.519685,G4,right
11.358031,523.251131,1.395104,0.543307,C5,right
11.611876,87.307058,0.222377,0.496063,F2,left
11.611876,174.614116,0.190909,0.511811,F3,left
11.611876,311.126984,0.918880,0.488189,D#4,right
11.611876,391.995436,0.222377,0.503937,G4,right
11.834254,87.307058,0.344056,0.480315,F2,left
11.834254,391.995436,0.344056,0.496063,G4,right
12.052436,174.614116,0.446853,0.527559,F3,left
12.178309,87.307058,0.224475,0.480315,F2,left
12.178309,391.995436,0.543356,0.511811,G4,right
12.306281,466.163762,1.871327,0.559055,A#4,right
12.402785,87.307058,0.318881,0.511811,F2,left
12.499288,174.614116,0.482517,0.503937,F3,left
12.530757,311.126984,0.744754,0.503937,D#4,right
12.721666,87.307058,0.652447,0.496063,F2,left
12.721666,391.995436,0.780419,0.527559,G4,right
12.753134,523.251131,0.589510,0.543307,C5,right
12.981805,174.614116,0.327272,0.535433,F3,left
13.210476,77.781746,0.448951,0.535433,D#2,left
13.210476,277.182631,0.448951,0.559055,C#4,right
13.210476,349.228231,0.448951,0.566929,F4,right
13.468518,155.563492,0.448951,0.527559,D#3,left
13.659427,77.781746,0.583216,0.472441,D#2,left
13.659427,277.182631,0.616783,0.566929,C#4,right
13.659427,349.228231,0.486713,0.535433,F4,right
13.917469,155.563492,0.358741,0.535433,D#3,left
14.011874,51.913087,1.120279,0.511811,G#1,left
14.146140,261.625565,0.444755,0.551181,C4,right
14.146140,349.228231,0.478321,0.543307,F4,right
14.402084,103.826174,0.442657,0.551181,G#2,left
14.590895,261.625565,0.478321,0.566929,C4,right
14.590895,391.995436,0.446853,0.543307,G4,right
0.075524,103.826174,0.287412,0.543307,G#2,left
0.268531,349.228231,0.375524,0.535433,F4,right
0.268531,391.995436,0.375524,0.551181,G4,right
0.300000,69.295658,1.944753,0.488189,C#2,left
0.300000,261.625565,0.344056,0.527559,C4,right
0.392307,415.304698,0.344056,0.574803,G#4,right
0.520279,138.591315,0.931468,0.535433,C#3,left
0.549650,277.182631,0.033566,0.527559,C#4,right
0.644055,261.625565,0.352447,0.503937,C4,right
0.644055,349.228231,0.352447,0.551181,F4,right
0.644055,391.995436,0.352447,0.535433,G4,right
0.736363,415.304698,0.356643,0.527559,G#4,right
0.996503,261.625565,0.677622,0.511811,C4,right
0.996503,349.228231,0.329370,0.543307,F4,right
0.996503,391.995436,0.360839,0.527559,G4,right
1.093006,415.304698,0.358741,0.543307,G#4,right
1.325873,349.228231,0.348251,0.559055,F4,right
1.357341,391.995436,0.316783,0.535433,G4,right
1.451747,138.591315,0.448951,0.527559,C#3,left
1.451747,415.304698,0.352447,0.559055,G#4,right
1.674124,261.625565,0.478321,0.527559,C4,right
1.674124,349.228231,0.570629,0.551181,F4,right
1.674124,391.995436,0.539160,0.535433,G4,right
1.804194,415.304698,0.348251,0.535433,G#4,right
1.900697,138.591315,0.312587,0.527559,C#3,left
2.120977,65.406391,0.243356,0.543307,C2,left
2.120977,329.627557,0.369230,0.606299,E4,right
2.152445,261.625565,1.048950,0.559055,C4,right
2.152445,415.304698,0.337762,0.582677,G#4,right
2.274124,466.163762,0.344056,0.543307,A#4,right
2.364333,65.406391,0.253846,0.480315,C2,left
2.364333,130.812783,0.476223,0.551181,C3,left
2.490207,329.627557,0.350349,0.535433,E4,right
2.490207,415.304698,0.350349,0.590551,G#4,right
2.618179,65.406391,0.320979,0.519685,C2,left
2.618179,466.163762,0.320979,0.559055,A#4,right
2.840557,130.812783,0.948251,0.519685,C3,left
2.840557,329.627557,0.329370,0.543307,E4,right
2.840557,415.304698,0.329370,0.574803,G#4,right
2.939158,65.406391,0.262238,0.503937,C2,left
2.939158,466.163762,1.416083,0.535433,A#4,right
3.169927,329.627557,0.360839,0.535433,E4,right
3.169927,415.304698,0.360839,0.582677,G#4,right
3.201395,65.406391,0.329370,0.488189,C2,left
3.201395,261.625565,0.362937,0.535433,C4,right
3.530766,65.406391,0.509790,0.527559,C2,left
3.530766,329.627557,0.541258,0.543307,E4,right
3.530766,415.304698,0.509790,0.566929,G#4,right
3.564332,261.625565,0.318881,0.519685,C4,right
3.788807,130.812783,0.251748,0.543307,C3,left
3.979716,87.307058,0.501398,0.496063,F2,left
4.011185,391.995436,0.344056,0.527559,G4,right
4.137059,523.251131,0.344056,0.511811,C5,right
4.229366,174.614116,0.927272,0.527559,F3,left
4.355240,311.126984,0.704894,0.488189,D#4,right
4.355240,391.995436,0.350349,0.496063,G4,right
4.355240,466.163762,0.350349,0.511811,A#4,right
4.481114,87.307058,0.224475,0.496063,F2,left
4.481114,523.251131,0.255944,0.535433,C5,right
4.705590,87.307058,0.323077,0.511811,F2,left
4.705590,391.995436,0.354545,0.519685,G4,right
4.705590,466.163762,0.354545,0.551181,A#4,right
4.737058,523.251131,0.419580,0.543307,C5,right
5.028666,87.307058,0.392307,0.503937,F2,left
5.060135,311.126984,0.807692,0.519685,D#4,right
5.060135,391.995436,0.839160,0.511811,G4,right
5.060135,466.163762,1.695103,0.551181,A#4,right
5.156638,174.614116,0.455244,0.527559,F3,left
5.156638,523.251131,0.742657,0.551181,C5,right
5.420974,87.307058,0.511888,0.488189,F2,left
5.611882,174.614116,0.287412,0.543307,F3,left
5.611882,349.228231,0.287412,0.566929,F4,right
5.836358,77.781746,0.480419,0.496063,D#2,left
5.836358,369.994423,0.950349,0.559055,F#4,right
5.836358,698.456463,0.981817,0.566929,F5,right
5.867826,233.081881,0.031468,0.519685,A#3,left
5.867826,554.365262,0.918880,0.519685,C#5,right
6.125868,155.563492,0.440559,0.535433,D#3,left
6.316777,77.781746,0.566433,0.519685,D#2,left
6.316777,622.253967,0.249650,0.543307,D#5,right
6.566427,155.563492,0.352447,0.551181,D#3,left
6.566427,622.253967,0.316783,0.527559,D#5,right
6.658735,51.913087,0.065035,0.519685,G#1,left
6.755238,523.251131,0.935663,0.551181,C5,right
6.786707,369.994423,0.937761,0.519685,F#4,right
6.786707,415.304698,0.681817,0.543307,G#4,right
6.786707,830.609395,0.031468,0.519685,G#5,right
7.015378,103.826174,0.453146,0.551181,G#2,left
7.244049,466.163762,0.480419,0.551181,A#4,right
7.468524,103.826174,0.287412,0.511811,G#2,left
7.468524,415.304698,0.222377,0.543307,G#4,right
7.690901,69.295658,0.482517,0.503937,C#2,left
7.690901,349.228231,1.250348,0.551181,F4,right
7.690901,415.304698,0.992307,0.559055,G#4,right
7.690901,523.251131,0.482517,0.543307,C5,right
7.946845,138.591315,0.448951,0.559055,C#3,left
8.173418,69.295658,0.509790,0.464567,C#2,left
8.173418,523.251131,0.509790,0.527559,C5,right
8.395796,138.591315,0.224475,0.535433,C#3,left
8.525866,77.781746,0.253846,0.535433,D#2,left
8.620271,391.995436,0.958740,0.543307,G4,right
8.620271,466.163762,0.446853,0.582677,A#4,right
8.779712,77.781746,0.287412,0.535433,D#2,left
8.874117,155.563492,0.451049,0.559055,D#3,left
9.067124,77.781746,0.543356,0.511811,D#2,left
9.067124,466.163762,0.511888,0.519685,A#4,right
9.291599,622.253967,0.318881,0.527559,D#5,right
9.325166,155.563492,0.285314,0.535433,D#3,left
9.516074,523.251131,0.478321,0.543307,C5,right
9.547543,87.307058,0.446853,0.519685,F2,left
9.547543,415.304698,0.927272,0.551181,G#4,right
9.579011,311.126984,0.895803,0.535433,D#4,right
9.772018,174.614116,0.480419,0.511811,F3,left
9.994396,87.307058,0.417482,0.472441,F2,left
9.994396,523.251131,0.513985,0.511811,C5,right
10.252437,174.614116,0.190909,0.535433,F3,left
10.346843,65.406391,0.258042,0.527559,C2,left
10.474815,311.126984,0.939859,0.535433,D#4,right
10.474815,391.995436,0.551748,0.543307,G4,right
10.474815,466.163762,0.939859,0.566929,A#4,right
10.604884,65.406391,0.325175,0.503937,C2,left
10.699290,130.812783,0.457342,0.566929,C3,left
10.930059,65.406391,0.513985,0.511811,C2,left
11.156632,130.812783,0.287412,0.551181,C3,left
11.156632,622.253967,0.318881,0.535433,D#5,right
11.383205,349.228231,0.948251,0.566929,F4,right
11.383205,415.304698,1.695103,0.582677,G#4,right
11.414674,69.295658,0.469930,0.511811,C#2,left
11.414674,523.251131,0.438461,0.535433,C5,right
11.630758,138.591315,0.478321,0.543307,C#3,left
11.853135,523.251131,1.674124,0.527559,C5,right
11.884603,69.295658,1.065733,0.464567,C#2,left
12.109079,138.591315,0.415384,0.543307,C#3,left
12.205582,77.781746,0.253846,0.527559,D#2,left
12.331456,277.182631,1.036363,0.519685,C#4,right
12.331456,349.228231,0.224475,0.559055,F4,right
12.459428,77.781746,0.327272,0.527559,D#2,left
12.555931,155.563492,0.459440,0.519685,D#3,left
12.555931,349.228231,0.230769,0.527559,F4,right
12.786701,77.781746,0.897901,0.480315,D#2,left
12.786701,349.228231,0.933566,0.519685,F4,right
13.015372,155.563492,0.415384,0.519685,D#3,left
13.015372,391.995436,0.320979,0.551181,G4,right
13.237749,87.307058,0.482517,0.488189,F2,left
13.237749,261.625565,1.793705,0.543307,C4,right
13.237749,311.126984,0.704894,0.543307,D#4,right
13.237749,415.304698,1.472726,0.574803,G#4,right
13.493693,174.614116,0.480419,0.519685,F3,left
13.493693,391.995436,0.352447,0.551181,G4,right
13.720266,87.307058,0.253846,0.488189,F2,left
13.720266,349.228231,0.446853,0.559055,F4,right
13.942643,311.126984,0.415384,0.543307,D#4,right
13.974112,87.307058,0.193007,0.488189,F2,left
13.974112,174.614116,0.736363,0.527559,F3,left
14.167119,87.307058,0.606293,0.496063,F2,left
14.167119,349.228231,0.895803,0.566929,F4,right
0.293706,69.295658,0.287412,0.543307,C#2,left
0.293706,261.625565,0.287412,0.574803,C4,right
0.293706,349.228231,0.255944,0.574803,F4,right
0.325175,138.591315,0.224475,0.566929,C#3,left
0.549650,349.228231,0.281119,0.535433,F4,right
0.581118,69.295658,0.310489,0.496063,C#2,left
0.581118,261.625565,0.310489,0.496063,C4,right
0.799300,415.304698,0.442657,0.590551,G#4,right
0.891608,69.295658,0.255944,0.503937,C#2,left
1.019579,138.591315,0.383916,0.535433,C#3,left
1.241957,69.295658,0.161538,0.543307,C#2,left
1.241957,415.304698,0.383916,0.559055,G#4,right
1.372027,311.126984,0.125874,0.551181,D#4,right
1.466432,138.591315,0.224475,0.543307,C#3,left
1.625872,415.304698,0.415384,0.582677,G#4,right
1.818879,69.295658,0.190909,0.527559,C#2,left
1.818879,466.163762,0.127972,0.582677,A#4,right
1.946851,138.591315,0.255944,0.535433,C#3,left
1.946851,466.163762,0.289510,0.535433,A#4,right
2.041257,415.304698,0.610489,0.574803,G#4,right
2.139858,69.295658,0.606293,0.543307,C#2,left
2.139858,261.625565,0.637762,0.582677,C4,right
2.139858,349.228231,0.253846,0.590551,F4,right
2.393704,349.228231,0.289510,0.535433,F4,right
2.651746,415.304698,0.094406,0.590551,G#4,right
2.746151,69.295658,0.224475,0.511811,C#2,left
2.746151,415.304698,0.352447,0.559055,G#4,right
2.874123,138.591315,0.446853,0.535433,C#3,left
3.098598,69.295658,0.159440,0.535433,C#2,left
3.098598,415.304698,0.383916,0.551181,G#4,right
3.195102,311.126984,0.161538,0.559055,D#4,right
3.320976,138.591315,0.226573,0.543307,C#3,left
3.482514,415.304698,0.406993,0.574803,G#4,right
3.639856,69.295658,0.249650,0.519685,C#2,left
3.671325,466.163762,0.096503,0.590551,A#4,right
3.767828,466.163762,0.738461,0.543307,A#4,right
3.797199,138.591315,0.251748,0.535433,C#3,left
3.889507,415.304698,0.585314,0.582677,G#4,right
3.986010,233.081881,0.260140,0.566929,A#3,left
3.986010,329.627557,0.553846,0.598425,E4,right
4.017479,65.406391,0.585314,0.535433,C2,left
4.017479,130.812783,0.228671,0.566929,C3,left
4.246150,130.812783,0.325175,0.496063,C3,left
4.246150,233.081881,0.260140,0.527559,A#3,left
4.474821,415.304698,0.127972,0.582677,G#4,right
4.602793,65.406391,0.190909,0.511811,C2,left
4.602793,415.304698,0.702797,0.543307,G#4,right
4.636359,130.812783,0.031468,0.511811,C3,left
4.699296,130.812783,0.159440,0.543307,C3,left
4.921673,65.406391,0.130070,0.527559,C2,left
5.051743,311.126984,0.190909,0.566929,D#4,right
5.177617,130.812783,0.127972,0.551181,C3,left
5.305589,415.304698,0.451049,0.574803,G#4,right
5.498596,65.406391,0.096503,0.519685,C2,left
5.498596,466.163762,0.320979,0.574803,A#4,right
5.626568,130.812783,0.130070,0.551181,C3,left
5.756638,415.304698,0.188811,0.566929,G#4,right
5.851043,87.307058,0.247552,0.503937,F2,left
5.851043,261.625565,0.824475,0.566929,C4,right
5.880414,311.126984,0.251748,0.559055,D#4,right
5.880414,523.251131,0.826573,0.574803,C5,right
6.098595,87.307058,0.348251,0.535433,F2,left
6.132162,174.614116,0.251748,0.503937,F3,left
6.132162,311.126984,0.574825,0.503937,D#4,right
6.352441,415.304698,0.127972,0.574803,G#4,right
6.446847,87.307058,0.193007,0.496063,F2,left
6.480413,415.304698,0.488811,0.535433,G#4,right
6.576916,174.614116,0.258042,0.511811,F3,left
6.675518,466.163762,0.392307,0.551181,A#4,right
6.803490,87.307058,0.232867,0.519685,F2,left
6.803490,523.251131,0.165734,0.551181,C5,right
6.902091,554.365262,0.291608,0.535433,C#5,right
7.036357,174.614116,0.188811,0.496063,F3,left
7.130762,523.251131,0.320979,0.527559,C5,right
7.355237,466.163762,0.159440,0.574803,A#4,right
7.386706,87.307058,0.159440,0.519685,F2,left
7.483209,174.614116,0.222377,0.511811,F3,left
7.483209,415.304698,0.320979,0.566929,G#4,right
7.705587,69.295658,0.258042,0.551181,C#2,left
7.705587,261.625565,0.289510,0.598425,C4,right
7.705587,349.228231,0.258042,0.590551,F4,right
7.963628,69.295658,0.251748,0.480315,C#2,left
7.963628,349.228231,0.281119,0.535433,F4,right
7.995097,261.625565,0.249650,0.496063,C4,right
8.215376,415.304698,0.090210,0.590551,G#4,right
8.305586,69.295658,0.190909,0.511811,C#2,left
8.305586,415.304698,0.713286,0.551181,G#4,right
8.431460,138.591315,0.360839,0.527559,C#3,left
8.660131,69.295658,0.132168,0.535433,C#2,left
8.758732,311.126984,0.130070,0.551181,D#4,right
8.888802,138.591315,0.195105,0.551181,C#3,left
9.018872,415.304698,0.448951,0.582677,G#4,right
9.209781,69.295658,0.161538,0.535433,C#2,left
9.209781,466.163762,0.258042,0.590551,A#4,right
9.339851,138.591315,0.253846,0.535433,C#3,left
9.467823,415.304698,0.574825,0.574803,G#4,right
9.562228,69.295658,0.511888,0.543307,C#2,left
9.562228,261.625565,0.641957,0.582677,C4,right
9.562228,349.228231,0.224475,0.590551,F4,right
9.786704,349.228231,0.318881,0.535433,F4,right
9.820270,138.591315,0.383916,0.519685,C#3,left
10.042647,415.304698,0.127972,0.590551,G#4,right
10.170619,69.295658,0.065035,0.511811,C#2,left
10.170619,415.304698,0.318881,0.551181,G#4,right
10.267123,138.591315,0.383916,0.527559,C#3,left
10.489500,69.295658,0.161538,0.527559,C#2,left
10.489500,415.304698,0.350349,0.551181,G#4,right
10.619570,311.126984,0.159440,0.559055,D#4,right
10.747542,138.591315,0.188811,0.551181,C#3,left
10.839849,415.304698,0.438461,0.582677,G#4,right
11.058031,69.295658,0.125874,0.535433,C#2,left
11.058031,466.163762,0.253846,0.590551,A#4,right
11.183905,138.591315,0.193007,0.543307,C#3,left
11.278310,415.304698,0.610489,0.582677,G#4,right
11.408380,65.406391,0.255944,0.551181,C2,left
11.408380,130.812783,0.255944,0.574803,C3,left
11.408380,233.081881,0.127972,0.566929,A#3,left
11.408380,329.627557,0.255944,0.598425,E4,right
11.630758,233.081881,0.258042,0.527559,A#3,left
11.664324,65.406391,0.352447,0.456693,C2,left
11.664324,130.812783,0.255944,0.503937,C3,left
11.664324,329.627557,0.287412,0.519685,E4,right
11.888799,415.304698,0.127972,0.582677,G#4,right
12.016771,65.406391,0.065035,0.511811,C2,left
12.016771,415.304698,0.329370,0.543307,G#4,right
12.115373,130.812783,0.134266,0.551181,C3,left
12.346142,65.406391,0.096503,0.527559,C2,left
12.346142,415.304698,0.350349,0.543307,G#4,right
12.442645,311.126984,0.190909,0.566929,D#4,right
12.570617,130.812783,0.125874,0.559055,C3,left
12.696491,415.304698,0.472027,0.574803,G#4,right
12.912574,65.406391,0.096503,0.519685,C2,left
12.912574,466.163762,0.287412,0.574803,A#4,right
13.040546,130.812783,0.127972,0.559055,C3,left
13.168518,415.304698,0.161538,0.566929,G#4,right
13.262924,87.307058,0.260140,0.503937,F2,left
13.262924,261.625565,0.746852,0.582677,C4,right
13.262924,391.995436,0.031468,0.559055,G4,right
13.262924,523.251131,0.876922,0.582677,C5,right
13.523063,87.307058,0.360839,0.535433,F2,left
13.523063,174.614116,0.293706,0.511811,F3,left
13.554532,311.126984,0.551748,0.496063,D#4,right
13.751734,415.304698,0.132168,0.574803,G#4,right
13.883902,87.307058,0.157342,0.519685,F2,left
13.883902,415.304698,0.446853,0.543307,G#4,right
13.978308,174.614116,0.193007,0.511811,F3,left
14.106280,466.163762,0.287412,0.559055,A#4,right
14.202783,87.307058,0.190909,0.519685,F2,left
14.202783,523.251131,0.159440,0.551181,C5,right
14.234251,261.625565,0.159440,0.503937,C4,right
14.330755,554.365262,0.289510,0.527559,C#5,right
14.425160,174.614116,0.226573,0.496063,F3,left
14.555230,523.251131,0.283216,0.519685,C5,right
0.006294,87.307058,0.123776,0.527559,F2,left
0.006294,466.163762,0.157342,0.574803,A#4,right
0.130070,174.614116,0.220280,0.519685,F3,left
0.130070,415.304698,0.316783,0.566929,G#4,right
0.350349,69.295658,0.610489,0.511811,C#2,left
0.350349,622.253967,0.352447,0.527559,D#5,right
0.350349,830.609395,0.801398,0.566929,G#5,right
0.608391,138.591315,0.446853,0.535433,C#3,left
0.608391,277.182631,0.062937,0.511811,C#4,right
0.830768,415.304698,0.446853,0.566929,G#4,right
0.960838,69.295658,0.348251,0.464567,C#2,left
1.055244,138.591315,0.448951,0.527559,C#3,left
1.055244,277.182631,0.062937,0.519685,C#4,right
1.277621,415.304698,0.929370,0.559055,G#4,right
1.277621,830.609395,0.226573,0.535433,G#5,right
1.309090,69.295658,0.579020,0.433071,C#2,left
1.504194,138.591315,0.478321,0.519685,C#3,left
1.504194,830.609395,0.478321,0.543307,G#5,right
1.535663,622.253967,0.446853,0.480315,D#5,right
1.760138,311.126984,0.415384,0.559055,D#4,right
1.888110,69.295658,2.248949,0.496063,C#2,left
1.982516,138.591315,0.453146,0.535433,C#3,left
1.982516,622.253967,0.937761,0.511811,D#5,right
1.982516,830.609395,0.224475,0.574803,G#5,right
2.206991,207.652349,0.033566,0.448819,G#3,left
2.206991,415.304698,0.937761,0.566929,G#4,right
2.206991,830.609395,0.713286,0.551181,G#5,right
2.435662,138.591315,0.484615,0.527559,C#3,left
2.697899,311.126984,1.374124,0.559055,D#4,right
2.920277,138.591315,0.451049,0.527559,C#3,left
2.920277,622.253967,0.482517,0.519685,D#5,right
2.920277,830.609395,0.451049,0.574803,G#5,right
3.144752,415.304698,1.120279,0.559055,G#4,right
3.371325,138.591315,0.446853,0.519685,C#3,left
3.371325,830.609395,0.222377,0.535433,G#5,right
3.402794,622.253967,0.734265,0.488189,D#5,right
3.593703,830.609395,0.224475,0.519685,G#5,right
3.625171,466.163762,0.480419,0.551181,A#4,right
3.818178,138.591315,0.287412,0.527559,C#3,left
3.818178,830.609395,0.222377,0.551181,G#5,right
4.040555,65.406391,0.610489,0.511811,C2,left
4.040555,523.251131,0.960838,0.551181,C5,right
4.040555,659.255114,0.480419,0.582677,E5,right
4.040555,830.609395,0.258042,0.527559,G#5,right
4.298597,130.812783,0.478321,0.559055,C3,left
4.298597,830.609395,0.222377,0.551181,G#5,right
4.520975,554.365262,1.407691,0.551181,C#5,right
4.520975,659.255114,0.224475,0.535433,E5,right
4.520975,830.609395,0.448951,0.519685,G#5,right
4.651044,65.406391,0.318881,0.519685,C2,left
4.745450,659.255114,0.480419,0.559055,E5,right
4.776918,130.812783,0.448951,0.535433,C3,left
4.969925,65.406391,0.608391,0.535433,C2,left
4.969925,830.609395,0.255944,0.543307,G#5,right
5.001394,523.251131,0.992307,0.559055,C5,right
5.225869,130.812783,0.478321,0.566929,C3,left
5.225869,659.255114,0.224475,0.559055,E5,right
5.225869,830.609395,0.446853,0.527559,G#5,right
5.450344,466.163762,0.511888,0.551181,A#4,right
5.450344,659.255114,0.222377,0.535433,E5,right
5.578316,65.406391,0.415384,0.519685,C2,left
5.672722,659.255114,2.177620,0.574803,E5,right
5.672722,830.609395,0.480419,0.543307,G#5,right
5.704190,130.812783,0.289510,0.543307,C3,left
5.897197,622.253967,0.507692,0.527559,D#5,right
5.897197,783.990872,0.255944,0.559055,G5,right
5.928665,87.307058,0.224475,0.543307,F2,left
5.928665,415.304698,0.853845,0.574803,G#4,right
6.153141,87.307058,0.344056,0.503937,F2,left
6.153141,783.990872,0.220280,0.535433,G5,right
6.186707,174.614116,0.436363,0.511811,F3,left
6.373420,783.990872,0.249650,0.543307,G5,right
6.404889,622.253967,0.249650,0.456693,D#5,right
6.497196,87.307058,0.348251,0.496063,F2,left
6.623070,174.614116,0.937761,0.535433,F3,left
6.623070,783.990872,0.451049,0.543307,G5,right
6.654539,622.253967,0.190909,0.488189,D#5,right
6.845448,87.307058,0.260140,0.503937,F2,left
6.845448,622.253967,0.260140,0.543307,D#5,right
7.074119,783.990872,0.226573,0.566929,G5,right
7.105587,87.307058,0.329370,0.503937,F2,left
7.105587,622.253967,0.195105,0.503937,D#5,right
7.300692,622.253967,0.260140,0.464567,D#5,right
7.300692,783.990872,0.228671,0.559055,G5,right
7.434958,87.307058,0.415384,0.511811,F2,left
7.529363,783.990872,0.289510,0.527559,G5,right
7.560832,174.614116,0.226573,0.503937,F3,left
7.560832,622.253967,0.480419,0.496063,D#5,right
7.751741,69.295658,0.608391,0.488189,C#2,left
7.751741,830.609395,0.482517,0.590551,G#5,right
7.787405,415.304698,1.820977,0.566929,G#4,right
8.009782,138.591315,0.442657,0.519685,C#3,left
8.041251,622.253967,0.224475,0.496063,D#5,right
8.234257,830.609395,0.696503,0.511811,G#5,right
8.265726,622.253967,0.406993,0.456693,D#5,right
8.360132,69.295658,0.344056,0.472441,C#2,left
8.452439,138.591315,0.478321,0.519685,C#3,left
8.481810,277.182631,0.031468,0.519685,C#4,right
8.672719,622.253967,0.935663,0.551181,D#5,right
8.704187,69.295658,0.585314,0.440945,C#2,left
8.930760,138.591315,0.455244,0.535433,C#3,left
8.930760,830.609395,0.230769,0.566929,G#5,right
9.161529,830.609395,0.224475,0.527559,G#5,right
9.289501,69.295658,0.096503,0.464567,C#2,left
9.386005,69.295658,0.255944,0.503937,C#2,left
9.386005,138.591315,0.415384,0.535433,C#3,left
9.386005,830.609395,0.222377,0.535433,G#5,right
9.608382,415.304698,0.927272,0.559055,G#4,right
9.608382,622.253967,0.289510,0.535433,D#5,right
9.608382,830.609395,0.258042,0.551181,G#5,right
9.641948,69.295658,0.576923,0.448819,C#2,left
9.866424,138.591315,0.446853,0.527559,C#3,left
9.866424,830.609395,0.222377,0.543307,G#5,right
9.897892,622.253967,0.190909,0.488189,D#5,right
10.088801,622.253967,0.704894,0.464567,D#5,right
10.088801,830.609395,0.482517,0.519685,G#5,right
10.218871,69.295658,0.352447,0.464567,C#2,left
10.313276,138.591315,0.448951,0.519685,C#3,left
10.535654,415.304698,1.921676,0.566929,G#4,right
10.571318,69.295658,0.574825,0.448819,C#2,left
10.571318,207.652349,0.031468,0.417323,G#3,left
10.571318,830.609395,0.190909,0.535433,G#5,right
10.762227,138.591315,0.476223,0.519685,C#3,left
10.762227,830.609395,0.476223,0.543307,G#5,right
10.793695,622.253967,0.444755,0.472441,D#5,right
11.018171,311.126984,0.062937,0.559055,D#4,right
11.146143,69.295658,0.348251,0.488189,C#2,left
11.238450,138.591315,0.287412,0.535433,C#3,left
11.238450,622.253967,0.318881,0.519685,D#5,right
11.238450,830.609395,0.220280,0.582677,G#5,right
11.458730,65.406391,0.098601,0.519685,C2,left
11.458730,523.251131,0.933566,0.543307,C5,right
11.458730,659.255114,0.455244,0.582677,E5,right
11.458730,830.609395,0.230769,0.543307,G#5,right
11.689499,830.609395,0.224475,0.551181,G#5,right
11.720967,130.812783,0.448951,0.559055,C3,left
11.913974,554.365262,0.950349,0.551181,C#5,right
11.913974,659.255114,0.255944,0.535433,E5,right
11.913974,830.609395,0.478321,0.519685,G#5,right
12.073415,65.406391,0.096503,0.519685,C2,left
12.169918,65.406391,0.222377,0.519685,C2,left
12.169918,130.812783,0.476223,0.543307,C3,left
12.169918,659.255114,0.446853,0.559055,E5,right
12.392295,65.406391,0.916782,0.543307,C2,left
12.392295,523.251131,1.046852,0.559055,C5,right
12.392295,830.609395,0.224475,0.535433,G#5,right
12.616771,659.255114,0.247552,0.559055,E5,right
12.616771,830.609395,0.469930,0.535433,G#5,right
12.646141,130.812783,0.440559,0.559055,C3,left
12.864323,466.163762,0.478321,0.551181,A#4,right
12.864323,659.255114,0.222377,0.535433,E5,right
13.086700,130.812783,0.255944,0.535433,C3,left
13.086700,659.255114,0.417482,0.566929,E5,right
13.086700,830.609395,0.480419,0.535433,G#5,right
13.309078,87.307058,0.161538,0.527559,F2,left
13.309078,261.625565,0.226573,0.574803,C4,right
13.309078,415.304698,0.195105,0.574803,G#4,right
13.342644,311.126984,0.127972,0.543307,D#4,right
13.795790,87.307058,0.098601,0.535433,F2,left
13.795790,261.625565,0.132168,0.551181,C4,right
13.795790,415.304698,0.163636,0.574803,G#4,right
13.827259,174.614116,0.067133,0.535433,F3,left
14.251035,87.307058,0.125874,0.543307,F2,left
14.251035,261.625565,0.094406,0.551181,C4,right
14.251035,415.304698,0.125874,0.582677,G#4,right
14.282503,174.614116,0.094406,0.543307,F3,left
14.720964,87.307058,0.096503,0.559055,F2,left
0.048252,65.406391,0.092308,0.535433,C2,left
0.207692,43.653529,0.031468,0.456693,F1,left
0.398601,69.295658,0.505594,0.496063,C#2,left
0.398601,261.625565,0.505594,0.574803,C4,right
0.398601,349.228231,0.255944,0.566929,F4,right
0.398601,523.251131,1.686712,0.574803,C5,right
0.654545,349.228231,0.218182,0.511811,F4,right
0.872726,349.228231,0.348251,0.574803,F4,right
0.904195,69.295658,0.893705,0.488189,C#2,left
0.904195,261.625565,0.316783,0.535433,C4,right
1.093006,138.591315,0.927272,0.535433,C#3,left
1.220978,261.625565,0.352447,0.543307,C4,right
1.220978,349.228231,0.352447,0.527559,F4,right
1.348950,466.163762,0.318881,0.574803,A#4,right
1.573425,261.625565,0.769929,0.535433,C4,right
1.573425,349.228231,0.704894,0.527559,F4,right
1.797900,69.295658,0.480419,0.480315,C#2,left
1.797900,622.253967,0.127972,0.551181,D#5,right
2.020278,138.591315,0.291608,0.535433,C#3,left
2.246851,65.406391,0.486713,0.527559,C2,left
2.246851,329.627557,0.260140,0.590551,E4,right
2.246851,391.995436,1.183216,0.543307,G4,right
2.506991,130.812783,0.442657,0.551181,C3,left
2.506991,329.627557,0.891607,0.551181,E4,right
2.733564,65.406391,0.918880,0.527559,C2,left
2.949647,130.812783,0.480419,0.551181,C3,left
3.205591,466.163762,0.931468,0.551181,A#4,right
3.398598,329.627557,0.738461,0.543307,E4,right
3.430067,130.812783,0.446853,0.559055,C3,left
3.430067,391.995436,0.935663,0.527559,G4,right
3.652444,65.406391,0.516083,0.519685,C2,left
3.652444,622.253967,0.516083,0.543307,D#5,right
3.876919,130.812783,0.260140,0.559055,C3,left
4.103492,87.307058,0.262238,0.527559,F2,left
4.137059,311.126984,0.228671,0.551181,D#4,right
4.365730,87.307058,0.224475,0.496063,F2,left
4.365730,311.126984,1.663635,0.488189,D#4,right
4.365730,391.995436,0.597901,0.511811,G4,right
4.590205,87.307058,0.249650,0.488189,F2,left
4.839855,87.307058,0.060839,0.496063,F2,left
4.839855,174.614116,0.444755,0.535433,F3,left
4.900694,87.307058,0.098601,0.488189,F2,left
4.963631,391.995436,0.551748,0.503937,G4,right
4.999296,87.307058,0.157342,0.496063,F2,left
5.062233,466.163762,1.860837,0.559055,A#4,right
5.156638,87.307058,0.127972,0.503937,F2,left
5.284610,87.307058,0.197203,0.511811,F2,left
5.284610,174.614116,0.457342,0.511811,F3,left
5.481813,87.307058,0.644055,0.496063,F2,left
5.515379,391.995436,0.641957,0.527559,G4,right
5.741952,174.614116,0.318881,0.543307,F3,left
5.966428,77.781746,0.478321,0.527559,D#2,left
5.966428,277.182631,0.478321,0.559055,C#4,right
5.966428,349.228231,0.478321,0.574803,F4,right
6.222371,155.563492,0.480419,0.519685,D#3,left
6.444749,77.781746,0.541258,0.496063,D#2,left
6.444749,277.182631,0.541258,0.574803,C#4,right
6.444749,349.228231,0.448951,0.535433,F4,right
6.702790,155.563492,0.283216,0.543307,D#3,left
6.765728,51.913087,1.143355,0.511811,G#1,left
6.893699,261.625565,0.469930,0.559055,C4,right
6.893699,349.228231,0.469930,0.551181,F4,right
7.141252,103.826174,0.448951,0.551181,G#2,left
7.363629,261.625565,0.451049,0.566929,C4,right
7.363629,391.995436,0.451049,0.551181,G4,right
7.590202,103.826174,1.472726,0.527559,G#2,left
7.814678,69.295658,1.948949,0.496063,C#2,left
7.814678,261.625565,0.734265,0.527559,C4,right
7.814678,349.228231,0.350349,0.535433,F4,right
7.814678,391.995436,0.383916,0.559055,G4,right
7.974118,415.304698,0.318881,0.559055,G#4,right
8.165027,349.228231,0.352447,0.559055,F4,right
8.198593,391.995436,0.318881,0.519685,G4,right
8.292999,415.304698,0.352447,0.527559,G#4,right
8.517474,349.228231,0.350349,0.551181,F4,right
8.517474,391.995436,0.350349,0.535433,G4,right
8.548942,261.625565,0.352447,0.519685,C4,right
8.645446,415.304698,0.352447,0.535433,G#4,right
8.867823,349.228231,0.352447,0.559055,F4,right
8.867823,391.995436,0.864335,0.535433,G4,right
8.901390,261.625565,0.318881,0.503937,C4,right
8.997893,415.304698,0.318881,0.559055,G#4,right
9.220270,261.625565,1.313285,0.527559,C4,right
9.220270,349.228231,0.543356,0.543307,F4,right
9.316774,415.304698,0.704894,0.535433,G#4,right
9.669221,65.406391,1.376222,0.527559,C2,left
9.669221,329.627557,0.352447,0.598425,E4,right
9.799291,466.163762,2.437760,0.543307,A#4,right
9.925165,130.812783,0.448951,0.559055,C3,left
10.021668,329.627557,0.352447,0.535433,E4,right
10.021668,415.304698,0.352447,0.590551,G#4,right
10.374116,130.812783,1.214684,0.527559,C3,left
10.374116,329.627557,0.352447,0.543307,E4,right
10.374116,415.304698,0.352447,0.582677,G#4,right
10.726563,329.627557,0.352447,0.527559,E4,right
10.726563,415.304698,0.352447,0.574803,G#4,right
11.045444,65.406391,0.480419,0.511811,C2,left
11.079010,329.627557,0.541258,0.535433,E4,right
11.079010,415.304698,0.509790,0.566929,G#4,right
11.525863,87.307058,0.480419,0.511811,F2,left
11.781806,174.614116,0.127972,0.527559,F3,left
11.878310,391.995436,0.358741,0.496063,G4,right
11.909778,311.126984,0.681817,0.472441,D#4,right
12.006282,87.307058,0.585314,0.496063,F2,left
12.006282,523.251131,0.679720,0.535433,C5,right
12.237051,391.995436,0.354545,0.511811,G4,right
12.237051,466.163762,0.354545,0.551181,A#4,right
12.591596,87.307058,0.318881,0.496063,F2,left
12.591596,311.126984,0.841258,0.519685,D#4,right
12.591596,391.995436,0.872726,0.519685,G4,right
12.591596,466.163762,1.663635,0.559055,A#4,right
12.686001,174.614116,0.488811,0.527559,F3,left
12.686001,523.251131,0.778321,0.551181,C5,right
12.910477,87.307058,0.587412,0.496063,F2,left
13.141246,349.228231,0.096503,0.566929,F4,right
13.174812,174.614116,0.258042,0.535433,F3,left
13.367819,369.994423,0.950349,0.559055,F#4,right
13.367819,698.456463,0.853845,0.566929,F5,right
13.401385,77.781746,0.442657,0.488189,D#2,left
13.655231,155.563492,0.406993,0.543307,D#3,left
13.844042,77.781746,0.474125,0.519685,D#2,left
13.844042,622.253967,0.249650,0.551181,D#5,right
14.062224,155.563492,0.193007,0.543307,D#3,left
14.093692,622.253967,0.287412,0.535433,D#5,right
14.190196,51.913087,0.065035,0.519685,G#1,left
14.318167,369.994423,0.927272,0.519685,F#4,right
14.318167,415.304698,0.673426,0.551181,G#4,right
14.318167,523.251131,0.927272,0.551181,C5,right
14.540545,103.826174,0.451049,0.543307,G#2,left
14.765020,466.163762,0.511888,0.551181,A#4,right
0.029371,51.913087,0.415384,0.448819,G#1,left
0.222377,103.826174,0.285314,0.503937,G#2,left
0.222377,415.304698,0.253846,0.551181,G#4,right
0.444755,69.295658,1.951047,0.480315,C#2,left
0.444755,261.625565,0.478321,0.582677,C4,right
0.444755,349.228231,0.255944,0.574803,F4,right
0.476223,523.251131,3.679717,0.543307,C5,right
0.700699,138.591315,0.480419,0.535433,C#3,left
0.700699,349.228231,0.222377,0.535433,F4,right
0.923076,261.625565,0.350349,0.527559,C4,right
0.923076,349.228231,0.350349,0.519685,F4,right
1.181118,138.591315,0.887412,0.527559,C#3,left
1.273425,261.625565,0.346154,0.527559,C4,right
1.273425,349.228231,0.314685,0.527559,F4,right
1.399299,466.163762,0.931468,0.566929,A#4,right
1.588110,349.228231,0.255944,0.543307,F4,right
1.619579,261.625565,0.224475,0.543307,C4,right
1.844054,261.625565,0.551748,0.511811,C4,right
1.844054,349.228231,0.486713,0.519685,F4,right
2.068529,138.591315,0.295804,0.543307,C#3,left
2.299298,65.406391,0.480419,0.543307,C2,left
2.299298,329.627557,0.255944,0.582677,E4,right
2.299298,391.995436,1.153845,0.551181,G4,right
2.555242,130.812783,0.224475,0.551181,C3,left
2.555242,329.627557,0.224475,0.559055,E4,right
2.779718,65.406391,0.320979,0.535433,C2,left
2.779718,130.812783,0.224475,0.543307,C3,left
2.779718,329.627557,0.673426,0.527559,E4,right
3.004193,130.812783,0.480419,0.551181,C3,left
3.100696,65.406391,0.606293,0.527559,C2,left
3.228668,466.163762,0.992307,0.551181,A#4,right
3.453143,329.627557,0.799300,0.543307,E4,right
3.453143,391.995436,0.958740,0.527559,G4,right
3.484612,130.812783,0.448951,0.559055,C3,left
3.706989,65.406391,0.513985,0.503937,C2,left
3.706989,622.253967,0.513985,0.535433,D#5,right
3.933562,130.812783,0.287412,0.551181,C3,left
4.155940,87.307058,0.255944,0.527559,F2,left
4.155940,523.251131,1.984613,0.551181,C5,right
4.187408,311.126984,0.224475,0.551181,D#4,right
4.411884,87.307058,0.226573,0.496063,F2,left
4.411884,311.126984,1.663635,0.488189,D#4,right
4.411884,391.995436,0.226573,0.503937,G4,right
4.638457,87.307058,0.348251,0.488189,F2,left
4.638457,391.995436,0.348251,0.503937,G4,right
4.892303,174.614116,0.446853,0.535433,F3,left
4.986708,87.307058,0.067133,0.480315,F2,left
4.986708,391.995436,0.579020,0.519685,G4,right
5.053841,87.307058,0.159440,0.488189,F2,left
5.116778,466.163762,1.758040,0.559055,A#4,right
5.213281,87.307058,0.125874,0.503937,F2,left
5.339156,87.307058,0.226573,0.511811,F2,left
5.339156,174.614116,0.448951,0.519685,F3,left
5.565729,87.307058,0.637762,0.480315,F2,left
5.565729,391.995436,1.277621,0.511811,G4,right
5.788106,174.614116,0.352447,0.543307,F3,left
6.012581,77.781746,0.480419,0.535433,D#2,left
6.012581,277.182631,0.480419,0.566929,C#4,right
6.012581,349.228231,0.480419,0.574803,F4,right
6.268525,155.563492,0.480419,0.527559,D#3,left
6.493000,77.781746,0.411188,0.480315,D#2,left
6.493000,277.182631,1.399299,0.574803,C#4,right
6.493000,349.228231,0.442657,0.543307,F4,right
6.748944,155.563492,0.125874,0.535433,D#3,left
6.843350,51.913087,1.113985,0.496063,G#1,left
6.935657,349.228231,0.925174,0.527559,F4,right
6.965028,261.625565,0.448951,0.574803,C4,right
7.187405,103.826174,0.258042,0.551181,G#2,left
7.413979,261.625565,0.446853,0.582677,C4,right
7.413979,391.995436,0.446853,0.551181,G4,right
7.636356,103.826174,0.255944,0.543307,G#2,left
7.860831,69.295658,1.984613,0.488189,C#2,left
7.860831,261.625565,0.734265,0.535433,C4,right
7.860831,349.228231,0.352447,0.535433,F4,right
7.860831,391.995436,0.383916,0.551181,G4,right
8.020272,415.304698,0.320979,0.559055,G#4,right
8.213279,349.228231,0.350349,0.559055,F4,right
8.244747,391.995436,0.671328,0.535433,G4,right
8.341250,415.304698,0.352447,0.527559,G#4,right
8.563628,349.228231,0.352447,0.551181,F4,right
8.595096,261.625565,0.352447,0.519685,C4,right
8.693698,415.304698,0.350349,0.535433,G#4,right
8.916075,349.228231,0.320979,0.559055,F4,right
8.916075,391.995436,0.320979,0.535433,G4,right
8.947543,261.625565,0.320979,0.496063,C4,right
9.044047,415.304698,0.318881,0.559055,G#4,right
9.237054,349.228231,0.576923,0.543307,F4,right
9.237054,391.995436,0.576923,0.543307,G4,right
9.268522,261.625565,1.344754,0.527559,C4,right
9.362928,415.304698,0.704894,0.543307,G#4,right
9.715375,65.406391,0.480419,0.527559,C2,left
9.715375,329.627557,0.352447,0.598425,E4,right
9.845445,466.163762,0.350349,0.551181,A#4,right
9.971319,130.812783,1.384614,0.559055,C3,left
10.067822,329.627557,0.352447,0.527559,E4,right
10.067822,415.304698,0.352447,0.582677,G#4,right
10.195794,65.406391,0.576923,0.519685,C2,left
10.195794,466.163762,1.745453,0.559055,A#4,right
10.420269,329.627557,0.352447,0.543307,E4,right
10.420269,415.304698,0.352447,0.574803,G#4,right
10.772717,65.406391,0.323077,0.496063,C2,left
10.772717,329.627557,0.323077,0.535433,E4,right
10.772717,415.304698,0.323077,0.582677,G#4,right
11.095793,65.406391,0.518181,0.519685,C2,left
11.095793,329.627557,0.551748,0.551181,E4,right
11.095793,415.304698,0.518181,0.566929,G#4,right
11.127262,261.625565,0.358741,0.511811,C4,right
11.355933,130.812783,0.291608,0.543307,C3,left
11.548939,87.307058,0.486713,0.496063,F2,left
11.582506,311.126984,0.161538,0.543307,D#4,right
11.582506,391.995436,0.358741,0.535433,G4,right
11.712576,523.251131,0.354545,0.519685,C5,right
11.809079,174.614116,0.478321,0.519685,F3,left
11.941247,311.126984,1.537761,0.488189,D#4,right
11.941247,391.995436,0.346154,0.496063,G4,right
11.941247,466.163762,0.346154,0.511811,A#4,right
12.035652,87.307058,0.579020,0.488189,F2,left
12.067121,523.251131,0.251748,0.527559,C5,right
12.287400,174.614116,0.455244,0.527559,F3,left
12.287400,391.995436,0.327272,0.503937,G4,right
12.287400,466.163762,0.360839,0.551181,A#4,right
12.318869,523.251131,0.098601,0.527559,C5,right
12.417470,523.251131,0.325175,0.543307,C5,right
12.614673,87.307058,0.352447,0.503937,F2,left
12.614673,391.995436,0.897901,0.511811,G4,right
12.648239,466.163762,1.753844,0.559055,A#4,right
12.742645,174.614116,0.448951,0.519685,F3,left
12.742645,523.251131,0.736363,0.543307,C5,right
12.967120,87.307058,0.255944,0.488189,F2,left
13.191595,174.614116,0.287412,0.543307,F3,left
13.191595,349.228231,0.287412,0.566929,F4,right
13.223064,87.307058,0.289510,0.472441,F2,left
13.413973,369.994423,0.956642,0.559055,F#4,right
13.413973,698.456463,1.053146,0.566929,F5,right
13.447539,77.781746,0.448951,0.488189,D#2,left
13.447539,554.365262,0.954545,0.519685,C#5,right
13.669916,155.563492,0.480419,0.535433,D#3,left
13.896490,77.781746,0.570629,0.511811,D#2,left
13.896490,622.253967,0.253846,0.543307,D#5,right
14.150336,155.563492,0.348251,0.559055,D#3,left
14.150336,622.253967,0.316783,0.535433,D#5,right
14.246839,51.913087,0.062937,0.511811,G#1,left
14.341244,523.251131,0.981817,0.559055,C5,right
14.370615,369.994423,0.858041,0.527559,F#4,right
14.370615,415.304698,0.667132,0.551181,G#4,right
14.370615,830.609395,0.031468,0.535433,G#5,right
14.590895,103.826174,0.446853,0.551181,G#2,left
0.044056,51.913087,0.446853,0.472441,G#1,left
0.044056,466.163762,0.478321,0.559055,A#4,right
0.268531,103.826174,0.253846,0.503937,G#2,left
0.268531,311.126984,0.062937,0.480315,D#4,right
0.268531,415.304698,0.285314,0.543307,G#4,right
2.307690,329.627557,0.386014,0.456693,E4,right
2.307690,493.883301,3.679717,0.519685,B4,right
2.339158,130.812783,1.940557,0.496063,C3,left
2.339158,246.941651,0.354545,0.543307,B3,left
2.339158,659.255114,0.031468,0.535433,E5,right
2.693704,246.941651,0.591608,0.480315,B3,left
2.693704,329.627557,0.560139,0.519685,E4,right
3.253843,329.627557,0.255944,0.503937,E4,right
3.285311,246.941651,0.224475,0.480315,B3,left
3.285311,440.000000,1.025873,0.535433,A4,right
3.509787,246.941651,2.605592,0.433071,B3,left
3.509787,329.627557,0.255944,0.472441,E4,right
3.734262,391.995436,0.576923,0.543307,G4,right
3.734262,587.329536,0.639860,0.519685,D5,right
3.765731,329.627557,0.608391,0.496063,E4,right
4.181115,123.470825,2.062236,0.559055,B2,left
4.212583,311.126984,0.316783,0.543307,D#4,right
4.529366,311.126984,0.593706,0.440945,D#4,right
4.529366,369.994423,0.593706,0.480315,F#4,right
5.123072,311.126984,0.222377,0.480315,D#4,right
5.123072,369.994423,0.222377,0.543307,F#4,right
5.123072,440.000000,1.055244,0.535433,A4,right
5.345449,311.126984,0.226573,0.440945,D#4,right
5.345449,369.994423,0.226573,0.488189,F#4,right
5.572022,311.126984,0.543356,0.488189,D#4,right
5.572022,369.994423,0.478321,0.496063,F#4,right
5.572022,587.329536,2.834263,0.527559,D5,right
6.050344,164.813778,2.578319,0.535433,E3,left
6.050344,293.664768,0.352447,0.559055,D4,right
6.050344,369.994423,0.352447,0.543307,F#4,right
6.050344,493.883301,1.395104,0.511811,B4,right
6.402791,293.664768,0.589510,0.456693,D4,right
6.402791,369.994423,0.589510,0.496063,F#4,right
6.992301,293.664768,0.453146,0.480315,D4,right
6.992301,369.994423,0.228671,0.559055,F#4,right
6.992301,440.000000,0.228671,0.543307,A4,right
7.220972,369.994423,0.224475,0.503937,F#4,right
7.220972,440.000000,1.407691,0.448819,A4,right
7.445447,293.664768,0.513985,0.456693,D4,right
7.445447,369.994423,1.504194,0.551181,F#4,right
7.445447,493.883301,0.576923,0.543307,B4,right
7.894398,73.416192,0.253846,0.559055,D2,left
7.894398,146.832384,0.480419,0.574803,D3,left
7.894398,261.625565,3.199298,0.582677,C4,right
7.925866,329.627557,0.448951,0.598425,E4,right
8.148244,73.416192,0.480419,0.472441,D2,left
8.374817,146.832384,0.704894,0.472441,D3,left
8.374817,329.627557,0.478321,0.527559,E4,right
8.500691,110.000000,0.448951,0.551181,A2,left
8.628663,73.416192,0.383916,0.480315,D2,left
8.853138,97.998859,0.258042,0.527559,G2,left
8.853138,246.941651,0.906293,0.535433,B3,left
8.853138,329.627557,1.600698,0.559055,E4,right
9.079711,48.999429,0.125874,0.503937,G1,left
9.205585,97.998859,0.360839,0.527559,G2,left
9.304187,369.994423,2.366431,0.543307,F#4,right
9.402788,48.999429,0.163636,0.488189,G1,left
9.566424,97.998859,0.258042,0.527559,G2,left
9.759431,65.406391,0.474125,0.488189,C2,left
9.759431,246.941651,0.379720,0.574803,B3,left
9.920969,391.995436,0.344056,0.551181,G4,right
10.015375,130.812783,0.281119,0.543307,C3,left
10.139151,246.941651,0.346154,0.543307,B3,left
10.233556,65.406391,0.348251,0.503937,C2,left
10.265025,391.995436,0.316783,0.543307,G4,right
10.453836,329.627557,0.352447,0.559055,E4,right
10.485304,246.941651,0.320979,0.535433,B3,left
10.581808,65.406391,1.151747,0.511811,C2,left
10.581808,391.995436,0.352447,0.543307,G4,right
10.806283,246.941651,0.352447,0.551181,B3,left
10.806283,329.627557,0.352447,0.551181,E4,right
10.934255,130.812783,0.446853,0.543307,C3,left
10.934255,391.995436,0.352447,0.535433,G4,right
11.158730,246.941651,0.478321,0.535433,B3,left
11.158730,329.627557,0.511888,0.559055,E4,right
11.286702,391.995436,0.318881,0.551181,G4,right
11.381108,130.812783,0.383916,0.543307,C3,left
11.605583,61.735413,0.159440,0.480315,B1,left
11.605583,123.470825,0.190909,0.519685,B2,left
11.605583,311.126984,0.704894,0.551181,D#4,right
11.605583,391.995436,0.190909,0.535433,G4,right
11.637051,246.941651,0.320979,0.511811,B3,left
11.765023,440.000000,0.320979,0.551181,A4,right
11.863624,123.470825,0.927272,0.559055,B2,left
11.958030,246.941651,0.352447,0.535433,B3,left
11.958030,391.995436,0.352447,0.543307,G4,right
12.086002,440.000000,0.704894,0.535433,A4,right
12.310477,246.941651,0.352447,0.519685,B3,left
12.310477,311.126984,0.383916,0.519685,D#4,right
12.310477,391.995436,0.352447,0.527559,G4,right
12.438449,61.735413,0.543356,0.503937,B1,left
12.662924,246.941651,0.350349,0.527559,B3,left
12.662924,391.995436,0.350349,0.535433,G4,right
12.694393,311.126984,0.832866,0.480315,D#4,right
12.790896,123.470825,0.446853,0.527559,B2,left
12.790896,440.000000,0.352447,0.527559,A4,right
12.981805,61.735413,0.576923,0.527559,B1,left
13.013274,246.941651,0.513985,0.535433,B3,left
13.013274,391.995436,0.545454,0.543307,G4,right
13.143344,440.000000,0.700699,0.527559,A4,right
13.237749,123.470825,0.383916,0.527559,B2,left
13.462224,82.406889,0.511888,0.527559,E2,left
13.462224,293.664768,0.381818,0.543307,D4,right
13.462224,369.994423,0.381818,0.559055,F#4,right
13.621665,493.883301,0.352447,0.535433,B4,right
13.718168,164.813778,0.927272,0.566929,E3,left
13.844042,293.664768,0.352447,0.496063,D4,right
13.844042,369.994423,0.352447,0.519685,F#4,right
13.844042,440.000000,0.320979,0.519685,A4,right
13.974112,82.406889,0.222377,0.496063,E2,left
13.974112,493.883301,0.320979,0.527559,B4,right
14.165021,440.000000,0.352447,0.535433,A4,right
14.196489,82.406889,0.098601,0.503937,E2,left
14.196489,293.664768,0.320979,0.527559,D4,right
14.196489,369.994423,0.320979,0.535433,F#4,right
14.295091,82.406889,0.574825,0.496063,E2,left
14.295091,493.883301,0.350349,0.535433,B4,right
14.517468,293.664768,0.830768,0.511811,D4,right
14.517468,369.994423,0.992307,0.535433,F#4,right
14.517468,440.000000,1.663635,0.543307,A4,right
14.645440,164.813778,0.448951,0.559055,E3,left
14.645440,493.883301,0.736363,0.535433,B4,right
0.100699,82.406889,0.255944,0.511811,E2,left
0.325175,164.813778,0.318881,0.582677,E3,left
0.325175,329.627557,0.253846,0.566929,E4,right
0.356643,82.406889,0.287412,0.464567,E2,left
0.547552,73.416192,0.480419,0.496063,D2,left
0.547552,349.228231,0.927272,0.551181,F4,right
0.547552,523.251131,0.065035,0.559055,C5,right
0.547552,659.255114,0.258042,0.590551,E5,right
0.774125,146.832384,0.478321,0.496063,D3,left
1.027971,73.416192,0.736363,0.511811,D2,left
1.027971,587.329536,0.224475,0.551181,D5,right
1.252446,146.832384,0.222377,0.480315,D3,left
1.252446,587.329536,0.383916,0.543307,D5,right
1.348950,48.999429,0.604195,0.496063,G1,left
1.380418,97.998859,0.320979,0.496063,G2,left
1.474824,293.664768,0.952447,0.527559,D4,right
1.474824,349.228231,0.694405,0.551181,F4,right
1.474824,391.995436,0.694405,0.535433,G4,right
1.474824,493.883301,2.752445,0.559055,B4,right
1.701397,97.998859,0.375524,0.551181,G2,left
1.953145,48.999429,0.505594,0.480315,G1,left
1.953145,440.000000,0.474125,0.535433,A4,right
2.169229,97.998859,0.258042,0.527559,G2,left
2.169229,391.995436,0.289510,0.543307,G4,right
2.393704,65.406391,0.480419,0.511811,C2,left
2.393704,246.941651,1.865033,0.551181,B3,left
2.393704,329.627557,0.255944,0.598425,E4,right
2.649648,130.812783,0.453146,0.551181,C3,left
2.649648,329.627557,0.224475,0.543307,E4,right
2.874123,65.406391,0.360839,0.496063,C2,left
2.874123,329.627557,0.360839,0.503937,E4,right
3.102794,130.812783,0.455244,0.559055,C3,left
3.234962,65.406391,0.545454,0.488189,C2,left
3.234962,329.627557,0.323077,0.503937,E4,right
3.329367,440.000000,0.897901,0.543307,A4,right
3.558038,130.812783,0.478321,0.543307,C3,left
3.558038,329.627557,0.222377,0.535433,E4,right
3.780416,65.406391,0.576923,0.496063,C2,left
3.780416,329.627557,0.576923,0.511811,E4,right
3.780416,587.329536,0.478321,0.543307,D5,right
4.036360,130.812783,0.258042,0.559055,C3,left
4.227269,369.994423,0.482517,0.559055,F#4,right
4.227269,493.883301,1.464334,0.543307,B4,right
4.258737,61.735413,0.482517,0.480315,B1,left
4.258737,311.126984,0.482517,0.559055,D#4,right
4.485310,123.470825,0.608391,0.559055,B2,left
4.709785,369.994423,0.350349,0.559055,F#4,right
4.741254,61.735413,0.318881,0.511811,B1,left
4.741254,311.126984,0.318881,0.527559,D#4,right
5.060135,61.735413,0.570629,0.472441,B1,left
5.060135,311.126984,0.352447,0.519685,D#4,right
5.060135,369.994423,0.352447,0.488189,F#4,right
5.093701,123.470825,0.318881,0.503937,B2,left
5.190205,440.000000,0.916782,0.551181,A4,right
5.412582,123.470825,0.249650,0.511811,B2,left
5.412582,311.126984,0.249650,0.519685,D#4,right
5.412582,369.994423,0.249650,0.519685,F#4,right
5.630764,61.735413,0.570629,0.511811,B1,left
5.630764,587.329536,0.763636,0.543307,D5,right
5.662232,123.470825,0.060839,0.511811,B2,left
5.662232,311.126984,0.476223,0.519685,D#4,right
5.662232,369.994423,0.444755,0.496063,F#4,right
5.848945,123.470825,0.289510,0.559055,B2,left
6.106987,82.406889,0.482517,0.511811,E2,left
6.106987,293.664768,0.482517,0.590551,D4,right
6.106987,369.994423,0.224475,0.535433,F#4,right
6.331462,369.994423,0.258042,0.543307,F#4,right
6.362931,164.813778,0.461538,0.574803,E3,left
6.589504,82.406889,0.367132,0.496063,E2,left
6.589504,293.664768,0.367132,0.456693,D4,right
6.589504,369.994423,0.335664,0.559055,F#4,right
6.824469,164.813778,0.455244,0.559055,E3,left
6.925168,369.994423,0.354545,0.519685,F#4,right
6.956636,82.406889,0.226573,0.511811,E2,left
6.956636,293.664768,1.048950,0.480315,D4,right
7.055238,440.000000,0.918880,0.519685,A4,right
7.183210,82.406889,0.096503,0.488189,E2,left
7.279713,82.406889,0.249650,0.511811,E2,left
7.279713,164.813778,0.467832,0.535433,E3,left
7.279713,369.994423,0.218182,0.519685,F#4,right
7.497895,369.994423,1.638460,0.574803,F#4,right
7.497895,493.883301,0.507692,0.543307,B4,right
7.529363,82.406889,0.476223,0.503937,E2,left
7.747545,164.813778,0.289510,0.559055,E3,left
7.940551,261.625565,0.480419,0.559055,C4,right
7.974118,73.416192,0.094406,0.519685,D2,left
7.974118,329.627557,0.446853,0.598425,E4,right
7.974118,440.000000,0.700699,0.551181,A4,right
8.196495,146.832384,0.478321,0.488189,D3,left
8.420971,73.416192,0.551748,0.519685,D2,left
8.420971,261.625565,1.571327,0.574803,C4,right
8.420971,329.627557,0.486713,0.543307,E4,right
8.674817,146.832384,0.329370,0.480315,D3,left
8.775516,48.999429,0.132168,0.511811,G1,left
8.907683,246.941651,1.271327,0.543307,B3,left
8.907683,329.627557,0.893705,0.511811,E4,right
8.972718,48.999429,0.386014,0.425197,G1,left
9.136355,97.998859,0.285314,0.535433,G2,left
9.358732,48.999429,0.539160,0.519685,G1,left
9.358732,369.994423,0.442657,0.543307,F#4,right
9.358732,493.883301,0.096503,0.488189,B4,right
9.583207,97.998859,0.281119,0.535433,G2,left
9.801389,65.406391,0.507692,0.496063,C2,left
9.801389,329.627557,0.377622,0.566929,E4,right
9.801389,369.994423,0.730069,0.559055,F#4,right
9.958731,391.995436,0.350349,0.551181,G4,right
10.053137,130.812783,1.374124,0.543307,C3,left
10.179011,246.941651,0.352447,0.527559,B3,left
10.179011,329.627557,0.320979,0.566929,E4,right
10.309081,65.406391,0.318881,0.527559,C2,left
10.309081,391.995436,0.318881,0.535433,G4,right
10.499989,329.627557,0.352447,0.559055,E4,right
10.531458,246.941651,0.320979,0.535433,B3,left
10.531458,369.994423,1.185314,0.535433,F#4,right
10.627961,65.406391,1.888110,0.519685,C2,left
10.627961,391.995436,0.352447,0.543307,G4,right
10.852437,246.941651,0.352447,0.543307,B3,left
10.852437,329.627557,0.352447,0.559055,E4,right
10.980409,391.995436,0.352447,0.535433,G4,right
11.204884,246.941651,0.799300,0.535433,B3,left
11.204884,329.627557,0.511888,0.551181,E4,right
11.332856,391.995436,0.318881,0.559055,G4,right
11.427261,130.812783,0.383916,0.551181,C3,left
11.651737,61.735413,0.480419,0.480315,B1,left
11.651737,123.470825,0.096503,0.527559,B2,left
11.651737,311.126984,0.704894,0.559055,D#4,right
11.651737,391.995436,0.352447,0.535433,G4,right
11.811177,440.000000,1.027971,0.559055,A4,right
11.909778,123.470825,0.929370,0.559055,B2,left
12.004184,246.941651,0.352447,0.527559,B3,left
12.004184,391.995436,0.352447,0.535433,G4,right
12.132156,61.735413,0.352447,0.496063,B1,left
12.356631,246.941651,0.352447,0.527559,B3,left
12.356631,311.126984,0.383916,0.519685,D#4,right
12.356631,391.995436,0.352447,0.527559,G4,right
12.484603,61.735413,0.551748,0.503937,B1,left
12.709078,246.941651,0.358741,0.519685,B3,left
12.709078,391.995436,0.358741,0.543307,G4,right
12.740547,311.126984,0.843356,0.488189,D#4,right
12.839148,440.000000,0.360839,0.543307,A4,right
13.036351,61.735413,0.610489,0.519685,B1,left
13.067819,246.941651,0.516083,0.535433,B3,left
13.067819,391.995436,0.516083,0.543307,G4,right
13.199987,440.000000,0.702797,0.511811,A4,right
13.294392,123.470825,0.352447,0.527559,B2,left
13.520966,82.406889,0.507692,0.527559,E2,left
13.520966,293.664768,0.381818,0.519685,D4,right
13.520966,369.994423,0.381818,0.535433,F#4,right
13.678308,493.883301,0.350349,0.535433,B4,right
13.774811,164.813778,0.918880,0.582677,E3,left
13.902783,293.664768,0.346154,0.503937,D4,right
13.902783,369.994423,0.312587,0.511811,F#4,right
13.902783,440.000000,0.312587,0.527559,A4,right
14.028657,82.406889,0.220280,0.496063,E2,left
14.028657,493.883301,0.314685,0.535433,B4,right
14.215370,369.994423,0.348251,0.535433,F#4,right
14.215370,440.000000,0.348251,0.543307,A4,right
14.248937,82.406889,0.667132,0.488189,E2,left
14.248937,293.664768,0.314685,0.519685,D4,right
14.343342,493.883301,0.350349,0.543307,B4,right
14.563622,293.664768,0.832866,0.519685,D4,right
14.563622,369.994423,0.960838,0.535433,F#4,right
14.563622,440.000000,1.695103,0.527559,A4,right
14.693692,164.813778,0.446853,0.566929,E3,left
14.693692,493.883301,0.702797,0.543307,B4,right
0.146853,82.406889,0.258042,0.496063,E2,left
0.371328,164.813778,0.255944,0.574803,E3,left
0.371328,329.627557,0.224475,0.559055,E4,right
0.404895,82.406889,0.222377,0.464567,E2,left
0.595804,73.416192,0.478321,0.480315,D2,left
0.595804,349.228231,0.929370,0.559055,F4,right
0.595804,523.251131,0.478321,0.566929,C5,right
0.595804,659.255114,0.224475,0.590551,E5,right
0.820279,146.832384,0.478321,0.496063,D3,left
1.074125,73.416192,0.482517,0.511811,D2,left
1.074125,587.329536,0.224475,0.543307,D5,right
1.298600,146.832384,0.226573,0.480315,D3,left
1.298600,587.329536,0.352447,0.543307,D5,right
1.426572,48.999429,0.576923,0.496063,G1,left
1.426572,97.998859,0.352447,0.488189,G2,left
1.525173,293.664768,0.958740,0.511811,D4,right
1.525173,349.228231,0.446853,0.535433,F4,right
1.525173,391.995436,0.700699,0.527559,G4,right
1.525173,493.883301,1.401397,0.559055,B4,right
1.779019,97.998859,0.352447,0.566929,G2,left
2.003494,48.999429,0.511888,0.472441,G1,left
2.003494,440.000000,0.480419,0.535433,A4,right
2.225872,97.998859,0.161538,0.543307,G2,left
2.225872,391.995436,1.174824,0.551181,G4,right
2.420977,65.406391,0.505594,0.519685,C2,left
2.420977,329.627557,1.042656,0.590551,E4,right
2.706291,130.812783,0.440559,0.566929,C3,left
2.926570,65.406391,0.474125,0.511811,C2,left
2.926570,493.883301,1.241957,0.519685,B4,right
3.146850,130.812783,0.253846,0.559055,C3,left
3.241255,73.416192,0.253846,0.527559,D2,left
3.369227,369.994423,0.960838,0.566929,F#4,right
3.369227,440.000000,0.478321,0.582677,A4,right
3.495101,73.416192,0.320979,0.527559,D2,left
3.593703,146.832384,0.446853,0.519685,D3,left
3.816080,73.416192,0.255944,0.511811,D2,left
3.847549,440.000000,0.482517,0.519685,A4,right
4.040555,146.832384,0.255944,0.511811,D3,left
4.040555,587.329536,1.185314,0.551181,D5,right
4.072024,73.416192,0.258042,0.456693,D2,left
4.265031,493.883301,0.480419,0.574803,B4,right
4.296499,82.406889,0.480419,0.503937,E2,left
4.296499,293.664768,0.929370,0.543307,D4,right
4.296499,391.995436,0.929370,0.519685,G4,right
4.552443,164.813778,0.446853,0.559055,E3,left
4.745450,493.883301,0.543356,0.519685,B4,right
4.776918,82.406889,0.448951,0.488189,E2,left
4.999296,164.813778,0.226573,0.566929,E3,left
5.064331,61.735413,0.193007,0.503937,B1,left
5.225869,293.664768,0.937761,0.574803,D4,right
5.225869,369.994423,0.937761,0.559055,F#4,right
5.225869,440.000000,0.094406,0.551181,A4,right
5.450344,61.735413,0.228671,0.503937,B1,left
5.450344,123.470825,0.065035,0.566929,B2,left
5.679015,61.735413,0.516083,0.511811,B1,left
5.679015,440.000000,0.484615,0.503937,A4,right
5.905588,587.329536,0.258042,0.535433,D5,right
5.941253,123.470825,0.253846,0.527559,B2,left
6.132162,65.406391,0.478321,0.535433,C2,left
6.132162,329.627557,0.958740,0.582677,E4,right
6.132162,391.995436,0.958740,0.519685,G4,right
6.132162,493.883301,0.478321,0.574803,B4,right
6.388105,130.812783,0.446853,0.574803,C3,left
6.610483,65.406391,0.448951,0.527559,C2,left
6.610483,493.883301,1.399299,0.511811,B4,right
6.834958,130.812783,0.480419,0.551181,C3,left
6.962930,73.416192,0.161538,0.519685,D2,left
7.059434,261.625565,1.013286,0.551181,C4,right
7.090902,329.627557,0.130070,0.606299,E4,right
7.187405,73.416192,0.314685,0.519685,D2,left
7.220972,329.627557,0.094406,0.551181,E4,right
7.315377,329.627557,0.220280,0.535433,E4,right
7.502090,73.416192,0.251748,0.519685,D2,left
7.535657,329.627557,0.505594,0.519685,E4,right
7.753838,73.416192,0.287412,0.472441,D2,left
7.753838,146.832384,0.255944,0.480315,D3,left
7.753838,369.994423,0.318881,0.559055,F#4,right
7.978314,246.941651,1.458041,0.551181,B3,left
7.978314,293.664768,0.715384,0.551181,D4,right
7.978314,391.995436,1.074125,0.543307,G4,right
8.009782,82.406889,0.226573,0.503937,E2,left
8.236355,82.406889,0.230769,0.519685,E2,left
8.236355,164.813778,0.493006,0.551181,E3,left
8.236355,369.994423,0.914684,0.543307,F#4,right
8.467124,82.406889,0.457342,0.480315,E2,left
8.467124,329.627557,0.457342,0.527559,E4,right
8.693698,293.664768,0.776223,0.535433,D4,right
8.729362,164.813778,0.706992,0.559055,E3,left
8.924467,82.406889,0.545454,0.480315,E2,left
8.924467,329.627557,0.576923,0.519685,E4,right
9.820270,65.406391,0.507692,0.535433,C2,left
9.820270,587.329536,0.258042,0.551181,D5,right
9.820270,783.990872,0.258042,0.574803,G5,right
10.078312,130.812783,0.469930,0.535433,C3,left
10.078312,587.329536,0.249650,0.551181,D5,right
10.078312,783.990872,0.249650,0.582677,G5,right
10.327962,65.406391,0.314685,0.519685,C2,left
10.327962,587.329536,0.220280,0.543307,D5,right
10.327962,783.990872,0.444755,0.566929,G5,right
10.548241,130.812783,0.478321,0.535433,C3,left
10.548241,587.329536,0.224475,0.519685,D5,right
10.548241,739.988845,1.151747,0.590551,F#5,right
10.642647,65.406391,0.224475,0.519685,C2,left
10.772717,587.329536,0.222377,0.527559,D5,right
10.772717,783.990872,0.352447,0.590551,G5,right
10.867122,65.406391,0.352447,0.496063,C2,left
10.995094,587.329536,0.673426,0.582677,D5,right
10.995094,880.000000,0.608391,0.590551,A5,right
11.026562,130.812783,0.448951,0.551181,C3,left
11.125164,783.990872,0.543356,0.574803,G5,right
11.219569,65.406391,0.448951,0.551181,C2,left
11.475513,130.812783,0.448951,0.574803,C3,left
11.668520,65.406391,0.478321,0.488189,C2,left
11.668520,587.329536,0.255944,0.519685,D5,right
11.668520,783.990872,0.255944,0.543307,G5,right
11.924464,130.812783,0.480419,0.559055,C3,left
11.924464,587.329536,0.222377,0.559055,D5,right
11.924464,783.990872,0.222377,0.582677,G5,right
12.146841,65.406391,0.927272,0.519685,C2,left
12.146841,587.329536,0.258042,0.535433,D5,right
12.146841,783.990872,0.480419,0.566929,G5,right
12.371316,739.988845,1.153845,0.598425,F#5,right
12.404883,130.812783,0.446853,0.543307,C3,left
12.404883,587.329536,0.222377,0.543307,D5,right
12.627260,587.329536,0.224475,0.519685,D5,right
12.627260,783.990872,0.352447,0.598425,G5,right
12.851735,130.812783,0.446853,0.559055,C3,left
12.851735,587.329536,1.374124,0.582677,D5,right
12.851735,880.000000,0.927272,0.590551,A5,right
12.979707,783.990872,0.608391,0.566929,G5,right
13.074113,65.406391,0.513985,0.535433,C2,left
13.298588,130.812783,0.320979,0.566929,C3,left
13.525161,61.735413,0.478321,0.503937,B1,left
13.525161,440.000000,0.253846,0.574803,A4,right
13.525161,739.988845,0.253846,0.574803,F#5,right
13.779007,123.470825,0.096503,0.559055,B2,left
13.779007,440.000000,0.289510,0.511811,A4,right
13.779007,739.988845,0.224475,0.582677,F#5,right
14.003482,61.735413,0.702797,0.527559,B1,left
14.003482,739.988845,0.448951,0.582677,F#5,right
14.068517,440.000000,0.383916,0.464567,A4,right
14.225860,587.329536,1.164335,0.535433,D5,right
14.452433,440.000000,0.709090,0.543307,A4,right
14.452433,739.988845,0.352447,0.582677,F#5,right
14.706279,61.735413,0.224475,0.511811,B1,left
14.706279,783.990872,0.130070,0.590551,G5,right
0.035664,739.988845,0.679720,0.582677,F#5,right
0.161538,61.735413,0.553846,0.496063,B1,left
0.392307,123.470825,0.098601,0.551181,B2,left
0.620978,82.406889,0.503496,0.551181,E2,left
0.620978,587.329536,0.255944,0.519685,D5,right
0.620978,783.990872,0.255944,0.551181,G5,right
0.876922,164.813778,0.469930,0.566929,E3,left
0.876922,587.329536,0.247552,0.519685,D5,right
0.876922,783.990872,0.218182,0.566929,G5,right
1.095104,783.990872,0.442657,0.559055,G5,right
1.124474,82.406889,0.348251,0.511811,E2,left
1.124474,587.329536,0.222377,0.527559,D5,right
1.313285,739.988845,1.185314,0.574803,F#5,right
1.346852,164.813778,0.446853,0.543307,E3,left
1.346852,587.329536,0.224475,0.535433,D5,right
1.472726,82.406889,0.193007,0.503937,E2,left
1.537761,783.990872,0.352447,0.574803,G5,right
1.571327,587.329536,0.222377,0.519685,D5,right
1.665733,82.406889,0.127972,0.488189,E2,left
1.793704,82.406889,0.224475,0.480315,E2,left
1.793704,164.813778,0.480419,0.527559,E3,left
1.793704,587.329536,0.673426,0.527559,D5,right
1.793704,880.000000,0.736363,0.574803,A5,right
1.890208,783.990872,0.830768,0.559055,G5,right
2.018180,82.406889,0.543356,0.496063,E2,left
2.274124,164.813778,0.255944,0.543307,E3,left
2.467130,65.406391,0.478321,0.527559,C2,left
2.467130,587.329536,0.253846,0.511811,D5,right
2.720976,130.812783,0.451049,0.551181,C3,left
2.720976,587.329536,0.224475,0.559055,D5,right
2.720976,783.990872,0.224475,0.582677,G5,right
2.945452,65.406391,0.352447,0.527559,C2,left
2.945452,587.329536,0.226573,0.543307,D5,right
2.945452,783.990872,0.480419,0.566929,G5,right
3.172025,130.812783,0.346154,0.535433,C3,left
3.172025,587.329536,0.253846,0.527559,D5,right
3.172025,739.988845,1.663635,0.590551,F#5,right
3.297899,65.406391,0.564335,0.527559,C2,left
3.425871,587.329536,0.220280,0.519685,D5,right
3.425871,783.990872,0.312587,0.590551,G5,right
3.518178,130.812783,0.127972,0.519685,C3,left
3.646150,130.812783,0.442657,0.551181,C3,left
3.646150,587.329536,0.667132,0.582677,D5,right
3.646150,880.000000,0.568531,0.590551,A5,right
3.738458,783.990872,0.574825,0.566929,G5,right
3.862234,65.406391,0.451049,0.535433,C2,left
4.088807,130.812783,0.486713,0.582677,C3,left
4.313282,65.406391,0.488811,0.527559,C2,left
4.313282,587.329536,0.262238,0.527559,D5,right
4.313282,783.990872,0.262238,0.566929,G5,right
4.575520,130.812783,0.451049,0.551181,C3,left
4.575520,587.329536,0.226573,0.559055,D5,right
4.575520,783.990872,0.226573,0.574803,G5,right
4.802093,65.406391,0.352447,0.503937,C2,left
4.802093,587.329536,0.224475,0.535433,D5,right
4.802093,783.990872,0.448951,0.566929,G5,right
5.026568,130.812783,0.352447,0.527559,C3,left
5.026568,587.329536,0.224475,0.519685,D5,right
5.026568,739.988845,1.141258,0.590551,F#5,right
5.154540,65.406391,0.224475,0.511811,C2,left
5.251044,587.329536,0.222377,0.535433,D5,right
5.251044,783.990872,0.350349,0.590551,G5,right
5.379016,65.406391,0.344056,0.488189,C2,left
5.379016,130.812783,0.125874,0.511811,C3,left
5.473421,587.329536,1.369929,0.574803,D5,right
5.473421,880.000000,0.853845,0.590551,A5,right
5.504890,130.812783,0.440559,0.551181,C3,left
5.601393,783.990872,0.629370,0.566929,G5,right
5.723071,65.406391,0.539160,0.519685,C2,left
5.945449,130.812783,0.350349,0.574803,C3,left
6.167826,61.735413,0.478321,0.527559,B1,left
6.167826,440.000000,0.159440,0.535433,A4,right
6.167826,739.988845,0.224475,0.598425,F#5,right
6.392301,123.470825,0.253846,0.543307,B2,left
6.392301,739.988845,0.253846,0.574803,F#5,right
6.423770,440.000000,0.255944,0.519685,A4,right
6.646147,61.735413,0.228671,0.503937,B1,left
6.646147,739.988845,0.457342,0.574803,F#5,right
6.679714,440.000000,0.195105,0.496063,A4,right
6.843350,587.329536,1.191607,0.519685,D5,right
6.874818,61.735413,0.455244,0.503937,B1,left
6.874818,440.000000,0.228671,0.496063,A4,right
7.103489,440.000000,0.258042,0.543307,A4,right
7.103489,739.988845,0.354545,0.590551,F#5,right
7.330063,61.735413,0.224475,0.519685,B1,left
7.330063,783.990872,0.127972,0.590551,G5,right
7.361531,440.000000,0.417482,0.511811,A4,right
7.458035,739.988845,0.830768,0.582677,F#5,right
7.554538,61.735413,0.574825,0.503937,B1,left
7.810482,123.470825,0.062937,0.543307,B2,left
8.034957,82.406889,0.478321,0.535433,E2,left
8.034957,587.329536,0.253846,0.511811,D5,right
8.034957,783.990872,0.253846,0.551181,G5,right
8.288803,164.813778,0.448951,0.574803,E3,left
8.288803,587.329536,0.224475,0.527559,D5,right
8.288803,783.990872,0.224475,0.574803,G5,right
8.513278,82.406889,0.352447,0.511811,E2,left
8.513278,587.329536,0.224475,0.527559,D5,right
8.513278,783.990872,0.448951,0.566929,G5,right
8.737753,164.813778,0.480419,0.543307,E3,left
8.737753,587.329536,0.255944,0.535433,D5,right
8.737753,739.988845,1.162237,0.574803,F#5,right
8.865725,82.406889,0.224475,0.488189,E2,left
8.962229,783.990872,0.354545,0.582677,G5,right
8.993697,587.329536,0.193007,0.527559,D5,right
9.090201,82.406889,0.096503,0.488189,E2,left
9.186704,82.406889,0.260140,0.496063,E2,left
9.186704,587.329536,0.681817,0.535433,D5,right
9.186704,880.000000,0.713286,0.582677,A5,right
9.218173,164.813778,0.459440,0.527559,E3,left
9.316774,783.990872,0.583216,0.551181,G5,right
9.446844,82.406889,0.262238,0.488189,E2,left
9.677613,164.813778,0.253846,0.543307,E3,left
9.709081,82.406889,0.255944,0.480315,E2,left
9.868522,130.812783,0.478321,0.535433,C3,left
9.868522,587.329536,0.255944,0.503937,D5,right
9.899990,783.990872,0.224475,0.527559,G5,right
10.124465,261.625565,0.448951,0.559055,C4,right
10.124465,587.329536,0.222377,0.535433,D5,right
10.124465,783.990872,0.222377,0.574803,G5,right
10.346843,130.812783,0.350349,0.566929,C3,left
10.346843,587.329536,0.226573,0.535433,D5,right
10.346843,783.990872,0.318881,0.574803,G5,right
10.573416,261.625565,0.467832,0.574803,C4,right
10.573416,587.329536,0.249650,0.535433,D5,right
10.573416,739.988845,0.310489,0.582677,F#5,right
10.697192,130.812783,0.218182,0.566929,C3,left
10.823066,587.329536,0.218182,0.543307,D5,right
10.823066,783.990872,0.348251,0.590551,G5,right
10.915374,130.812783,0.350349,0.496063,C3,left
11.041248,261.625565,0.448951,0.559055,C4,right
11.041248,587.329536,0.673426,0.551181,D5,right
11.041248,880.000000,0.704894,0.590551,A5,right
11.171317,783.990872,0.415384,0.559055,G5,right
11.265723,130.812783,0.448951,0.559055,C3,left
11.490198,261.625565,0.480419,0.566929,C4,right
11.714674,130.812783,0.478321,0.543307,C3,left
11.714674,587.329536,0.255944,0.503937,D5,right
11.714674,783.990872,0.255944,0.527559,G5,right
11.970617,261.625565,0.448951,0.566929,C4,right
11.970617,587.329536,0.222377,0.535433,D5,right
11.970617,783.990872,0.222377,0.574803,G5,right
12.192995,130.812783,0.352447,0.559055,C3,left
12.192995,587.329536,0.226573,0.543307,D5,right
12.192995,783.990872,0.320979,0.582677,G5,right
12.419568,261.625565,0.285314,0.574803,C4,right
12.419568,587.329536,0.253846,0.535433,D5,right
12.419568,739.988845,0.285314,0.582677,F#5,right
12.545442,130.812783,0.224475,0.566929,C3,left
12.673414,587.329536,0.216084,0.535433,D5,right
12.673414,783.990872,0.127972,0.590551,G5,right
12.769917,130.812783,0.331468,0.488189,C3,left
12.860127,880.000000,0.723776,0.590551,A5,right
12.889498,261.625565,0.469930,0.566929,C4,right
12.889498,587.329536,0.822377,0.551181,D5,right
13.011176,783.990872,0.411188,0.551181,G5,right
13.101385,130.812783,0.352447,0.559055,C3,left
13.359427,261.625565,0.320979,0.582677,C4,right
13.552434,123.470825,0.285314,0.566929,B2,left
13.583902,440.000000,0.222377,0.566929,A4,right
13.583902,739.988845,0.448951,0.559055,F#5,right
13.806280,246.941651,0.480419,0.559055,B3,left
13.806280,440.000000,0.130070,0.551181,A4,right
14.032853,123.470825,0.350349,0.543307,B2,left
14.032853,440.000000,0.476223,0.551181,A4,right
14.032853,739.988845,0.476223,0.566929,F#5,right
14.286699,246.941651,0.446853,0.535433,B3,left
14.286699,587.329536,0.570629,0.574803,D5,right
14.383202,123.470825,0.222377,0.551181,B2,left
14.509076,440.000000,0.224475,0.543307,A4,right
14.509076,739.988845,0.316783,0.566929,F#5,right
14.605580,123.470825,0.190909,0.519685,B2,left
14.733552,246.941651,0.440559,0.543307,B3,left
14.733552,440.000000,0.566433,0.543307,A4,right
14.733552,783.990872,0.694405,0.559055,G5,right
0.056643,739.988845,0.633566,0.582677,F#5,right
0.182517,123.470825,0.285314,0.543307,B2,left
0.404895,246.941651,0.316783,0.535433,B3,left
0.658741,164.813778,0.482517,0.559055,E3,left
0.658741,587.329536,0.224475,0.543307,D5,right
0.658741,783.990872,0.224475,0.574803,G5,right
0.883216,587.329536,0.258042,0.511811,D5,right
0.883216,783.990872,0.258042,0.566929,G5,right
0.914684,329.627557,0.937761,0.574803,E4,right
1.141258,164.813778,0.358741,0.574803,E3,left
1.141258,587.329536,0.199300,0.519685,D5,right
1.141258,783.990872,0.457342,0.582677,G5,right
1.340558,587.329536,0.258042,0.559055,D5,right
1.372027,739.988845,0.386014,0.590551,F#5,right
1.499999,164.813778,0.585314,0.559055,E3,left
1.598600,587.329536,0.222377,0.527559,D5,right
1.598600,783.990872,0.127972,0.582677,G5,right
1.820977,587.329536,0.681817,0.566929,D5,right
1.820977,880.000000,0.264335,0.614173,A5,right
1.852446,329.627557,0.457342,0.566929,E4,right
1.951047,783.990872,0.455244,0.559055,G5,right
2.085313,164.813778,0.354545,0.574803,E3,left
2.309788,329.627557,0.673426,0.590551,E4,right
2.502795,130.812783,0.480419,0.535433,C3,left
2.502795,587.329536,0.253846,0.519685,D5,right
2.502795,783.990872,0.383916,0.543307,G5,right
2.756641,587.329536,0.226573,0.535433,D5,right
2.792305,261.625565,0.446853,0.574803,C4,right
2.983214,130.812783,0.348251,0.559055,C3,left
2.983214,587.329536,0.224475,0.535433,D5,right
2.983214,783.990872,0.472027,0.574803,G5,right
3.207689,587.329536,0.247552,0.543307,D5,right
3.207689,739.988845,0.597901,0.590551,F#5,right
3.239158,261.625565,0.472027,0.574803,C4,right
3.331465,130.812783,0.218182,0.559055,C3,left
3.455241,587.329536,0.222377,0.543307,D5,right
3.455241,783.990872,0.127972,0.598425,G5,right
3.549647,130.812783,0.383916,0.496063,C3,left
3.677619,587.329536,0.671328,0.543307,D5,right
3.677619,880.000000,0.704894,0.590551,A5,right
3.711185,261.625565,0.446853,0.559055,C4,right
3.805591,783.990872,0.415384,0.559055,G5,right
3.933562,130.812783,0.415384,0.559055,C3,left
4.158038,261.625565,0.480419,0.582677,C4,right
4.348947,130.812783,0.482517,0.535433,C3,left
4.348947,587.329536,0.255944,0.503937,D5,right
4.348947,783.990872,0.482517,0.535433,G5,right
4.604891,587.329536,0.226573,0.535433,D5,right
4.638457,261.625565,0.444755,0.574803,C4,right
4.831464,130.812783,0.350349,0.559055,C3,left
4.831464,587.329536,0.220280,0.543307,D5,right
4.831464,783.990872,0.350349,0.574803,G5,right
5.051743,587.329536,0.251748,0.535433,D5,right
5.051743,739.988845,0.346154,0.582677,F#5,right
5.083212,261.625565,0.438461,0.574803,C4,right
5.181813,130.812783,0.216084,0.559055,C3,left
5.303491,587.329536,0.218182,0.527559,D5,right
5.303491,783.990872,0.123776,0.590551,G5,right
5.397897,130.812783,0.350349,0.496063,C3,left
5.521673,261.625565,0.453146,0.559055,C4,right
5.521673,587.329536,0.939859,0.551181,D5,right
5.521673,880.000000,0.549650,0.590551,A5,right
5.620274,783.990872,0.190909,0.551181,G5,right
5.748246,130.812783,0.486713,0.559055,C3,left
5.974819,261.625565,0.390209,0.574803,C4,right
6.203490,123.470825,0.258042,0.566929,B2,left
6.203490,440.000000,0.127972,0.574803,A4,right
6.234959,739.988845,0.451049,0.566929,F#5,right
6.461532,246.941651,0.448951,0.551181,B3,left
6.461532,440.000000,0.224475,0.535433,A4,right
6.652441,123.470825,0.386014,0.543307,B2,left
6.686007,440.000000,0.446853,0.543307,A4,right
6.686007,739.988845,0.446853,0.566929,F#5,right
6.910483,246.941651,0.478321,0.519685,B3,left
6.910483,587.329536,1.151747,0.574803,D5,right
7.038455,123.470825,0.224475,0.543307,B2,left
7.132860,440.000000,0.255944,0.535433,A4,right
7.132860,739.988845,0.352447,0.566929,F#5,right
7.262930,123.470825,0.159440,0.519685,B2,left
7.357335,783.990872,0.736363,0.566929,G5,right
7.388804,246.941651,0.448951,0.551181,B3,left
7.388804,440.000000,0.579020,0.543307,A4,right
7.485307,739.988845,0.608391,0.574803,F#5,right
7.583909,123.470825,0.285314,0.535433,B2,left
7.837754,246.941651,0.287412,0.551181,B3,left
8.062230,587.329536,0.222377,0.559055,D5,right
8.093698,164.813778,0.448951,0.559055,E3,left
8.093698,783.990872,0.222377,0.574803,G5,right
8.284607,587.329536,0.258042,0.519685,D5,right
8.316076,783.990872,0.226573,0.559055,G5,right
8.349642,329.627557,0.448951,0.574803,E4,right
8.542649,164.813778,0.352447,0.566929,E3,left
8.542649,587.329536,0.224475,0.527559,D5,right
8.542649,783.990872,0.478321,0.582677,G5,right
8.767124,587.329536,0.253846,0.559055,D5,right
8.767124,739.988845,0.446853,0.598425,F#5,right
8.798593,329.627557,0.895803,0.582677,E4,right
8.895096,164.813778,0.222377,0.574803,E3,left
9.020970,587.329536,0.226573,0.535433,D5,right
9.020970,783.990872,0.258042,0.590551,G5,right
9.117473,164.813778,0.352447,0.511811,E3,left
9.213977,880.000000,0.287412,0.614173,A5,right
9.247543,587.329536,0.669230,0.559055,D5,right
9.373417,783.990872,0.448951,0.559055,G5,right
9.469921,164.813778,0.513985,0.582677,E3,left
9.694396,329.627557,0.673426,0.574803,E4,right
9.916773,130.812783,0.482517,0.535433,C3,left
9.916773,587.329536,0.258042,0.511811,D5,right
9.916773,783.990872,0.383916,0.543307,G5,right
10.174815,261.625565,0.446853,0.574803,C4,right
10.174815,587.329536,0.224475,0.535433,D5,right
10.367822,783.990872,0.476223,0.559055,G5,right
10.399290,130.812783,0.350349,0.535433,C3,left
10.399290,587.329536,0.222377,0.535433,D5,right
10.621668,261.625565,0.474125,0.566929,C4,right
10.621668,587.329536,0.222377,0.527559,D5,right
10.621668,739.988845,0.568531,0.582677,F#5,right
10.749640,130.812783,0.222377,0.551181,C3,left
10.844045,587.329536,0.251748,0.511811,D5,right
10.844045,783.990872,0.127972,0.574803,G5,right
10.972017,130.812783,0.344056,0.480315,C3,left
11.095793,261.625565,0.442657,0.527559,C4,right
11.095793,587.329536,0.639860,0.519685,D5,right
11.095793,880.000000,0.772027,0.574803,A5,right
11.190199,783.990872,0.579020,0.551181,G5,right
11.316073,130.812783,0.453146,0.543307,C3,left
11.538450,261.625565,0.490909,0.551181,C4,right
11.735653,587.329536,0.486713,0.480315,D5,right
11.769219,130.812783,0.484615,0.503937,C3,left
11.769219,783.990872,0.453146,0.496063,G5,right
12.029359,261.625565,0.448951,0.543307,C4,right
12.222365,587.329536,0.255944,0.496063,D5,right
12.222365,783.990872,0.383916,0.559055,G5,right
12.253834,130.812783,0.352447,0.527559,C3,left
12.446841,739.988845,0.352447,0.574803,F#5,right
12.478309,261.625565,0.480419,0.551181,C4,right
12.478309,587.329536,0.222377,0.496063,D5,right
12.606281,130.812783,0.224475,0.535433,C3,left
12.700687,587.329536,0.224475,0.480315,D5,right
12.700687,783.990872,0.130070,0.566929,G5,right
12.830756,130.812783,0.352447,0.480315,C3,left
12.925162,587.329536,1.095104,0.503937,D5,right
12.925162,880.000000,0.713286,0.543307,A5,right
12.958728,261.625565,0.453146,0.543307,C4,right
13.053134,783.990872,0.421678,0.551181,G5,right
13.183204,130.812783,0.520279,0.488189,C3,left
13.411875,261.625565,0.386014,0.496063,C4,right
13.606979,123.470825,0.287412,0.448819,B2,left
13.606979,739.988845,0.253846,0.527559,F#5,right
13.669916,440.000000,0.065035,0.456693,A4,right
13.860825,246.941651,0.472027,0.496063,B3,left
13.860825,440.000000,0.253846,0.472441,A4,right
13.860825,739.988845,0.222377,0.519685,F#5,right
14.083203,123.470825,0.348251,0.440945,B2,left
14.083203,739.988845,0.474125,0.527559,F#5,right
14.114671,440.000000,0.442657,0.448819,A4,right
14.332853,246.941651,0.161538,0.464567,B3,left
14.431454,123.470825,0.222377,0.480315,B2,left
14.557328,440.000000,0.226573,0.456693,A4,right
14.557328,739.988845,0.323077,0.535433,F#5,right
14.653831,123.470825,0.226573,0.425197,B2,left
0.014685,440.000000,0.998600,0.480315,A4,right
0.014685,783.990872,0.677622,0.551181,G5,right
0.111189,739.988845,0.612587,0.535433,F#5,right
0.243356,123.470825,0.258042,0.472441,B2,left
0.469930,246.941651,0.253846,0.464567,B3,left
0.692307,164.813778,0.480419,0.433071,E3,left
0.692307,587.329536,0.258042,0.433071,D5,right
0.692307,783.990872,0.258042,0.503937,G5,right
0.950349,587.329536,0.222377,0.393701,D5,right
0.950349,783.990872,0.222377,0.472441,G5,right
0.981817,329.627557,0.415384,0.440945,E4,right
1.172726,164.813778,0.929370,0.417323,E3,left
1.172726,587.329536,0.224475,0.409449,D5,right
1.172726,783.990872,0.448951,0.480315,G5,right
1.397201,587.329536,0.255944,0.409449,D5,right
1.397201,739.988845,0.415384,0.503937,F#5,right
1.428670,329.627557,0.415384,0.472441,E4,right
1.621677,783.990872,0.383916,0.464567,G5,right
1.653145,587.329536,1.399299,0.401575,D5,right
1.844054,329.627557,0.476223,0.472441,E4,right
1.844054,880.000000,0.226573,0.503937,A5,right
2.005592,783.990872,0.566433,0.503937,G5,right
2.102096,164.813778,0.759440,0.393701,E3,left
2.320277,329.627557,0.732167,0.464567,E4,right
